Product Name, ID, Price,Thu Jun 15 2017 02:21:46 GMT+0000 (UTC),Thu Jun 15 2017 06:21:47 GMT+0000 (UTC),Thu Jun 15 2017 10:21:47 GMT+0000 (UTC),Thu Jun 15 2017 14:21:47 GMT+0000 (UTC),Thu Jun 15 2017 18:21:47 GMT+0000 (UTC),Thu Jun 15 2017 22:21:47 GMT+0000 (UTC),Fri Jun 16 2017 02:21:47 GMT+0000 (UTC),Fri Jun 16 2017 06:21:47 GMT+0000 (UTC),Fri Jun 16 2017 06:21:48 GMT+0000 (UTC),Fri Jun 16 2017 10:21:47 GMT+0000 (UTC),Fri Jun 16 2017 14:21:47 GMT+0000 (UTC),Fri Jun 16 2017 18:21:47 GMT+0000 (UTC),Fri Jun 16 2017 22:21:47 GMT+0000 (UTC),Sat Jun 17 2017 02:21:48 GMT+0000 (UTC),Sat Jun 17 2017 06:21:48 GMT+0000 (UTC),Sat Jun 17 2017 10:21:47 GMT+0000 (UTC),Sat Jun 17 2017 10:21:48 GMT+0000 (UTC),Sat Jun 17 2017 14:21:48 GMT+0000 (UTC),Sat Jun 17 2017 18:21:48 GMT+0000 (UTC),Sat Jun 17 2017 22:21:48 GMT+0000 (UTC),Sun Jun 18 2017 02:21:49 GMT+0000 (UTC),Sun Jun 18 2017 06:21:48 GMT+0000 (UTC),Sun Jun 18 2017 10:21:48 GMT+0000 (UTC),Sun Jun 18 2017 14:21:48 GMT+0000 (UTC),Sun Jun 18 2017 14:21:49 GMT+0000 (UTC),Sun Jun 18 2017 18:21:48 GMT+0000 (UTC),Sun Jun 18 2017 22:21:48 GMT+0000 (UTC),Mon Jun 19 2017 02:21:48 GMT+0000 (UTC),Mon Jun 19 2017 06:21:48 GMT+0000 (UTC),Mon Jun 19 2017 10:21:48 GMT+0000 (UTC),Mon Jun 19 2017 14:21:49 GMT+0000 (UTC),Mon Jun 19 2017 18:21:49 GMT+0000 (UTC),Mon Jun 19 2017 18:21:50 GMT+0000 (UTC),Mon Jun 19 2017 22:21:49 GMT+0000 (UTC),Tue Jun 20 2017 02:21:49 GMT+0000 (UTC),Tue Jun 20 2017 06:21:49 GMT+0000 (UTC),Tue Jun 20 2017 10:21:49 GMT+0000 (UTC),Tue Jun 20 2017 14:21:49 GMT+0000 (UTC),Tue Jun 20 2017 18:21:49 GMT+0000 (UTC),Tue Jun 20 2017 22:21:49 GMT+0000 (UTC),Tue Jun 20 2017 22:21:50 GMT+0000 (UTC),Wed Jun 21 2017 02:21:49 GMT+0000 (UTC),Wed Jun 21 2017 06:21:49 GMT+0000 (UTC),Wed Jun 21 2017 10:21:49 GMT+0000 (UTC),Wed Jun 21 2017 14:21:49 GMT+0000 (UTC),Wed Jun 21 2017 18:21:50 GMT+0000 (UTC),Wed Jun 21 2017 22:21:50 GMT+0000 (UTC),Thu Jun 22 2017 02:21:50 GMT+0000 (UTC),Thu Jun 22 2017 02:21:51 GMT+0000 (UTC),Thu Jun 22 2017 06:21:50 GMT+0000 (UTC),Thu Jun 22 2017 10:21:50 GMT+0000 (UTC),Thu Jun 22 2017 14:21:50 GMT+0000 (UTC),Thu Jun 22 2017 18:21:50 GMT+0000 (UTC),Thu Jun 22 2017 22:21:50 GMT+0000 (UTC),Fri Jun 23 2017 02:21:50 GMT+0000 (UTC),Fri Jun 23 2017 06:21:50 GMT+0000 (UTC),Fri Jun 23 2017 06:21:51 GMT+0000 (UTC),Fri Jun 23 2017 10:21:50 GMT+0000 (UTC),Fri Jun 23 2017 14:21:50 GMT+0000 (UTC),Fri Jun 23 2017 18:21:50 GMT+0000 (UTC),Fri Jun 23 2017 22:21:50 GMT+0000 (UTC),Sat Jun 24 2017 02:21:50 GMT+0000 (UTC),Sat Jun 24 2017 06:21:50 GMT+0000 (UTC),Sat Jun 24 2017 10:21:50 GMT+0000 (UTC),Sat Jun 24 2017 10:21:51 GMT+0000 (UTC),Sat Jun 24 2017 14:21:51 GMT+0000 (UTC),Sat Jun 24 2017 18:21:51 GMT+0000 (UTC),Sat Jun 24 2017 22:21:51 GMT+0000 (UTC)
12-days-of-christmas-pack-3d-pop-up-christmas-cards,10693857985,99,0,0,0,0,0,0,0,0,0,39,39,39,39,39,39,39,39,39,39,39,39,39,39,39,39,39,39,39,39,39,39,39,39,39,39,0,0,0,0,0,0,0,0,0,0,0,0,0,0,0,0,0,0,0,0,0,0,32,32,32,32,32,32,32,32,32,32,32
3-santa-pack-3d-pop-up-christmas-cards,10694124289,29,0,0,0,0,0,0,0,0,0,0,0,0,0,0,0,0,0,0,0,0,0,0,0,0,0,0,35,35,35,35,35,35,35,35,35,0,0,0,0,0,0,0,0,0,0,0,0,0,0,0,0,0,0,0,0,0,0,0,0,0,0,34,34,34,34,34,34,34
3d-pop-up-shark-tank-christmas-card,10728524481,13,0,0,0,0,0,0,0,0,0,0,0,0,0,0,0,0,0,0,0,0,0,0,0,0,0,0,0,0,0,0,0,0,0,543,543,NaN,NaN,NaN,NaN,NaN,NaN,NaN,NaN,NaN,NaN,NaN,NaN,NaN,NaN,NaN,NaN,NaN,NaN,NaN,NaN,NaN,NaN,NaN,NaN,NaN,NaN,NaN,NaN,NaN,NaN,NaN,NaN,NaN
a-bear-for-every-season-card-10-pack,28259322753,99,0,0,0,0,0,0,0,0,0,0,0,0,0,0,0,0,0,0,0,0,0,0,0,0,0,0,0,0,0,0,0,0,0,0,0,0,0,0,0,0,0,0,0,0,0,0,0,0,0,0,0,0,0,0,0,0,0,20,20,20,20,20,20,20,20,20,20,20
acoustic-guitar-pop-up-card,18089441537,13,0,0,0,0,0,0,0,0,0,0,0,557,557,557,557,557,557,557,557,557,557,557,557,557,557,557,557,557,557,557,557,557,557,557,557,0,0,0,513,513,513,513,513,513,513,513,513,513,513,513,513,513,513,513,513,513,513,513,513,513,513,513,513,513,513,513,513,513
american-flag-pop-up-card,4863035265,10,0,0,0,0,0,0,0,0,0,0,0,0,0,0,0,0,0,0,0,0,0,0,0,0,0,0,0,0,0,0,0,0,0,0,0,0,0,0,0,0,0,0,0,0,0,0,0,0,0,0,0,0,0,0,NaN,NaN,NaN,NaN,NaN,NaN,NaN,NaN,NaN,NaN,NaN,NaN,NaN,NaN
angel-3d-pop-up-christmas-card,7244238593,10,0,0,0,0,0,0,0,0,0,0,0,0,0,0,0,0,0,0,0,0,0,0,0,0,0,0,902,902,902,902,902,902,902,902,902,882,882,882,882,882,882,882,882,882,882,882,882,882,882,882,882,882,882,882,882,882,882,882,882,882,882,882,882,882,882,882,882,882
apple-tree-3d-pop-up-card,22637453505,13,0,0,0,0,0,0,0,0,0,0,0,0,0,0,0,0,0,0,0,0,0,0,0,0,0,0,0,0,0,0,0,214,214,214,214,0,0,0,0,0,0,0,0,0,0,0,0,0,0,0,0,0,0,0,0,0,0,0,0,0,0,0,0,0,0,0,0,0
baby-bear-3d-pop-up-card,34276408461,13,0,0,0,0,0,0,0,0,0,0,0,0,0,0,0,0,0,0,0,0,0,0,0,0,0,0,0,0,0,0,0,0,0,0,0,0,0,0,0,0,0,0,0,0,0,0,0,0,0,0,0,1227,1227,1227,1227,1227,1227,1227,1227,1227,1227,1227,1227,1227,1227,1227,1227,1227
baby-chicks-3d-pop-up-greeting-card,12311549569,10,0,0,0,0,0,0,0,0,0,0,0,0,0,0,0,0,0,826,826,826,826,826,826,826,826,826,826,826,826,826,826,826,826,826,826,0,0,0,0,0,0,0,0,0,0,826,826,826,826,826,826,826,826,826,826,826,826,826,826,826,826,826,826,826,826,826,826,826
baby-its-cold-outside-5-pack,27961379777,60,0,0,0,0,0,0,0,0,0,0,0,0,0,0,0,0,0,0,0,0,0,0,0,0,0,0,0,0,0,0,0,0,0,0,0,0,0,0,0,0,0,0,0,0,0,0,0,0,0,0,0,0,0,0,0,0,0,0,0,0,0,NaN,NaN,NaN,NaN,NaN,NaN,NaN
ballerina-pop-up-dance-card,21062778305,13,0,0,0,0,0,0,0,0,0,0,0,0,0,0,0,0,0,0,0,0,0,0,0,0,0,0,0,0,0,0,0,0,0,0,0,0,0,0,0,0,0,0,0,46,46,46,46,46,46,46,46,46,46,46,46,46,46,46,46,46,46,46,46,46,46,46,46,46
balloon-bouquet-birthday-pop-up-card,3308269249,10,0,0,0,0,0,0,0,NaN,NaN,NaN,NaN,NaN,NaN,NaN,NaN,NaN,NaN,NaN,NaN,NaN,NaN,NaN,NaN,NaN,NaN,NaN,NaN,NaN,NaN,NaN,NaN,NaN,NaN,NaN,NaN,0,0,0,0,0,0,0,0,0,0,0,0,0,0,0,0,0,0,0,0,0,0,0,0,0,0,0,0,0,0,0,0,0
balloon-bouquet-blue-pop-up-card,30412847181,10,0,132,132,132,132,132,132,132,132,132,132,132,132,132,132,132,132,132,132,132,132,132,132,132,132,132,132,132,132,132,132,132,132,132,132,0,0,0,0,0,0,0,0,0,0,0,0,NaN,NaN,NaN,NaN,NaN,NaN,NaN,NaN,NaN,NaN,NaN,NaN,NaN,NaN,NaN,NaN,NaN,NaN,NaN,NaN,NaN
balloon-bouquet-pink-pop-up-card,30412942029,10,0,0,0,0,0,0,0,0,0,0,0,0,0,0,0,0,0,0,0,0,0,0,0,0,0,0,0,0,0,0,0,0,0,0,0,0,0,0,0,0,0,0,0,0,0,0,0,0,0,0,0,0,0,0,0,0,0,0,0,0,0,0,0,0,0,0,352,352
barrel-cactus-pop-up-card,24305571009,13,0,0,223,223,223,223,223,223,223,223,223,223,223,223,223,223,223,223,223,223,223,223,223,223,223,223,223,223,223,223,223,223,223,223,223,0,0,0,0,0,0,0,0,0,0,0,0,0,0,0,0,0,0,0,0,0,0,0,0,0,0,0,0,0,0,0,0,0
baseball-3d-pop-up-fathers-day-card,18667936769,13,0,0,0,0,0,0,0,0,0,0,0,0,0,0,0,0,0,0,0,0,0,0,2874,2874,2874,2874,2874,2874,2874,2874,2874,2874,2874,2874,2874,0,0,0,0,0,0,0,0,0,0,0,0,0,0,0,0,0,0,0,0,NaN,NaN,NaN,NaN,NaN,NaN,NaN,NaN,NaN,NaN,NaN,NaN,NaN
beach-day-pop-up-card,32653211917,13,0,0,0,0,0,0,0,0,0,0,0,0,0,0,0,0,0,0,0,0,0,0,0,0,0,0,0,0,0,0,0,0,0,0,0,0,0,NaN,NaN,NaN,NaN,NaN,NaN,NaN,NaN,NaN,NaN,NaN,NaN,NaN,NaN,NaN,NaN,NaN,NaN,NaN,NaN,NaN,NaN,NaN,NaN,NaN,NaN,NaN,NaN,NaN,NaN,NaN
bears-pop-up-card,1194484957,10,0,0,0,0,0,0,0,0,0,0,1073,1073,1073,1073,1073,1073,1073,1073,1073,1073,1073,1073,1073,1073,1073,1073,1073,1073,1073,1073,1073,1073,1073,1073,1073,0,1056,1056,1056,1056,1056,1056,1056,1056,1056,1056,1056,1056,1056,1056,1056,1056,1056,1056,1056,1056,1056,1056,1056,1056,1056,1056,1056,1056,1056,1056,1056,1056
bed-3d-pop-up-love-card,10684378945,10,0,0,0,0,0,0,0,0,0,0,0,0,0,0,0,0,0,0,0,0,0,0,0,0,0,0,0,0,0,0,0,0,0,0,0,0,0,0,0,0,0,0,0,0,0,0,0,0,0,0,0,0,0,0,0,0,0,0,0,0,0,0,NaN,NaN,NaN,NaN,NaN,NaN
beer-3d-pop-up-greeting-card,11122533121,10,0,0,0,0,0,0,0,0,0,0,0,0,0,0,0,0,0,0,0,0,0,0,0,0,0,0,0,0,0,0,0,0,0,0,0,0,0,2465,2465,2465,2465,2465,2465,2465,2465,2465,2465,2465,2465,2465,2465,2465,2465,2465,2465,2465,2465,2465,2465,2465,2465,2465,2465,2465,2465,2465,2465,2465
bird-nest-pop-up-card,1330467841,13,0,0,0,0,0,0,0,0,0,0,0,0,0,0,0,0,0,0,0,0,0,0,0,0,0,0,0,0,0,0,0,0,0,0,0,0,0,0,0,0,0,0,0,0,0,0,0,0,0,0,0,0,0,NaN,NaN,NaN,NaN,NaN,NaN,NaN,NaN,NaN,NaN,NaN,NaN,NaN,NaN,NaN
birthday-present-pop-up-card,10672129857,10,0,0,0,0,0,0,0,0,0,0,0,0,0,0,0,0,0,0,0,0,0,0,0,0,0,0,0,0,0,0,0,0,0,0,0,0,0,0,0,0,0,0,0,0,0,0,0,0,0,0,0,0,0,NaN,NaN,NaN,NaN,NaN,NaN,NaN,NaN,NaN,NaN,NaN,NaN,NaN,NaN,NaN
blackhawk-helicopter-3d-pop-up-greeting-card,10728484801,13,0,0,177,177,177,177,177,177,177,177,177,177,177,177,177,177,177,177,177,177,177,177,177,177,177,177,177,177,177,177,177,177,177,177,177,0,0,0,0,0,0,0,0,0,0,0,0,0,0,0,0,0,0,0,0,0,0,0,0,0,0,0,0,0,0,0,0,0
blue-birthday-bear-3d-pop-up-birthday-card,10633357953,13,0,0,0,0,0,0,0,0,0,0,0,0,0,0,0,0,0,0,0,0,0,0,0,0,0,0,0,0,0,0,0,0,0,0,0,0,0,0,0,0,0,0,0,0,0,0,0,0,0,0,0,0,0,0,0,0,0,0,0,362,362,362,362,362,362,362,362,362
boston-skyline,32653693645,13,0,0,0,0,0,0,0,0,0,0,0,0,6,6,6,6,6,6,6,6,6,6,6,6,6,6,6,6,6,6,6,6,6,6,6,0,0,0,0,0,0,0,0,0,0,0,0,0,0,855,855,855,855,855,855,855,855,855,855,855,855,855,855,855,855,855,855,855
buddha-pop-up-card,30859706061,13,0,0,0,0,0,0,0,0,0,0,0,0,489,489,489,489,489,489,489,489,489,489,489,489,489,489,489,489,489,489,489,489,489,489,489,0,0,0,0,0,0,0,0,0,0,0,0,0,0,0,0,0,0,NaN,NaN,NaN,NaN,NaN,NaN,NaN,NaN,NaN,NaN,NaN,NaN,NaN,NaN,NaN
bun-in-the-oven-3d-pop-up-mothers-day-card,17688200513,13,0,0,0,0,0,0,0,0,0,0,0,0,0,0,0,0,0,0,0,0,0,0,0,0,0,0,0,0,0,0,0,0,0,0,0,0,0,0,0,0,0,0,0,0,0,0,0,0,0,0,0,0,0,0,0,0,0,0,0,0,0,0,0,0,0,0,0,69
camera-pop-up-card,22637492417,10,0,0,0,0,566,566,566,566,566,566,566,566,566,566,566,566,566,566,566,566,566,566,566,566,566,566,566,566,566,566,566,566,566,566,566,0,0,0,0,0,0,0,0,0,0,0,0,0,0,0,0,0,0,0,0,0,0,0,0,0,0,0,0,0,0,452,452,452
camping-trip-pop-up-card,18578100737,13,0,0,0,0,0,0,0,0,0,0,0,0,0,0,0,0,0,0,0,0,0,0,0,0,0,0,0,0,0,0,0,0,0,0,0,0,0,4915,4915,4915,4915,4915,4915,4915,4915,4915,4915,4915,4915,4915,4915,4915,4915,4915,4915,4915,4915,4915,4915,4915,4915,4915,4915,4915,4915,4915,4915,4915
canoe-pop-up-card,37217245645,13,0,0,0,0,0,0,0,0,0,0,0,0,0,0,0,0,0,0,0,0,0,0,0,0,0,0,0,0,0,0,0,0,0,0,0,0,0,0,0,0,0,0,0,0,0,0,NaN,NaN,NaN,NaN,NaN,NaN,NaN,NaN,NaN,NaN,NaN,NaN,NaN,NaN,NaN,NaN,NaN,NaN,NaN,NaN,NaN,NaN
cat-mom-3d-pop-up-mothers-day-card,16890624257,13,0,0,0,0,0,0,0,0,0,0,1525,1525,1525,1525,1525,1525,1525,1525,1525,1525,1525,1525,1525,1525,1525,1525,1525,1525,1525,1525,1525,1525,1525,1525,1525,0,NaN,NaN,NaN,NaN,NaN,NaN,NaN,NaN,NaN,NaN,NaN,NaN,NaN,NaN,NaN,NaN,NaN,NaN,NaN,NaN,NaN,NaN,NaN,NaN,NaN,NaN,NaN,NaN,NaN,NaN,NaN,NaN
cat-playhouse-3d-pop-up-greeting-card,5799994049,10,0,0,0,0,0,0,0,0,0,338,338,338,338,338,338,338,338,338,338,338,338,338,338,338,338,338,338,338,338,338,338,338,338,338,338,0,0,0,0,0,0,0,0,0,0,0,0,0,0,0,0,0,0,0,0,0,0,332,332,332,332,332,332,332,332,332,332,332
celtic-harp-3d-pop-up-card,18585258433,13,0,0,382,382,382,382,382,382,382,382,382,382,382,382,382,382,382,382,382,382,382,382,382,382,382,382,382,382,382,382,382,382,382,382,382,0,0,0,0,NaN,NaN,NaN,NaN,NaN,NaN,NaN,NaN,NaN,NaN,NaN,NaN,NaN,NaN,NaN,NaN,NaN,NaN,NaN,NaN,NaN,NaN,NaN,NaN,NaN,NaN,NaN,NaN,NaN
champagne-bottle-3d-pop-up-new-year-card,10594542145,10,20,20,20,20,20,20,20,20,20,20,20,20,20,20,20,20,20,20,20,20,20,20,20,20,20,20,20,20,20,20,20,20,20,20,20,0,0,0,0,0,0,0,0,0,0,0,0,0,0,0,0,0,0,0,0,0,0,0,0,0,0,0,0,0,0,0,0,0
champagne-ladies-3d-pop-up-new-year-card,10593353473,10,0,0,0,0,0,0,0,0,0,0,0,0,0,0,0,0,0,0,0,0,0,0,0,0,0,0,0,0,0,0,0,0,0,0,0,0,0,0,0,0,0,0,0,0,0,0,0,0,0,0,0,0,0,0,NaN,NaN,NaN,NaN,NaN,NaN,NaN,NaN,NaN,NaN,NaN,NaN,NaN,NaN
cherry-blossom-tree-3d-pop-up-mothers-day-card,17253170241,13,0,0,0,0,0,0,0,0,0,0,0,0,0,0,0,0,0,5526,5526,5526,5526,5526,5526,5526,5526,5526,5526,5526,5526,5526,5526,5526,5526,5526,5526,0,NaN,NaN,NaN,NaN,NaN,NaN,NaN,NaN,NaN,NaN,NaN,NaN,NaN,NaN,NaN,NaN,NaN,NaN,NaN,NaN,NaN,NaN,NaN,NaN,NaN,NaN,NaN,NaN,NaN,NaN,NaN,NaN
cherry-pie-pop-up-card,17104957633,13,0,0,0,0,0,0,0,0,0,0,0,0,0,0,0,0,0,0,0,0,0,0,0,0,0,0,0,0,0,0,0,0,0,0,0,0,0,0,0,0,0,0,0,0,0,0,0,0,0,0,0,0,0,0,0,0,0,0,0,0,NaN,NaN,NaN,NaN,NaN,NaN,NaN,NaN
christmas-bear-3d-pop-up-holiday-card,8071693377,13,0,0,0,0,0,0,0,0,0,0,0,0,0,0,0,0,0,0,0,0,0,0,0,0,0,0,0,0,0,0,0,0,0,0,0,0,0,0,0,0,0,0,0,0,0,0,0,0,0,0,0,0,279,279,279,279,279,279,279,279,279,279,279,279,279,279,279,279
christmas-candle-christmas-card,21851090945,13,0,0,0,0,0,0,0,0,0,0,0,0,0,0,0,0,0,0,4345,4345,4345,4345,4345,4345,4345,4345,4345,4345,4345,4345,4345,4345,4345,4345,4345,0,0,0,0,0,0,0,0,0,0,0,0,0,0,0,0,0,0,0,0,0,0,0,0,4229,4229,4229,4229,4229,4229,4229,4229,4229
christmas-character-pack-3d-pop-up-holiday-card,10694136257,29,0,0,0,0,0,0,0,0,0,0,0,0,0,0,0,0,0,0,0,0,0,0,0,0,0,0,0,0,0,0,0,0,0,0,0,0,0,0,0,0,0,0,0,0,0,0,0,0,0,0,0,0,0,0,0,0,0,0,0,0,0,NaN,NaN,NaN,NaN,NaN,NaN,NaN
christmas-eiffel-3d-pop-up-christmas-card,10492354881,13,0,0,0,0,0,0,0,0,0,0,0,0,0,0,0,0,0,0,0,0,0,142,142,142,142,142,142,142,142,142,142,142,142,142,142,0,0,0,0,0,0,0,0,0,0,0,0,0,0,0,0,0,0,0,0,0,0,0,0,0,0,0,0,NaN,NaN,NaN,NaN,NaN
christmas-fun-5-pack,27963349889,62,0,0,0,0,0,0,0,0,0,0,0,0,0,0,0,0,0,0,0,0,0,0,0,0,0,0,0,0,0,0,0,0,0,0,0,0,0,0,0,0,0,0,0,0,0,0,0,0,0,0,0,0,148,148,148,148,148,148,148,148,148,148,148,148,148,148,148,148
christmas-poinsettia-christmas-card,21869798721,13,0,0,0,0,0,0,0,0,0,0,0,0,0,0,0,0,0,0,0,0,0,0,0,0,0,701,701,701,701,701,701,701,701,701,701,NaN,NaN,NaN,NaN,NaN,NaN,NaN,NaN,NaN,NaN,NaN,NaN,NaN,NaN,NaN,NaN,NaN,NaN,NaN,NaN,NaN,NaN,NaN,NaN,NaN,NaN,NaN,NaN,NaN,NaN,NaN,NaN,NaN
christmas-tree-blue,8204949441,13,0,0,0,0,0,0,0,0,0,0,0,0,0,0,0,0,0,0,0,0,0,0,0,0,0,277,277,277,277,277,277,277,277,277,277,0,0,0,0,0,0,0,0,0,0,0,0,0,0,0,0,0,NaN,NaN,NaN,NaN,NaN,NaN,NaN,NaN,NaN,NaN,NaN,NaN,NaN,NaN,NaN,NaN
christmas-tree-holiday-photo-card,21870489537,13,0,0,0,0,211,211,211,211,211,211,211,211,211,211,211,211,211,211,211,211,211,211,211,211,211,211,211,211,211,211,211,211,211,211,211,0,0,0,0,0,0,0,0,0,0,0,0,0,0,0,0,0,0,0,0,0,0,0,0,0,0,0,0,0,0,227,227,227
christmas-tree-pop-up-card,1095371785,13,0,0,0,0,0,0,0,0,0,0,0,0,0,0,0,0,0,0,0,0,0,0,0,0,0,0,0,0,0,0,0,0,0,0,0,0,0,0,0,0,0,0,0,0,0,0,0,0,0,0,0,0,0,0,0,0,0,0,0,4587,4587,4587,4587,4587,4587,4587,4587,4587
classic-christmas-7-pack,27962047425,69,0,0,0,0,0,0,0,0,0,32,32,32,32,32,32,32,32,32,32,32,32,32,32,32,32,32,32,32,32,32,32,32,32,32,32,0,0,0,0,0,0,0,0,0,0,0,0,0,0,0,0,0,0,0,0,0,0,27,27,27,27,27,27,27,27,27,27,27
coffee-cup-pop-up-card,3308269697,10,0,0,0,0,0,0,0,0,0,0,0,0,0,0,0,0,0,0,0,0,0,0,0,0,0,0,0,0,0,0,0,2,2,2,2,0,0,0,0,0,0,0,0,0,0,0,0,0,0,0,0,0,0,0,0,0,0,0,0,0,0,0,0,0,0,0,0,0
construction-bear-3d-pop-up-card,38241705357,13,0,0,0,0,0,0,0,0,0,0,0,0,0,0,0,0,0,0,0,0,0,0,0,0,0,0,0,0,0,0,0,0,0,0,0,0,0,0,NaN,NaN,NaN,NaN,NaN,NaN,NaN,NaN,NaN,NaN,NaN,NaN,NaN,NaN,NaN,NaN,NaN,NaN,NaN,NaN,NaN,NaN,NaN,NaN,NaN,NaN,NaN,NaN,NaN,NaN
cornucopia-3d-pop-up-greeting-card,8031960193,13,0,0,0,0,0,0,0,0,0,0,0,0,0,0,0,0,0,0,0,0,0,0,0,0,0,137,137,137,137,137,137,137,137,137,137,0,0,0,0,0,0,0,0,0,0,0,0,0,0,0,0,0,122,122,122,122,122,122,122,122,122,122,122,122,122,122,122,122
couple-love-pop-up-card,1095371541,10,0,0,0,0,0,0,0,0,0,0,0,0,0,0,0,0,0,0,0,0,0,0,0,0,0,0,0,118,118,118,118,118,118,118,118,0,0,0,0,0,0,0,0,0,0,0,0,0,0,0,0,0,0,0,0,0,0,0,0,0,0,0,0,0,0,0,0,0
cupcake-birthday-pop-up-card,2668806209,10,0,0,0,0,0,0,0,0,0,0,0,0,0,0,0,0,0,0,0,0,0,0,0,0,0,0,0,0,0,0,0,0,0,0,0,0,0,0,0,0,0,0,0,0,0,0,0,0,0,0,0,NaN,NaN,NaN,NaN,NaN,NaN,NaN,NaN,NaN,NaN,NaN,NaN,NaN,NaN,NaN,NaN,NaN
cyclist-pop-up-biking-card,3308267521,10,0,0,0,0,0,267,267,267,267,267,267,267,267,267,267,267,267,267,267,267,267,267,267,267,267,267,267,267,267,267,267,267,267,267,267,0,0,0,0,0,0,0,765,765,765,765,765,765,765,765,765,765,765,765,765,765,765,765,765,765,765,765,765,765,765,765,765,765
daisy-pop-up-card,22637362945,13,0,0,0,0,0,0,0,0,0,0,0,0,0,0,0,0,0,0,0,0,0,0,0,0,0,0,0,0,0,0,0,0,0,0,0,0,0,0,0,0,0,0,0,0,0,0,0,0,0,0,0,0,0,0,0,NaN,NaN,NaN,NaN,NaN,NaN,NaN,NaN,NaN,NaN,NaN,NaN,NaN
day-of-the-dead,7244238977,13,0,0,0,0,0,0,0,0,0,0,0,0,0,0,0,0,0,0,0,0,0,0,0,0,0,0,0,0,0,0,0,0,0,0,0,0,0,0,0,0,0,0,0,0,0,0,0,0,0,0,0,0,0,0,0,0,0,0,0,0,0,NaN,NaN,NaN,NaN,NaN,NaN,NaN
democratic-donkey-3d-pop-up-greeting-card,24305785153,10,0,0,0,0,0,0,0,0,0,0,0,0,0,0,0,0,0,0,0,0,0,0,0,0,0,0,0,0,0,0,0,0,0,0,0,0,0,0,0,0,0,0,0,0,0,0,0,0,0,0,318,318,318,318,318,318,318,318,318,318,318,318,318,318,318,318,318,318
diamond-ring-3d-pop-up-valentines-day-card,10433200065,10,0,0,0,0,0,0,0,0,0,0,0,0,0,0,0,0,0,0,0,0,229,229,229,229,229,229,229,229,229,229,229,229,229,229,229,0,0,0,0,0,0,0,0,0,0,0,0,0,0,0,0,0,0,0,0,0,0,0,0,0,0,0,NaN,NaN,NaN,NaN,NaN,NaN
dog-family-pop-up-puppy-card,34276599757,13,0,0,0,0,0,0,0,0,0,0,2270,2270,2270,2270,2270,2270,2270,2270,2270,2270,2270,2270,2270,2270,2270,2270,2270,2270,2270,2270,2270,2270,2270,2270,2270,0,0,0,0,0,0,0,0,0,0,0,0,0,0,0,0,NaN,NaN,NaN,NaN,NaN,NaN,NaN,NaN,NaN,NaN,NaN,NaN,NaN,NaN,NaN,NaN,NaN
dog-house-3d-pop-up-greeting-card,16343809473,13,0,0,0,0,0,0,0,0,0,0,0,0,0,0,0,0,0,0,0,0,0,0,0,0,0,0,0,0,55,55,55,55,55,55,55,0,0,0,0,0,0,0,0,0,0,0,0,0,0,0,0,0,0,0,0,0,0,0,0,0,0,0,0,0,0,0,313,313
dogwood-tree-pop-up-card,1095371489,10,0,0,0,0,0,0,0,0,0,0,0,0,0,0,0,0,0,0,0,0,0,0,0,0,0,0,0,0,0,0,0,0,0,0,0,0,0,0,0,0,0,0,0,0,0,0,0,NaN,NaN,NaN,NaN,NaN,NaN,NaN,NaN,NaN,NaN,NaN,NaN,NaN,NaN,NaN,NaN,NaN,NaN,NaN,NaN,NaN
dollhouse-pop-up-card,30942690637,13,0,0,0,0,0,187,187,187,187,187,187,187,187,187,187,187,187,187,187,187,187,187,187,187,187,187,187,187,187,187,187,187,187,187,187,0,0,0,0,0,0,0,0,0,0,0,0,0,0,177,177,177,177,177,177,177,177,177,177,177,177,177,177,177,177,177,177,177
duckling-pop-up-card,1194513181,10,0,0,0,0,0,0,0,0,0,0,0,0,0,0,0,0,0,0,0,0,0,0,0,0,0,0,0,0,0,0,0,0,0,0,0,0,0,0,0,0,0,0,0,0,0,0,0,0,0,0,0,0,0,0,0,0,0,0,0,0,0,0,0,0,0,0,0,undefined
easter-bunny-bear-3d-pop-up-card,12311819009,13,0,0,0,0,0,0,0,0,0,0,0,0,0,0,0,0,0,0,0,0,0,0,0,0,0,0,0,0,0,0,0,0,0,0,0,0,0,0,0,0,0,0,0,0,0,0,0,0,0,0,0,0,0,0,0,0,0,0,0,0,0,0,0,0,0,0,0,undefined
easter-bunny-pop-up-card,6735926145,10,0,0,0,0,0,0,0,0,0,0,0,0,0,0,0,0,0,0,0,0,0,0,0,0,0,0,0,0,0,0,0,0,0,0,0,0,0,0,0,0,0,0,0,0,0,0,0,0,0,0,0,0,0,0,0,0,0,0,0,0,0,0,0,0,0,388,388,388
easter-egg-hunt-3d-pop-up-card,12311980097,13,0,0,0,0,0,0,0,0,0,0,0,0,0,0,0,0,0,0,0,0,0,0,0,0,0,0,0,0,0,0,0,0,0,0,0,0,0,0,0,0,0,0,0,0,0,0,0,0,0,0,0,0,0,0,0,0,0,0,0,NaN,NaN,NaN,NaN,NaN,NaN,NaN,NaN,NaN
easter-pack-3d-pop-up-card,16438911297,29,0,0,0,0,34,34,34,34,34,34,34,34,34,34,34,34,34,34,34,34,34,34,34,34,34,34,34,34,34,34,34,34,34,34,34,0,0,0,0,0,0,0,0,0,0,0,0,0,0,0,0,0,0,0,0,0,0,0,0,0,0,0,0,0,0,NaN,NaN,NaN
elephant-family-pop-up-card,30552858125,13,0,0,0,0,0,0,0,0,0,0,0,0,0,0,0,0,0,0,0,0,0,0,0,0,0,0,0,0,0,0,0,0,0,0,0,0,0,0,0,0,0,457,457,457,457,457,457,457,457,457,457,457,457,457,457,457,457,457,457,457,457,457,457,457,457,457,457,457
excavator-3d-pop-up-card,38232429581,13,0,0,0,0,0,0,0,0,0,0,0,0,0,0,0,0,0,0,0,0,0,0,0,0,0,0,0,0,0,0,0,0,0,0,0,0,0,0,0,0,0,0,0,0,0,0,NaN,NaN,NaN,NaN,NaN,NaN,NaN,NaN,NaN,NaN,NaN,NaN,NaN,NaN,NaN,NaN,NaN,NaN,NaN,NaN,NaN,NaN
fairy-godmother-pop-up-card,2037804417,10,0,0,0,0,0,0,0,0,0,0,0,0,0,0,0,0,0,0,0,0,0,0,0,0,0,0,0,NaN,NaN,NaN,NaN,NaN,NaN,NaN,NaN,0,0,0,0,0,0,0,0,0,0,0,0,0,0,0,0,0,0,0,0,0,0,0,0,0,0,0,0,0,0,0,0,0
fall-bear,7244234113,13,0,0,0,0,0,0,0,0,0,0,0,0,0,0,0,0,0,0,0,0,0,0,0,0,0,0,0,0,0,0,0,0,0,0,0,0,0,0,0,0,0,0,0,0,0,0,0,0,0,0,0,0,0,0,0,0,0,0,NaN,NaN,NaN,NaN,NaN,NaN,NaN,NaN,NaN,NaN
family-photo-christmas-10-pack,28325509441,99,0,0,0,0,0,0,0,0,0,14,14,14,14,14,14,14,14,14,14,14,14,14,14,14,14,14,14,14,14,14,14,14,14,14,14,0,0,0,0,0,0,0,0,0,0,0,0,0,0,0,0,0,0,0,0,0,0,13,13,13,13,13,13,13,13,13,13,13
fancy-lobster-3d-pop-up-birthday-card,17985170881,13,0,0,0,0,0,0,0,0,0,0,0,0,0,0,0,0,0,0,0,0,0,0,0,0,0,0,0,0,0,0,0,0,0,0,0,0,0,0,0,0,0,131,131,131,131,131,131,131,131,131,131,131,131,131,131,131,131,131,131,131,131,131,131,131,131,131,131,131
faneuil-hall-pop-up-card,1095371813,13,0,0,0,0,0,0,0,0,0,0,0,0,0,0,0,0,0,0,0,0,0,0,0,0,0,0,604,604,604,604,604,604,604,604,604,0,0,0,0,0,0,0,0,0,0,0,0,0,0,0,0,0,0,0,0,0,0,0,0,0,0,573,573,573,573,573,573,573
festive-palm-tree-christmas-card,21602196801,13,0,0,0,0,0,0,0,0,0,0,0,0,0,0,0,0,0,0,0,575,575,575,575,575,575,575,575,575,575,575,575,575,575,575,575,573,573,573,573,573,573,573,573,573,573,573,573,573,573,573,573,573,573,573,573,573,573,573,573,573,573,573,573,573,573,573,573,573
fire-truck-pop-up-card,30860444301,13,0,0,0,0,0,0,0,0,0,0,0,0,0,0,0,0,0,0,0,999,999,999,999,999,999,999,999,999,999,999,999,999,999,999,999,0,0,0,0,0,0,0,0,0,0,0,NaN,NaN,NaN,NaN,NaN,NaN,NaN,NaN,NaN,NaN,NaN,NaN,NaN,NaN,NaN,NaN,NaN,NaN,NaN,NaN,NaN,NaN
fireworks-pop-up-card,39338727821,13,0,0,0,0,0,0,0,0,0,0,0,0,0,0,0,0,0,0,0,0,0,0,0,0,0,0,0,0,0,0,0,0,0,0,0,0,0,NaN,NaN,NaN,NaN,NaN,NaN,NaN,NaN,NaN,NaN,NaN,NaN,NaN,NaN,NaN,NaN,NaN,NaN,NaN,NaN,NaN,NaN,NaN,NaN,NaN,NaN,NaN,NaN,NaN,NaN,NaN
fishing-bear-3d-pop-up-card,18669119425,13,0,0,0,0,0,0,0,0,0,0,0,0,0,0,0,1587,1587,1587,1587,1587,1587,1587,1587,1587,1587,1587,1587,1587,1587,1587,1587,1587,1587,1587,1587,0,0,NaN,NaN,NaN,NaN,NaN,NaN,NaN,NaN,NaN,NaN,NaN,NaN,NaN,NaN,NaN,NaN,NaN,NaN,NaN,NaN,NaN,NaN,NaN,NaN,NaN,NaN,NaN,NaN,NaN,NaN,NaN
floral-bouquet-grey-pop-up-card,6661357889,13,0,0,0,0,0,0,0,0,0,0,0,0,0,0,0,0,0,0,0,0,0,0,0,0,0,0,0,0,0,0,0,0,0,0,0,0,0,0,0,0,0,0,0,0,0,0,0,0,0,0,0,0,0,0,0,0,0,0,0,0,0,0,0,0,0,360,360,360
flower-bear-greeting-card,19570356801,13,0,0,0,0,0,0,0,0,0,0,2497,2497,2497,2497,2497,2497,2497,2497,2497,2497,2497,2497,2497,2497,2497,2497,2497,2497,2497,2497,2497,2497,2497,2497,2497,0,NaN,NaN,NaN,NaN,NaN,NaN,NaN,NaN,NaN,NaN,NaN,NaN,NaN,NaN,NaN,NaN,NaN,NaN,NaN,NaN,NaN,NaN,NaN,NaN,NaN,NaN,NaN,NaN,NaN,NaN,NaN,NaN
flower-garden-love-pop-up-card,1330200833,10,0,0,0,0,0,0,0,0,0,0,2174,2174,2174,2174,2174,2174,2174,2174,2174,2174,2174,2174,2174,2174,2174,2174,2174,2174,2174,2174,2174,2174,2174,2174,2174,0,0,0,0,0,0,0,0,0,0,0,0,0,0,0,0,2023,2023,2023,2023,2023,2023,2023,2023,2023,2023,2023,2023,2023,2023,2023,2023,2023
football-3d-pop-up-card,38674018509,13,0,0,0,0,0,0,0,0,0,0,0,0,0,2314,2314,2314,2314,2314,2314,2314,2314,2314,2314,2314,2314,2314,2314,2314,2314,2314,2314,2314,2314,2314,2314,0,0,0,NaN,NaN,NaN,NaN,NaN,NaN,NaN,NaN,NaN,NaN,NaN,NaN,NaN,NaN,NaN,NaN,NaN,NaN,NaN,NaN,NaN,NaN,NaN,NaN,NaN,NaN,NaN,NaN,NaN,NaN
forest-noel-3d-pop-up-christmas-card,10492706497,13,0,0,0,0,0,0,0,0,0,0,0,0,0,0,0,0,0,0,0,0,0,0,0,247,247,247,247,247,247,247,247,247,247,247,247,0,0,0,0,0,0,0,0,0,0,0,0,0,0,0,0,0,NaN,NaN,NaN,NaN,NaN,NaN,NaN,NaN,NaN,NaN,NaN,NaN,NaN,NaN,NaN,NaN
french-flower-cart-3d-pop-up-love-card,10683955841,13,0,0,0,0,0,280,280,280,280,280,280,280,280,280,280,280,280,280,280,280,280,280,280,280,280,280,280,280,280,280,280,280,280,280,280,0,0,0,NaN,NaN,NaN,NaN,NaN,NaN,NaN,NaN,NaN,NaN,NaN,NaN,NaN,NaN,NaN,NaN,NaN,NaN,NaN,NaN,NaN,NaN,NaN,NaN,NaN,NaN,NaN,NaN,NaN,NaN
game-controller,38956562381,13,0,0,0,1659,1659,1659,1659,1659,1659,1659,1659,1659,1659,1659,1659,1659,1659,1659,1659,1659,1659,1659,1659,1659,1659,1659,1659,1659,1659,1659,1659,1659,1659,1659,1659,0,0,0,0,0,0,0,0,0,0,0,0,0,0,NaN,NaN,NaN,NaN,NaN,NaN,NaN,NaN,NaN,NaN,NaN,NaN,NaN,NaN,NaN,NaN,NaN,NaN,NaN
gingerbread-house-christmas-card,21793329665,13,0,0,0,0,0,0,2720,2720,2720,2720,2720,2720,2720,2720,2720,2720,2720,2720,2720,2720,2720,2720,2720,2720,2720,2720,2720,2720,2720,2720,2720,2720,2720,2720,2720,0,0,0,0,0,0,0,0,0,0,0,0,0,0,0,0,0,0,0,0,0,0,0,NaN,NaN,NaN,NaN,NaN,NaN,NaN,NaN,NaN,NaN
giraffe-family-pop-up-card,3308268097,10,0,0,0,0,0,0,0,0,0,0,0,0,0,0,0,0,0,0,0,0,0,0,0,0,0,0,0,0,0,0,0,0,0,0,0,0,0,0,0,NaN,NaN,NaN,NaN,NaN,NaN,NaN,NaN,NaN,NaN,NaN,NaN,NaN,NaN,NaN,NaN,NaN,NaN,NaN,NaN,NaN,NaN,NaN,NaN,NaN,NaN,NaN,NaN,NaN
girls-night-out-3d-pop-up-valentines-day-card,11570926913,13,0,0,0,0,0,0,0,0,0,0,0,0,0,0,0,0,0,0,0,0,0,0,0,0,0,172,172,172,172,172,172,172,172,172,172,0,0,0,0,0,0,0,0,0,0,0,0,0,0,0,0,0,0,0,0,NaN,NaN,NaN,NaN,NaN,NaN,NaN,NaN,NaN,NaN,NaN,NaN,NaN
gma-every-day-collection-steals-and-deals,18090297089,49,0,0,0,0,0,0,0,0,0,0,0,0,0,0,0,0,0,0,0,0,0,0,0,0,0,0,0,0,0,0,0,0,0,0,0,0,0,0,0,0,0,0,0,0,0,0,0,0,0,0,0,0,0,0,0,0,0,0,0,0,0,0,0,NaN,NaN,NaN,NaN,NaN
gold-christmas-tree-pop-up-holiday-card,8205056321,13,0,0,0,0,0,0,0,0,0,0,0,0,0,0,0,0,0,0,0,0,0,0,0,0,0,0,0,0,0,0,0,0,0,0,0,0,0,0,0,0,0,0,0,0,0,0,0,0,0,186,186,186,186,186,186,186,186,186,186,186,186,186,186,186,186,186,186,186
golf-pop-up-card,18579925441,13,0,0,0,0,0,0,0,0,0,0,0,0,0,0,0,0,0,0,0,0,0,0,0,0,0,0,0,0,0,0,0,0,0,0,0,0,0,7651,7651,7651,7651,7651,7651,7651,7651,7651,7651,7651,7651,7651,7651,7651,7651,7651,7651,7651,7651,7651,7651,7651,7651,7651,7651,7651,7651,7651,7651,7651
gondola-love-scene-pop-up-card,30412739725,15,0,0,0,0,0,0,0,0,0,0,0,0,0,0,0,0,0,0,0,0,0,0,0,0,0,0,0,0,0,0,0,0,0,0,0,0,0,0,0,0,0,0,0,0,0,0,0,0,0,0,0,0,0,0,0,0,0,0,0,0,0,0,0,0,0,0,318,318
graduation-hats-black-3d-pop-up-graduation-card,19454645185,10,0,0,0,0,0,0,0,0,0,0,0,0,0,0,0,0,0,0,0,0,0,0,0,0,0,0,0,0,0,0,0,0,0,0,0,0,0,0,NaN,NaN,NaN,NaN,NaN,NaN,NaN,NaN,NaN,NaN,NaN,NaN,NaN,NaN,NaN,NaN,NaN,NaN,NaN,NaN,NaN,NaN,NaN,NaN,NaN,NaN,NaN,NaN,NaN,NaN
graduation-hats-blue-3d-pop-up-graduation-card,18486110657,10,0,0,0,0,0,0,0,0,0,0,0,0,0,0,0,0,0,0,0,0,0,0,0,0,0,0,0,0,0,0,0,0,0,0,0,0,0,0,0,0,0,0,0,0,0,0,0,0,0,0,0,0,0,0,0,0,0,0,0,0,0,0,0,0,0,0,0,304
graduation-hats-gold-3d-pop-up-graduation-card,18585264961,10,0,0,0,0,0,0,0,0,0,0,0,0,0,0,0,0,0,0,0,0,0,0,0,0,0,0,0,0,0,0,0,0,0,0,0,0,0,0,0,NaN,NaN,NaN,NaN,NaN,NaN,NaN,NaN,NaN,NaN,NaN,NaN,NaN,NaN,NaN,NaN,NaN,NaN,NaN,NaN,NaN,NaN,NaN,NaN,NaN,NaN,NaN,NaN,NaN
graduation-hats-green-3d-pop-up-graduation-card,18585681857,10,0,0,0,0,0,0,0,0,0,0,0,0,0,0,0,0,0,0,0,0,0,0,0,0,0,0,0,0,0,0,0,0,0,0,0,0,0,0,0,0,0,313,313,313,313,313,313,313,313,313,313,313,313,313,313,313,313,313,313,313,313,313,313,313,313,313,313,313
graduation-hats-orange-3d-pop-up-graduation-card,18485980417,10,0,0,431,431,431,431,431,431,431,431,431,431,431,431,431,431,431,431,431,431,431,431,431,431,431,431,431,431,431,431,431,431,431,431,431,0,0,0,0,430,430,430,430,430,430,430,430,430,430,430,430,430,430,430,430,430,430,430,430,430,430,430,430,430,430,430,430,430
graduation-hats-red-3d-pop-up-graduation-card,18486212801,10,0,0,0,0,0,0,0,0,0,0,0,0,0,0,0,0,0,0,0,0,0,0,0,0,0,0,0,0,0,0,0,0,0,0,0,0,0,0,0,0,0,0,0,0,0,0,0,0,0,0,0,0,0,0,0,0,0,0,0,0,0,0,0,0,0,0,0,281
graduation-owl-pop-up-card,2037836033,10,0,0,0,0,0,0,0,0,0,0,0,880,880,880,880,880,880,880,880,880,880,880,880,880,880,880,880,880,880,880,880,880,880,880,880,0,0,0,0,0,0,0,0,0,0,0,0,0,0,0,0,773,773,773,773,773,773,773,773,773,773,773,773,773,773,773,773,773
hammock-girl-pop-up-card,6661268289,13,0,0,0,0,0,0,0,0,0,0,0,0,0,0,0,0,0,0,0,0,0,0,0,0,0,0,0,0,0,0,0,0,0,0,0,0,0,0,0,0,0,0,0,0,0,0,0,0,0,0,0,0,0,0,0,94,94,94,94,94,94,94,94,94,94,94,94,94
hammock-guy-pop-up-card,4863035137,13,0,0,0,0,0,0,0,0,0,0,0,0,0,0,0,0,0,0,0,0,0,0,0,0,0,0,0,0,0,0,0,0,0,0,0,0,0,0,0,0,0,0,0,0,0,0,103,103,103,103,103,103,103,103,103,103,103,103,103,103,103,103,103,103,103,103,103,103
hanukkah-menorah-pop-up-card,1095371693,13,0,0,0,0,0,0,0,0,0,0,0,0,0,0,0,0,0,0,0,0,0,0,0,0,0,0,124,124,124,124,124,124,124,124,124,0,0,0,0,0,0,0,0,0,0,0,0,0,0,0,0,0,0,0,0,0,0,0,0,0,0,48,48,48,48,48,48,48
haunted-house,7243970625,13,0,0,0,0,0,0,0,0,0,0,0,0,0,0,0,0,0,0,0,0,0,0,0,0,0,0,0,0,0,0,0,0,0,0,0,0,0,0,0,0,0,0,0,0,0,0,0,0,0,0,0,0,0,0,0,0,0,0,0,0,190,190,190,190,190,190,190,190
heart-bench-pop-up-card,1095371789,13,0,0,0,0,0,0,0,0,0,0,0,0,0,0,0,0,0,0,0,0,0,0,0,0,0,0,0,270,270,270,270,270,270,270,270,0,0,0,0,0,0,0,0,0,0,0,0,0,0,0,0,0,0,0,0,0,0,0,0,0,0,0,0,0,0,0,0,0
hedgehog-pop-up-card,30412169549,13,577,577,577,577,577,577,577,577,577,577,577,577,577,577,577,577,577,577,577,577,577,577,577,577,577,577,577,577,577,577,577,577,577,577,577,0,0,0,0,0,0,0,0,0,0,473,473,473,473,473,473,473,473,473,473,473,473,473,473,473,473,473,473,473,473,473,473,473
holiday-cactus-pop-up-card,21870768449,13,0,0,0,0,0,0,0,0,0,0,0,0,0,0,0,0,0,0,0,0,0,0,0,0,0,0,0,0,0,0,0,0,0,543,543,0,0,0,0,0,0,0,0,0,542,542,542,542,542,542,542,542,542,542,542,542,542,542,542,542,542,542,542,542,542,542,542,542
holiday-caddy,7244234753,13,0,0,0,0,0,0,0,0,0,0,0,0,0,0,0,0,0,0,0,0,0,0,0,0,0,0,0,0,0,0,0,0,0,0,0,0,0,0,0,0,0,0,0,0,1001,1001,1001,1001,1001,1001,1001,1001,1001,1001,1001,1001,1001,1001,1001,1001,1001,1001,1001,1001,1001,1001,1001,1001
holiday-forest-12-pack-holiday-christmas-pop-up-cards,10694150273,99,0,0,0,0,0,0,0,0,0,0,0,0,0,0,0,0,0,0,0,0,0,7,7,7,7,7,7,7,7,7,7,7,7,7,7,0,0,0,0,0,0,0,0,0,0,0,0,0,0,0,0,0,0,0,0,0,0,0,0,0,0,0,0,NaN,NaN,NaN,NaN,NaN
holiday-moose-pop-up-card,21870730241,13,0,0,0,0,0,0,0,0,0,0,0,0,0,0,0,0,0,0,0,0,0,0,0,0,0,0,0,0,0,0,0,0,0,359,359,0,0,0,0,0,0,0,0,0,NaN,NaN,NaN,NaN,NaN,NaN,NaN,NaN,NaN,NaN,NaN,NaN,NaN,NaN,NaN,NaN,NaN,NaN,NaN,NaN,NaN,NaN,NaN,NaN
holiday-train-xmas-card,21869598145,13,0,0,0,0,0,0,0,0,0,0,0,0,0,0,0,0,0,0,0,0,0,0,0,0,0,0,0,0,0,0,0,0,0,0,0,0,0,0,0,0,0,0,0,0,0,0,0,0,0,0,0,0,0,0,0,0,0,0,3034,3034,3034,3034,3034,3034,3034,3034,3034,3034
horses-running-pop-up-card,1095372857,13,0,0,0,46,46,46,46,46,46,46,46,46,46,46,46,46,46,46,46,46,46,46,46,46,46,46,46,46,46,46,46,46,46,46,46,0,0,0,0,NaN,NaN,NaN,NaN,NaN,NaN,NaN,NaN,NaN,NaN,NaN,NaN,NaN,NaN,NaN,NaN,NaN,NaN,NaN,NaN,NaN,NaN,NaN,NaN,NaN,NaN,NaN,NaN,NaN
hot-dog-stand-3d-pop-up-card,28920822989,13,0,0,0,0,0,0,0,0,0,0,0,0,0,0,0,0,0,0,0,0,0,0,0,0,0,113,113,113,113,113,113,113,113,113,113,0,0,0,0,0,0,0,0,0,0,0,0,0,0,0,0,0,0,0,0,0,0,0,0,0,0,0,0,0,0,0,0,0
house-for-sale-3d-pop-up-housewarming-card,18485046849,15,0,0,0,0,0,0,0,0,0,0,0,0,0,0,0,0,0,0,0,0,0,0,0,0,0,0,0,0,0,0,0,0,0,0,0,0,0,0,0,0,0,0,0,0,0,0,0,0,0,0,0,0,0,0,0,0,0,0,0,0,0,0,0,0,0,164,164,164
housewarming-gray-3d-pop-up-housewarming-card,18577400129,13,0,0,0,0,0,0,0,0,0,0,0,0,0,0,0,0,0,0,0,0,651,651,651,651,651,651,651,651,651,651,651,651,651,651,651,0,0,0,0,0,0,0,0,0,0,0,0,0,0,0,0,0,0,0,0,0,0,0,0,0,0,0,NaN,NaN,NaN,NaN,NaN,NaN
jack-o-lantern-pop-up-card,7244239169,10,0,0,0,0,0,0,0,0,0,0,0,0,0,0,0,0,0,0,0,0,0,0,0,0,0,0,0,0,0,0,0,0,0,0,985,0,0,0,0,0,0,0,0,0,NaN,NaN,NaN,NaN,NaN,NaN,NaN,NaN,NaN,NaN,NaN,NaN,NaN,NaN,NaN,NaN,NaN,NaN,NaN,NaN,NaN,NaN,NaN,NaN
jamaican-flag-3d-pop-up-greeting-card,10438102017,10,0,0,0,0,0,0,0,0,0,0,0,0,0,0,0,0,0,0,0,0,0,0,0,0,0,0,0,0,0,0,0,0,0,0,0,0,0,0,0,0,0,0,0,0,0,0,0,0,0,0,0,0,0,0,NaN,NaN,NaN,NaN,NaN,NaN,NaN,NaN,NaN,NaN,NaN,NaN,NaN,NaN
jesus-3d-pop-up-easter-card,12311706177,13,584,584,584,584,584,584,584,584,584,584,584,584,584,584,584,584,584,584,584,584,584,584,584,584,584,584,584,584,584,584,584,584,584,584,584,0,0,0,0,0,0,0,0,0,0,582,582,582,582,582,582,582,582,582,582,582,582,582,582,582,582,582,582,582,582,582,582,582
jungle-animals-pop-up-card,3308269505,13,0,0,0,0,0,0,0,0,0,0,0,0,0,0,0,0,0,0,0,0,0,0,0,0,0,0,0,0,0,352,352,352,352,352,352,0,0,0,0,0,0,0,0,307,307,307,307,307,307,307,307,307,307,307,307,307,307,307,307,307,307,307,307,307,307,307,307,307
kangaroos-pop-up-card,1194513433,10,0,0,0,252,252,252,252,252,252,252,252,252,252,252,252,252,252,252,252,252,252,252,252,252,252,252,252,252,252,252,252,252,252,252,252,0,0,0,0,0,0,0,0,0,0,0,0,228,228,228,228,228,228,228,228,228,228,228,228,228,228,228,228,228,228,228,228,228
kevin-o-leary-shark-tank-pop-up-card,10715810433,10,0,0,0,0,0,0,0,0,0,0,0,0,0,0,0,0,0,0,0,0,0,0,0,0,0,0,0,0,0,0,0,0,0,0,0,0,0,0,0,0,0,0,0,0,0,0,0,0,0,0,0,0,0,0,0,0,0,0,217,217,217,217,217,217,217,217,217,217
las-vegas-dice-pop-up-card,5461586497,10,0,0,0,0,0,0,0,0,0,0,0,0,0,0,0,0,0,0,0,0,0,0,0,0,0,0,0,0,0,0,0,0,0,0,0,0,0,0,0,0,0,0,0,0,0,0,0,0,0,0,0,0,0,0,372,372,372,372,372,372,372,372,372,372,372,372,372,372
las-vegas-showgirl-pop-up-card,5461586561,10,0,0,0,0,0,0,0,0,0,0,0,0,0,0,0,0,0,0,0,0,0,0,0,0,0,0,0,0,0,0,0,0,0,0,651,0,0,0,0,0,0,0,0,0,0,0,0,0,0,0,0,0,0,0,674,674,674,674,674,674,674,674,674,674,674,674,674,674
las-vegas-sign-pop-up-card,5461586689,13,0,0,0,0,0,0,0,0,0,0,0,0,0,0,0,0,0,0,0,0,0,0,0,0,0,0,0,0,0,0,0,0,0,0,0,0,0,0,0,0,0,0,0,0,0,0,0,0,0,0,0,0,0,0,0,0,0,0,0,0,0,0,339,339,339,339,339,339
laughing-buddha-pop-up-card,30860300557,13,0,0,0,0,0,0,0,0,0,0,0,0,0,0,0,0,0,902,902,902,902,902,902,902,902,902,902,902,902,902,902,902,902,902,902,0,0,0,0,0,0,0,0,0,0,0,0,0,0,0,0,0,0,845,845,845,845,845,845,845,845,845,845,845,845,845,845,845
lawn-mower-pop-up-card,38672745421,13,0,0,0,0,0,0,0,0,0,0,0,0,0,0,0,0,0,0,0,1719,1719,1719,1719,1719,1719,1719,1719,1719,1719,1719,1719,1719,1719,1719,1719,0,0,0,0,0,0,0,0,0,0,0,1666,1666,1666,1666,1666,1666,1666,1666,1666,1666,1666,1666,1666,1666,1666,1666,1666,1666,1666,1666,1666,1666
leprechaun-3d-pop-up-st-patricks-day-greeting-card,11941878145,10,0,0,0,0,0,0,0,0,0,0,0,0,0,0,0,0,0,897,897,897,897,897,897,897,897,897,897,897,897,897,897,897,897,897,897,0,0,0,0,0,0,0,0,0,0,0,0,0,0,0,0,0,0,NaN,NaN,NaN,NaN,NaN,NaN,NaN,NaN,NaN,NaN,NaN,NaN,NaN,NaN,NaN
log-cabin-3d-pop-up-card,32653903053,13,0,0,0,0,0,0,0,0,0,0,0,0,0,0,0,0,0,0,0,0,0,0,0,0,0,0,0,0,0,0,0,0,0,0,0,0,0,0,0,0,0,0,0,0,0,0,0,0,0,0,0,0,0,0,0,NaN,NaN,NaN,NaN,NaN,NaN,NaN,NaN,NaN,NaN,NaN,NaN,NaN
love-bear-valentines-day-3d-pop-up-card,10684538177,13,0,0,0,0,0,0,0,0,0,0,0,0,0,0,124,124,124,124,124,124,124,124,124,124,124,124,124,124,124,124,124,124,124,124,124,0,0,0,0,0,0,62,62,62,62,62,62,62,62,62,62,62,62,62,62,62,62,62,62,62,62,62,62,62,62,62,62,62
love-cupcake-pop-up-card,30411995853,13,0,0,0,0,0,0,0,0,0,0,0,0,0,0,0,0,0,0,0,0,0,0,0,0,0,0,0,370,370,370,370,370,370,370,370,0,0,0,0,0,0,0,0,0,0,0,0,0,0,0,0,0,0,0,0,0,0,0,0,0,0,0,0,0,0,0,0,0
love-explosion-pop-up-valentines-day-card,10684679425,10,0,0,0,0,0,0,0,0,0,0,0,0,0,0,0,0,0,0,0,0,0,0,0,0,0,0,0,0,0,0,0,0,0,0,0,0,0,0,0,0,0,0,0,NaN,NaN,NaN,NaN,NaN,NaN,NaN,NaN,NaN,NaN,NaN,NaN,NaN,NaN,NaN,NaN,NaN,NaN,NaN,NaN,NaN,NaN,NaN,NaN,NaN
love-toaster-3d-pop-up-valentines-day-card,11571135809,10,0,0,0,0,0,0,0,0,0,0,0,0,0,0,0,0,0,0,0,0,0,0,0,0,0,0,0,0,0,114,114,114,114,114,114,0,0,0,0,0,0,0,0,109,109,109,109,109,109,109,109,109,109,109,109,109,109,109,109,109,109,109,109,109,109,109,109,109
lovebirds-3d-pop-up-love-card,10684586177,13,0,0,0,0,0,0,0,0,0,0,0,0,0,0,0,0,0,0,0,0,0,0,0,0,0,0,0,82,82,82,82,82,82,82,82,0,0,0,0,0,0,0,0,0,0,0,0,0,0,0,0,0,0,0,0,0,0,0,0,0,0,0,0,0,0,0,0,0
lovepop-birthday-cake-pop-up-card,1095371793,10,0,0,0,0,0,0,0,0,0,0,0,0,0,0,0,0,0,4691,4691,4691,4691,4691,4691,4691,4691,4691,4691,4691,4691,4691,4691,4691,4691,4691,4691,0,4511,4511,4511,4511,4511,4511,4511,4511,4511,4511,4511,4511,4511,4511,4511,4511,4511,4511,4511,4511,4511,4511,4511,4511,4511,4511,4511,4511,4511,4511,4511,4511
lovers-dogwood-tree-pink-pop-up-card,1095371505,10,0,0,0,0,0,0,0,0,0,0,0,0,0,0,0,0,0,0,0,0,0,0,0,0,0,0,0,0,0,0,0,0,0,0,0,0,0,0,0,0,0,0,0,0,0,0,0,0,0,0,0,0,0,0,0,0,0,0,0,0,0,0,0,0,0,0,NaN,NaN
lovers-dogwood-tree-yellow-pop-up-card,6661436097,10,646,646,646,646,646,646,646,646,646,646,646,646,646,646,646,646,646,646,646,646,646,646,646,646,646,646,646,646,646,646,646,646,646,646,646,0,0,0,0,0,0,0,0,0,0,1703,1703,1703,1703,1703,1703,1703,1703,1703,1703,1703,1703,1703,1703,1703,1703,1703,1703,1703,1703,1703,1703,1703
lovers-in-a-dogwood-tree-gray,20738411457,10,0,0,0,0,0,0,0,0,0,0,0,0,0,0,0,0,0,0,0,0,0,0,0,0,0,0,0,0,0,151,151,151,151,151,151,0,0,0,0,0,0,0,0,0,0,0,0,0,0,0,0,0,0,0,0,0,0,0,0,0,128,128,128,128,128,128,128,128
lovers-in-a-dogwood-tree-male-3d-pop-up-gay-valentines-day-card,11643340737,10,0,0,0,0,0,0,0,0,0,0,0,0,898,898,898,898,898,898,898,898,898,898,898,898,898,898,898,898,898,898,898,898,898,898,898,0,0,0,0,0,0,0,0,0,0,0,0,0,0,0,0,0,0,NaN,NaN,NaN,NaN,NaN,NaN,NaN,NaN,NaN,NaN,NaN,NaN,NaN,NaN,NaN
lovers-in-a-dogwood-tree-pop-up-lesbian-greeting-card,11643851265,10,0,0,0,0,0,0,0,0,0,0,0,0,0,0,0,0,0,0,0,0,0,0,0,0,0,0,0,0,0,0,0,0,0,0,0,0,0,0,0,0,0,0,0,NaN,NaN,NaN,NaN,NaN,NaN,NaN,NaN,NaN,NaN,NaN,NaN,NaN,NaN,NaN,NaN,NaN,NaN,NaN,NaN,NaN,NaN,NaN,NaN,NaN
lucky-cat-pop-up-card,32652152141,13,0,0,0,0,0,0,0,0,0,0,0,0,371,371,371,371,371,371,371,371,371,371,371,371,371,371,371,371,371,371,371,371,371,371,371,0,0,0,0,0,0,0,0,0,0,0,0,0,0,0,0,0,0,282,282,282,282,282,282,282,282,282,282,282,282,282,282,282
lucky-clover-3d-pop-up-st-patricks-day-greeting-card,11970182273,10,0,0,0,0,0,0,0,0,0,0,0,0,0,0,0,0,0,0,0,0,1245,1245,1245,1245,1245,1245,1245,1245,1245,1245,1245,1245,1245,1245,1245,0,0,0,0,0,0,0,0,0,0,0,0,0,0,0,0,0,0,0,0,0,0,0,0,0,0,0,0,NaN,NaN,NaN,NaN,NaN
magnolia-tree-3d-pop-up-love-card,10683955905,13,0,0,0,0,0,0,0,0,0,0,0,0,0,0,0,0,0,849,849,849,849,849,849,849,849,849,849,849,849,849,849,849,849,849,849,0,748,748,748,748,748,748,748,748,748,748,748,748,748,748,748,748,748,748,748,748,748,748,748,748,748,748,748,748,748,748,748,748
manger-nativity-pop-up-christmas-card,21802648321,13,0,0,0,0,0,0,0,0,0,0,0,0,0,0,0,0,0,0,0,0,0,0,0,0,0,3738,3738,3738,3738,3738,3738,3738,3738,3738,3738,0,0,0,0,0,0,0,0,0,0,0,0,0,0,0,0,0,NaN,NaN,NaN,NaN,NaN,NaN,NaN,NaN,NaN,NaN,NaN,NaN,NaN,NaN,NaN,NaN
mayflower-ship-3d-pop-up-card,22637467137,13,0,0,0,0,0,0,0,0,0,0,0,248,248,248,248,248,248,248,248,248,248,248,248,248,248,248,248,248,248,248,248,248,248,248,248,0,0,0,243,243,243,243,243,243,243,243,243,243,243,243,243,243,243,243,243,243,243,243,243,243,243,243,243,243,243,243,243,243
mermaid-3d-pop-up-birthday-card,11122396353,10,0,0,0,0,0,0,0,0,0,0,0,0,0,0,0,0,0,0,0,0,0,0,0,0,0,0,0,0,7,7,7,7,7,7,7,0,0,0,0,0,0,0,0,0,0,0,0,0,0,250,250,250,250,250,250,250,250,250,250,250,250,250,250,250,250,250,250,250
money-tree-birthday-card,10506322049,13,0,0,0,0,0,0,0,0,0,0,0,0,0,0,0,0,0,0,0,0,0,0,0,0,0,0,0,0,0,0,0,0,0,0,0,0,0,0,0,NaN,NaN,NaN,NaN,NaN,NaN,NaN,NaN,NaN,NaN,NaN,NaN,NaN,NaN,NaN,NaN,NaN,NaN,NaN,NaN,NaN,NaN,NaN,NaN,NaN,NaN,NaN,NaN,NaN
nativity-christmas-card,7244234945,13,0,0,0,0,0,0,0,0,0,0,0,0,0,0,0,0,0,0,1085,1085,1085,1085,1085,1085,1085,1085,1085,1085,1085,1085,1085,1085,1085,1085,1085,0,0,0,0,0,0,0,0,0,0,0,0,0,0,0,0,0,0,0,0,0,0,0,0,963,963,963,963,963,963,963,963,963
new-home-3d-pop-up-new-home-card,18582248513,15,0,100,100,100,100,100,100,100,100,100,100,100,100,100,100,100,100,100,100,100,100,100,100,100,100,100,100,100,100,100,100,100,100,100,100,0,0,0,0,0,0,0,0,0,0,0,0,NaN,NaN,NaN,NaN,NaN,NaN,NaN,NaN,NaN,NaN,NaN,NaN,NaN,NaN,NaN,NaN,NaN,NaN,NaN,NaN,NaN
new-year-tuxedo-bear-3d-pop-up-new-year-card,10508539969,13,1286,1286,1286,1286,1286,1286,1286,1286,1286,1286,1286,1286,1286,1286,1286,1286,1286,1286,1286,1286,1286,1286,1286,1286,1286,1286,1286,1286,1286,1286,1286,1286,1286,1286,1286,0,0,0,0,0,0,0,0,0,0,NaN,NaN,NaN,NaN,NaN,NaN,NaN,NaN,NaN,NaN,NaN,NaN,NaN,NaN,NaN,NaN,NaN,NaN,NaN,NaN,NaN,NaN,NaN
new-york-ball-drop-3d-pop-up-new-year-card,10507486017,10,2891,2891,2891,2891,2891,2891,2891,2891,2891,2891,2891,2891,2891,2891,2891,2891,2891,2891,2891,2891,2891,2891,2891,2891,2891,2891,2891,2891,2891,2891,2891,2891,2891,2891,2891,0,0,0,0,0,0,0,0,0,0,NaN,NaN,NaN,NaN,NaN,NaN,NaN,NaN,NaN,NaN,NaN,NaN,NaN,NaN,NaN,NaN,NaN,NaN,NaN,NaN,NaN,NaN,NaN
new-york-city-3d-pop-up-shark-tank-card,10713992449,13,0,0,0,0,0,0,0,0,0,0,0,0,0,0,0,0,0,0,0,0,0,0,0,0,0,0,0,0,0,0,0,0,0,0,0,0,0,0,0,0,0,0,0,0,0,0,0,0,0,0,0,0,0,0,0,0,0,0,0,0,0,0,NaN,NaN,NaN,NaN,NaN,NaN
ninja-card,22637217025,13,0,0,0,0,0,0,0,0,0,0,0,0,0,NaN,NaN,NaN,NaN,NaN,NaN,NaN,NaN,NaN,NaN,NaN,NaN,NaN,NaN,NaN,NaN,NaN,NaN,NaN,NaN,NaN,NaN,0,0,0,0,0,0,0,0,0,0,0,0,0,0,0,0,0,0,0,0,0,0,0,0,0,0,0,0,0,0,0,0,0
oak-tree-3d-pop-up-card,26770736769,13,0,0,0,0,0,0,0,0,0,0,0,0,0,0,0,0,0,0,0,0,0,0,0,0,0,0,0,0,0,0,0,0,0,0,0,0,0,0,0,0,0,0,0,0,0,0,0,0,0,0,0,0,0,0,0,0,0,0,0,0,0,0,0,0,0,0,407,407
oculus-new-york-pop-up-card,30551811533,15,0,0,0,0,0,0,0,0,0,168,168,168,168,168,168,168,168,168,168,168,168,168,168,168,168,168,168,168,168,168,168,168,168,168,168,0,0,0,0,0,0,0,0,0,0,0,0,0,0,0,0,0,0,0,0,0,0,0,0,0,0,NaN,NaN,NaN,NaN,NaN,NaN,NaN
original-lovepop-pop-up-card,1095371809,10,0,0,0,0,0,0,0,0,0,0,0,0,0,0,0,0,0,0,0,0,0,0,0,0,0,0,0,0,0,0,0,0,0,0,0,0,0,0,0,0,0,0,0,255,255,255,255,255,255,255,255,255,255,255,255,255,255,255,255,255,255,255,255,255,255,255,255,255
ornament-pop-up-card,1095371577,10,0,0,0,0,0,0,0,0,0,0,0,0,0,0,0,0,0,0,0,0,0,0,0,0,0,0,0,0,0,0,0,0,0,1276,1276,0,0,0,0,0,0,0,0,0,1274,1274,1274,1274,1274,1274,1274,1274,1274,1274,1274,1274,1274,1274,1274,1274,1274,1274,1274,1274,1274,1274,1274,1274
ornate-floral-bouquet-blue-pop-up-card,1095371765,13,0,0,0,0,0,0,0,0,0,0,1586,1586,1586,1586,1586,1586,1586,1586,1586,1586,1586,1586,1586,1586,1586,1586,1586,1586,1586,1586,1586,1586,1586,1586,1586,0,1518,1518,1518,1518,1518,1518,1518,1518,1518,1518,1518,1518,1518,1518,1518,1518,1518,1518,1518,1518,1518,1518,1518,1518,1518,1518,1518,1518,1518,1518,1518,1518
ornate-floral-bouquet-gold-blue-pop-up-card,6661343361,13,0,0,0,0,0,0,0,0,0,0,0,0,0,0,0,0,0,0,0,0,0,0,0,0,0,0,0,NaN,NaN,NaN,NaN,NaN,NaN,NaN,NaN,0,0,0,0,0,0,0,0,0,0,0,0,0,0,0,0,0,0,0,0,0,0,0,0,0,0,0,0,0,0,0,0,0
ornate-floral-bouquet-purple-pop-up-card,6661347905,13,0,0,0,0,0,0,0,0,0,0,0,0,0,0,0,0,0,0,0,0,0,0,0,0,0,0,0,0,0,0,0,0,0,0,0,0,0,0,0,0,0,0,0,0,0,0,0,0,0,0,0,0,0,0,0,0,0,0,0,0,0,0,0,0,0,678,678,678
otter-mom-pop-up-animal-card,17376096193,10,0,0,0,0,0,0,0,0,0,0,0,0,0,0,0,0,0,0,0,0,0,0,0,0,0,0,0,0,0,0,0,0,0,0,0,0,0,0,0,0,0,0,0,0,0,0,0,0,0,0,0,0,0,0,0,0,0,0,0,0,0,0,0,346,346,346,346,346
panda-bear-pop-up-card,22637038273,13,0,556,556,556,556,556,556,556,556,556,556,556,556,556,556,556,556,556,556,556,556,556,556,556,556,556,556,556,556,556,556,556,556,556,556,0,0,0,0,0,0,0,0,0,0,0,0,0,0,0,0,0,0,0,0,0,0,0,0,0,0,0,0,0,0,0,0,0
paris-love-scene-pop-up-card,30412574861,15,0,0,0,0,0,NaN,NaN,NaN,NaN,NaN,NaN,NaN,NaN,NaN,NaN,NaN,NaN,NaN,NaN,NaN,NaN,NaN,NaN,NaN,NaN,NaN,NaN,NaN,NaN,NaN,NaN,NaN,NaN,NaN,NaN,0,0,0,0,0,0,0,0,0,0,0,0,0,0,0,0,0,0,0,0,0,0,0,0,0,0,0,0,0,0,0,0,0
pastel-party-hat-3d-pop-up-birthday-card,10631215169,10,0,0,0,0,0,0,0,0,0,0,0,0,0,0,0,0,0,0,0,0,0,0,0,0,0,0,0,0,0,0,0,0,0,0,668,0,0,0,0,0,0,0,0,0,0,0,0,0,0,0,0,0,0,0,668,668,668,668,668,668,668,668,668,668,668,668,668,668
peace-sign-3d-pop-up-card,10364942145,10,138,138,138,138,138,138,138,138,138,138,138,138,138,138,138,138,138,138,138,138,138,138,138,138,138,138,138,138,138,138,138,138,138,138,138,0,0,0,0,0,0,0,0,0,0,NaN,NaN,NaN,NaN,NaN,NaN,NaN,NaN,NaN,NaN,NaN,NaN,NaN,NaN,NaN,NaN,NaN,NaN,NaN,NaN,NaN,NaN,NaN
peacock-birthday-card,21344950593,13,0,0,0,0,0,0,0,0,0,0,0,0,0,0,0,0,0,0,0,0,0,0,0,0,0,0,0,0,0,0,0,NaN,NaN,NaN,NaN,0,0,0,0,0,0,0,0,0,0,0,0,0,0,0,0,0,0,0,0,0,0,0,0,0,0,0,0,0,0,0,0,0
peas-in-a-pod-pop-up-card,30552195981,13,0,0,0,93,93,93,93,93,93,93,93,93,93,93,93,93,93,93,93,93,93,93,93,93,93,93,93,93,93,93,93,93,93,93,93,0,0,0,0,0,0,0,0,0,0,0,0,NaN,NaN,NaN,NaN,NaN,NaN,NaN,NaN,NaN,NaN,NaN,NaN,NaN,NaN,NaN,NaN,NaN,NaN,NaN,NaN,NaN
penguin-dad-kirgami-card,18482160321,10,0,0,0,0,0,0,0,0,0,0,0,0,0,0,0,0,0,0,0,0,0,0,0,0,0,0,0,0,0,0,0,0,0,0,0,0,0,0,0,0,0,0,652,652,652,652,652,652,652,652,652,652,652,652,652,652,652,652,652,652,652,652,652,652,652,652,652,652
pi-day-pie-3d-pop-up-card,16542272129,13,0,0,0,0,0,0,0,0,0,0,0,0,0,0,0,0,0,0,0,0,0,0,0,0,0,0,0,0,0,0,0,0,0,0,289,0,0,0,0,0,0,0,0,0,NaN,NaN,NaN,NaN,NaN,NaN,NaN,NaN,NaN,NaN,NaN,NaN,NaN,NaN,NaN,NaN,NaN,NaN,NaN,NaN,NaN,NaN,NaN,NaN
pirate-ship-3d-pop-up-birthday-card,4862966977,13,0,0,0,0,0,0,0,0,0,0,0,0,0,1515,1515,1515,1515,1515,1515,1515,1515,1515,1515,1515,1515,1515,1515,1515,1515,1515,1515,1515,1515,1515,1515,0,0,0,NaN,NaN,NaN,NaN,NaN,NaN,NaN,NaN,NaN,NaN,NaN,NaN,NaN,NaN,NaN,NaN,NaN,NaN,NaN,NaN,NaN,NaN,NaN,NaN,NaN,NaN,NaN,NaN,NaN,NaN
pop-up-basketball-birthday-card,10685411329,13,0,0,0,0,0,0,0,0,0,0,0,0,0,0,0,0,0,0,0,0,0,0,0,0,0,0,0,0,0,0,0,0,0,0,0,0,0,0,0,0,0,0,0,0,0,0,0,0,0,0,0,0,0,0,0,0,0,0,0,0,0,0,0,NaN,NaN,NaN,NaN,NaN
pop-up-bear-graduation-card,34276503437,13,0,0,0,0,0,0,0,0,0,0,0,0,0,0,0,0,0,0,0,0,0,0,0,0,0,0,0,0,0,0,0,0,0,0,0,0,0,0,0,0,0,218,218,218,218,218,218,218,218,218,218,218,218,218,218,218,218,218,218,218,218,218,218,218,218,218,218,218
pop-up-boxing-card,23488222081,13,274,274,274,274,274,274,274,274,274,274,274,274,274,274,274,274,274,274,274,274,274,274,274,274,274,274,274,274,274,274,274,274,274,274,274,0,0,0,0,0,0,0,0,0,0,NaN,NaN,NaN,NaN,NaN,NaN,NaN,NaN,NaN,NaN,NaN,NaN,NaN,NaN,NaN,NaN,NaN,NaN,NaN,NaN,NaN,NaN,NaN
pop-up-diwali-card,8130209921,13,0,0,0,0,0,0,0,0,0,0,0,0,0,0,0,0,0,0,0,0,0,0,0,0,0,0,0,0,0,0,0,0,0,0,0,2088,2088,2088,2088,2088,2088,2088,2088,2088,2088,2088,2088,2088,2088,2088,2088,2088,2088,2088,2088,2088,2088,2088,2088,2088,2088,2088,2088,2088,2088,2088,2088,2088
pug-cake-smash-3d-pop-up-birthday-card,10672158017,10,0,0,0,0,0,0,0,0,0,0,0,0,0,0,0,0,0,0,0,0,0,0,0,0,0,0,0,0,0,0,0,0,0,0,0,0,0,0,0,0,0,0,0,0,0,0,NaN,NaN,NaN,NaN,NaN,NaN,NaN,NaN,NaN,NaN,NaN,NaN,NaN,NaN,NaN,NaN,NaN,NaN,NaN,NaN,NaN,NaN
puppy-bath-time-3d-card,17577391681,10,0,0,0,0,0,0,0,0,0,0,0,0,0,0,0,0,0,0,0,0,0,0,0,0,0,0,0,0,0,0,0,0,0,0,0,0,0,0,0,0,0,0,0,0,0,0,0,0,0,0,0,0,0,0,0,0,0,0,0,0,99,99,99,99,99,99,99,99
racing-runner-pop-up-card,17544925953,10,0,0,0,0,0,0,0,0,0,0,0,0,0,0,0,0,0,0,0,0,0,0,0,0,0,0,0,0,0,0,0,0,0,0,0,0,0,0,0,0,0,0,0,0,0,0,0,0,0,0,0,0,0,0,0,0,0,0,0,0,0,0,NaN,NaN,NaN,NaN,NaN,NaN
rainbow-bridge-card,30412383437,13,0,0,0,0,0,0,0,0,0,0,0,0,0,0,0,0,0,0,0,0,0,0,0,0,0,0,0,0,0,0,0,0,0,0,0,0,0,0,0,0,0,0,0,0,0,0,0,0,0,0,0,0,0,0,0,0,0,0,0,0,NaN,NaN,NaN,NaN,NaN,NaN,NaN,NaN
reindeer-with-presents-3d-pop-up-christmas-card,10492399361,13,0,0,0,0,0,0,0,0,0,0,0,0,0,0,0,0,0,0,0,0,0,0,0,0,0,0,0,0,0,0,0,0,0,0,0,0,0,0,0,0,0,0,0,0,0,0,0,0,0,0,0,0,828,828,828,828,828,828,828,828,828,828,828,828,828,828,828,828
release-the-kraken-pop-up-birthday-card,10728548993,13,0,141,141,141,141,141,141,141,141,141,141,141,141,141,141,141,141,141,141,141,141,141,141,141,141,141,141,141,141,141,141,141,141,141,141,0,0,0,0,0,0,0,0,0,0,0,0,NaN,NaN,NaN,NaN,NaN,NaN,NaN,NaN,NaN,NaN,NaN,NaN,NaN,NaN,NaN,NaN,NaN,NaN,NaN,NaN,NaN
republican-elephant-3d-pop-up-greeting-card,24305920513,10,0,0,0,0,0,0,0,0,0,0,0,0,0,0,0,0,0,0,0,0,0,0,0,0,0,0,0,0,0,0,0,0,0,0,0,0,0,0,0,0,0,0,0,0,0,0,0,0,0,0,388,388,388,388,388,388,388,388,388,388,388,388,388,388,388,388,388,388
rocket-ship-3d-pop-up-fathers-day-card,18482776321,13,0,0,0,0,0,0,0,0,0,0,0,0,0,0,1121,1121,1121,1121,1121,1121,1121,1121,1121,1121,1121,1121,1121,1121,1121,1121,1121,1121,1121,1121,1121,0,0,0,0,0,0,0,1033,1033,1033,1033,1033,1033,1033,1033,1033,1033,1033,1033,1033,1033,1033,1033,1033,1033,1033,1033,1033,1033,1033,1033,1033,1033
rose-bouquet-3d-pop-up-valentines-day-card,10684449089,13,0,0,0,0,0,0,0,0,0,0,0,0,0,0,0,0,0,0,0,0,0,0,0,0,0,0,0,0,0,0,0,0,0,0,0,0,1465,1465,1465,1465,1465,1465,1465,1465,1465,1465,1465,1465,1465,1465,1465,1465,1465,1465,1465,1465,1465,1465,1465,1465,1465,1465,1465,1465,1465,1465,1465,1465
royal-flush-pop-up-card,5461585665,13,0,179,179,179,179,179,179,179,179,179,179,179,179,179,179,179,179,179,179,179,179,179,179,179,179,179,179,179,179,179,179,179,179,179,179,0,0,0,0,0,0,0,0,0,0,0,0,0,0,0,0,0,0,0,0,0,0,0,0,0,0,0,0,0,0,0,0,0
saguaro-cactus-3d-pop-up-card,22534066177,13,0,71,71,71,71,71,71,71,71,71,71,71,71,71,71,71,71,71,71,71,71,71,71,71,71,71,71,71,71,71,71,71,71,71,71,0,0,0,0,0,0,0,0,0,0,0,0,NaN,NaN,NaN,NaN,NaN,NaN,NaN,NaN,NaN,NaN,NaN,NaN,NaN,NaN,NaN,NaN,NaN,NaN,NaN,NaN,NaN
sailboat-3d-pop-up-card,18668618497,13,0,0,0,0,0,0,0,0,0,0,0,0,0,0,0,0,0,0,0,0,0,0,0,0,0,0,0,0,0,0,0,0,0,0,0,0,0,0,0,0,0,0,NaN,NaN,NaN,NaN,NaN,NaN,NaN,NaN,NaN,NaN,NaN,NaN,NaN,NaN,NaN,NaN,NaN,NaN,NaN,NaN,NaN,NaN,NaN,NaN,NaN,NaN
santa-hammock-christmas-card,7244238401,13,0,0,0,0,0,0,0,0,0,0,0,0,0,0,0,0,0,0,343,343,343,343,343,343,343,343,343,343,343,343,343,343,343,343,343,0,0,0,0,0,0,0,0,0,0,0,0,0,0,0,0,0,0,0,0,0,0,0,0,323,323,323,323,323,323,323,323,323
santa-motorcycle-christmas-card,21799441409,13,0,0,0,0,0,0,0,0,0,0,0,0,0,0,0,0,0,0,0,0,0,0,0,0,0,0,0,0,0,0,0,0,0,0,0,0,0,0,0,0,0,0,0,0,0,0,0,0,0,0,0,0,0,0,0,0,0,0,0,0,0,0,0,0,0,0,NaN,NaN
santa-on-the-move-3-pack,26634449025,33,0,0,0,0,0,0,0,0,0,25,25,25,25,25,25,25,25,25,25,25,25,25,25,25,25,25,25,25,25,25,25,25,25,25,25,0,0,0,0,0,0,0,0,0,0,0,0,0,0,0,0,0,0,0,0,0,0,24,24,24,24,24,24,24,24,24,24,24
santa-sleigh-christmas-card,7244234689,13,0,0,0,0,0,0,0,0,0,0,0,0,0,0,0,0,0,0,2781,2781,2781,2781,2781,2781,2781,2781,2781,2781,2781,2781,2781,2781,2781,2781,2781,0,0,0,0,0,0,0,0,0,0,0,0,0,0,0,0,0,0,0,0,0,0,0,0,NaN,NaN,NaN,NaN,NaN,NaN,NaN,NaN,NaN
scaredy-cat-3d-pop-up-greeting-card,11122699905,10,0,0,0,0,0,0,0,0,0,0,0,0,0,0,0,0,0,0,0,0,0,0,0,0,0,0,0,0,0,0,0,0,0,0,0,0,0,0,0,0,0,0,0,0,0,0,0,0,0,0,0,0,0,0,0,0,0,0,0,0,0,0,0,122,122,122,122,122
shark-pop-up-card,10929755585,13,0,0,0,0,0,0,0,0,0,0,0,0,0,0,0,0,0,0,0,0,0,0,0,0,0,0,0,0,0,0,0,0,0,0,0,0,0,0,0,0,0,0,0,0,0,0,0,0,0,0,0,0,0,0,0,NaN,NaN,NaN,NaN,NaN,NaN,NaN,NaN,NaN,NaN,NaN,NaN,NaN
shark-tank-roberts-sports-car-3d-pop-up-birthday-card,10724571521,13,0,0,0,0,0,0,0,0,0,0,0,0,0,2105,2105,2105,2105,2105,2105,2105,2105,2105,2105,2105,2105,2105,2105,2105,2105,2105,2105,2105,2105,2105,2105,0,0,0,0,0,0,2031,2031,2031,2031,2031,2031,2031,2031,2031,2031,2031,2031,2031,2031,2031,2031,2031,2031,2031,2031,2031,2031,2031,2031,2031,2031,2031
shopping-time-orange,20739399553,10,0,0,0,0,0,0,0,0,0,0,0,0,0,0,0,0,0,0,0,0,0,0,0,0,0,0,0,0,161,161,161,161,161,161,161,0,0,0,0,0,0,0,0,0,0,0,0,0,0,0,0,0,0,0,0,0,0,0,0,0,0,0,0,0,0,0,153,153
shopping-time-pop-up-card,1095371553,10,0,0,0,0,0,0,0,0,0,0,0,0,0,0,0,0,0,0,0,0,0,0,0,0,0,0,0,0,0,0,0,0,0,0,0,0,0,0,0,0,0,0,0,0,0,0,0,0,0,0,0,0,0,0,0,0,0,0,0,0,0,0,0,0,0,0,71,71
slot-machine-pop-up-card,5461585729,10,0,0,0,0,0,0,0,0,0,0,0,0,0,0,0,0,0,0,0,0,0,0,0,0,0,0,0,0,0,0,0,0,0,0,239,0,0,0,0,0,0,0,0,0,0,0,0,0,0,0,0,0,0,0,NaN,NaN,NaN,NaN,NaN,NaN,NaN,NaN,NaN,NaN,NaN,NaN,NaN,NaN
small-coffee-cup-3d-pop-up-gift-card,10684806977,8,0,0,0,0,0,0,0,0,0,0,0,0,0,0,0,0,0,0,0,0,0,0,0,0,0,0,0,0,0,0,0,NaN,NaN,NaN,NaN,0,0,0,0,0,0,0,0,0,0,0,0,0,0,0,0,0,0,0,0,0,0,0,0,0,0,0,0,0,0,0,0,0
snake-3d-pop-up-birthday-card,18585141633,13,0,0,0,0,0,0,0,0,0,0,0,0,0,0,0,0,0,0,0,0,0,346,346,346,346,346,346,346,346,346,346,346,346,346,346,0,0,0,0,0,0,0,0,0,0,0,0,0,0,0,0,0,0,0,0,0,0,0,0,0,0,0,0,NaN,NaN,NaN,NaN,NaN
snowflake-tree-holiday-card,21869606273,13,0,0,0,0,0,0,0,0,0,0,0,0,0,0,0,0,0,0,177,177,177,177,177,177,177,177,177,177,177,177,177,177,177,177,177,0,0,0,0,0,0,0,0,0,0,0,0,0,0,0,0,0,0,0,0,0,0,0,169,169,169,169,169,169,169,169,169,169
snowman-christmas-card,21800557441,13,0,0,0,0,0,0,0,0,0,0,0,0,0,0,0,0,0,0,4507,4507,4507,4507,4507,4507,4507,4507,4507,4507,4507,4507,4507,4507,4507,4507,4507,0,0,0,0,0,0,0,0,0,0,0,0,0,0,0,0,0,0,0,0,0,0,0,0,NaN,NaN,NaN,NaN,NaN,NaN,NaN,NaN,NaN
soccer-gal-pop-up-card,33021175565,13,0,0,0,0,0,0,0,0,0,0,0,0,0,0,0,0,0,0,0,0,0,0,0,0,0,0,0,0,0,0,0,0,0,0,0,0,0,0,0,0,0,0,0,0,0,0,0,0,0,0,0,0,0,0,0,0,0,0,0,0,0,0,NaN,NaN,NaN,NaN,NaN,NaN
soccer-guy-pop-up-card,33021455629,13,0,0,0,0,0,0,0,0,0,0,0,0,0,0,0,0,0,0,0,0,0,0,0,0,0,0,0,0,0,0,0,0,0,0,0,0,0,0,0,0,0,0,0,0,0,0,0,0,0,0,0,0,0,0,0,0,0,0,0,0,0,0,585,585,585,585,585,585
sparkling-snowflake-pop-up-card,1095371525,13,0,93,93,93,93,93,93,93,93,93,93,93,93,93,93,93,93,93,93,93,93,93,93,93,93,93,93,93,93,93,93,93,93,93,93,0,0,0,0,0,0,0,0,0,0,0,0,NaN,NaN,NaN,NaN,NaN,NaN,NaN,NaN,NaN,NaN,NaN,NaN,NaN,NaN,NaN,NaN,NaN,NaN,NaN,NaN,NaN
springtime-picnic-3d-pop-up-greeting-card,17290392705,15,0,0,0,0,0,0,0,94,94,94,94,94,94,94,94,94,94,94,94,94,94,94,94,94,94,94,94,94,94,94,94,94,94,94,94,0,0,0,0,0,0,0,0,0,0,0,0,0,0,0,0,0,0,0,0,0,0,0,0,0,0,0,0,0,0,0,0,344
steamboat-3d-pop-up-greeting-card,10607692417,13,0,0,0,0,263,263,263,263,263,263,263,263,263,263,263,263,263,263,263,263,263,263,263,263,263,263,263,263,263,263,263,263,263,263,263,0,0,0,0,0,0,0,0,0,0,0,0,0,0,0,0,0,0,0,0,0,0,0,0,0,0,0,0,0,0,563,563,563
stork-blue-pop-up-card,1095372853,10,0,0,0,0,0,0,0,0,0,0,0,0,0,0,0,0,0,0,0,0,0,0,0,0,0,0,0,0,63,63,63,63,63,63,63,0,0,0,0,0,0,0,0,50,50,50,50,50,50,50,50,50,50,50,50,50,50,50,50,50,50,50,50,50,50,50,50,50
stork-pink-pop-up-card,6662291841,10,0,0,0,0,0,0,0,0,0,0,0,0,0,0,0,0,0,0,0,0,359,359,359,359,359,359,359,359,359,359,359,359,359,359,359,0,0,0,0,0,0,0,0,0,0,0,0,0,0,0,0,0,0,0,0,0,0,309,309,309,309,309,309,309,309,309,309,309
stork-yellow-pop-up-card,6662286273,10,0,0,0,0,0,0,0,0,0,0,0,0,0,0,0,0,0,0,0,0,0,0,0,0,0,0,0,0,0,0,0,0,0,0,0,0,0,0,0,0,0,0,0,NaN,NaN,NaN,NaN,NaN,NaN,NaN,NaN,NaN,NaN,NaN,NaN,NaN,NaN,NaN,NaN,NaN,NaN,NaN,NaN,NaN,NaN,NaN,NaN,NaN
super-mom-pop-up-mothers-day-card,21415885633,13,0,0,0,0,0,0,0,0,0,0,0,0,0,0,0,0,0,0,0,0,0,0,0,0,0,0,0,0,0,0,0,0,0,0,0,0,0,0,0,0,0,0,0,0,0,0,0,0,0,0,0,0,0,0,0,0,0,0,0,0,0,0,0,0,0,0,0,295
surfer-pop-up-card,3308268481,13,0,0,0,0,0,0,0,0,0,0,0,0,0,0,0,0,0,0,0,0,0,0,75,75,75,75,75,75,75,75,75,75,75,75,75,0,0,0,0,0,0,0,0,0,0,0,NaN,NaN,NaN,NaN,NaN,NaN,NaN,NaN,NaN,NaN,NaN,NaN,NaN,NaN,NaN,NaN,NaN,NaN,NaN,NaN,NaN,NaN
swans-3d-pop-up-love-card,10684719617,10,0,0,0,0,0,0,0,0,0,0,0,0,0,0,0,0,0,0,0,0,0,0,0,0,0,0,0,0,0,0,0,0,0,0,0,0,0,0,0,0,0,0,0,0,0,0,0,0,0,0,0,0,0,0,0,NaN,NaN,NaN,NaN,NaN,NaN,NaN,NaN,NaN,NaN,NaN,NaN,NaN
t-rex-dad-pop-up-dinosaur-card,18481611137,13,0,0,0,0,0,0,0,0,0,0,0,0,0,1488,1488,1488,1488,1488,1488,1488,1488,1488,1488,1488,1488,1488,1488,1488,1488,1488,1488,1488,1488,1488,1488,0,0,0,2008,2008,2008,2008,2008,2008,2008,2008,2008,2008,2008,2008,2008,2008,2008,2008,2008,2008,2008,2008,2008,2008,2008,2008,2008,2008,2008,2008,2008,2008
t-rex-dinosaur-christmas-card,21870388801,13,0,0,0,0,0,0,0,0,0,0,0,0,0,0,0,0,0,0,0,0,0,0,0,0,0,0,53,53,53,53,53,53,53,53,53,0,0,0,0,0,0,0,0,0,0,0,0,0,0,0,0,0,0,0,0,0,0,0,0,0,0,NaN,NaN,NaN,NaN,NaN,NaN,NaN
t-rex-pop-up-dinosaur-card,18581784385,13,0,0,0,0,0,0,0,0,0,0,0,0,0,0,0,0,0,0,0,0,0,0,0,0,0,0,0,0,0,0,0,0,0,0,0,0,0,0,0,0,0,0,388,388,388,388,388,388,388,388,388,388,388,388,388,388,388,388,388,388,388,388,388,388,388,388,388,388
taxi-3d-pop-up-card,23625256257,13,0,0,0,180,180,180,180,180,180,180,180,180,180,180,180,180,180,180,180,180,180,180,180,180,180,180,180,180,180,180,180,180,180,180,180,0,0,0,0,0,0,0,0,0,0,0,0,0,0,169,169,169,169,169,169,169,169,169,169,169,169,169,169,169,169,169,169,169
teachers-apple-pop-up-card,18669557185,13,0,0,0,0,0,0,0,0,0,0,0,0,0,0,0,0,0,0,0,0,0,0,0,0,0,0,0,0,0,0,0,0,0,0,0,0,0,0,0,0,0,0,0,0,0,0,0,0,0,0,0,0,0,0,0,0,0,0,0,0,0,0,0,0,0,0,0,undefined
thanksgiving-card,7244239361,10,0,0,0,0,0,0,0,0,0,0,0,0,0,0,0,0,0,0,0,0,0,0,0,0,0,0,0,0,0,0,0,0,0,157,157,0,0,0,0,0,0,0,0,0,NaN,NaN,NaN,NaN,NaN,NaN,NaN,NaN,NaN,NaN,NaN,NaN,NaN,NaN,NaN,NaN,NaN,NaN,NaN,NaN,NaN,NaN,NaN,NaN
the-beatles-abbey-road-pop-up-card,37702116685,15,0,0,0,0,0,0,0,0,0,0,0,0,0,0,0,10909,10909,10909,10909,10909,10909,10909,10909,10909,10909,10909,10909,10909,10909,10909,10909,10909,10909,10909,10909,0,0,NaN,NaN,NaN,NaN,NaN,NaN,NaN,NaN,NaN,NaN,NaN,NaN,NaN,NaN,NaN,NaN,NaN,NaN,NaN,NaN,NaN,NaN,NaN,NaN,NaN,NaN,NaN,NaN,NaN,NaN,NaN
the-beatles-yellow-submarine-pop-up-card,37701283917,15,0,0,0,0,0,0,0,0,0,0,0,0,0,0,0,5595,5595,5595,5595,5595,5595,5595,5595,5595,5595,5595,5595,5595,5595,5595,5595,5595,5595,5595,5595,0,0,NaN,NaN,NaN,NaN,NaN,NaN,NaN,NaN,NaN,NaN,NaN,NaN,NaN,NaN,NaN,NaN,NaN,NaN,NaN,NaN,NaN,NaN,NaN,NaN,NaN,NaN,NaN,NaN,NaN,NaN,NaN
the-seasons-greetings-christmas-10-pack-1,28325783361,99,0,0,0,0,0,0,0,0,0,0,0,0,0,0,0,0,0,0,0,0,0,0,0,0,0,0,0,0,0,0,0,0,0,78,78,NaN,NaN,NaN,NaN,NaN,NaN,NaN,NaN,NaN,NaN,NaN,NaN,NaN,NaN,NaN,NaN,NaN,NaN,NaN,NaN,NaN,NaN,NaN,NaN,NaN,NaN,NaN,NaN,NaN,NaN,NaN,NaN,NaN
the-young-america-clipper-ship-pop-up-card,1095371557,13,0,0,0,0,0,0,0,0,0,0,0,0,0,0,0,0,0,0,0,0,0,0,0,0,0,0,0,0,0,0,0,0,0,0,0,0,0,0,0,0,0,0,NaN,NaN,NaN,NaN,NaN,NaN,NaN,NaN,NaN,NaN,NaN,NaN,NaN,NaN,NaN,NaN,NaN,NaN,NaN,NaN,NaN,NaN,NaN,NaN,NaN,NaN
thumbs-up,21411551553,13,0,0,0,0,0,0,0,0,0,0,0,0,0,0,0,0,0,0,0,0,0,0,0,0,0,0,0,0,0,0,274,274,274,274,274,0,0,0,0,0,0,0,0,0,0,0,0,0,0,0,0,0,0,0,0,0,0,0,0,0,NaN,NaN,NaN,NaN,NaN,NaN,NaN,NaN
train-3d-pop-up-birthday-card,18669645697,15,0,0,0,0,0,0,0,0,0,0,0,285,285,285,285,285,285,285,285,285,285,285,285,285,285,285,285,285,285,285,285,285,285,285,285,0,0,0,0,NaN,NaN,NaN,NaN,NaN,NaN,NaN,NaN,NaN,NaN,NaN,NaN,NaN,NaN,NaN,NaN,NaN,NaN,NaN,NaN,NaN,NaN,NaN,NaN,NaN,NaN,NaN,NaN,NaN
tropical-christmas-3-pack,27962949505,33,0,0,0,0,0,0,0,0,0,0,0,0,0,0,0,0,0,0,0,0,0,0,0,0,0,0,40,40,40,40,40,40,40,40,40,0,0,0,0,0,0,0,0,0,0,0,0,0,0,0,0,0,NaN,NaN,NaN,NaN,NaN,NaN,NaN,NaN,NaN,NaN,NaN,NaN,NaN,NaN,NaN,NaN
tulip-pop-up-card,32654102797,13,0,0,0,0,0,0,0,0,0,0,0,0,0,0,0,0,0,0,0,0,0,0,0,0,0,0,0,0,0,0,0,0,0,0,0,0,0,0,0,0,0,0,0,0,0,0,0,0,0,0,0,0,0,0,0,NaN,NaN,NaN,NaN,NaN,NaN,NaN,NaN,NaN,NaN,NaN,NaN,NaN
tulip-pop-up-gift-card,32652949069,10,0,0,0,0,0,0,0,0,0,0,0,0,0,0,0,0,0,0,0,0,0,0,0,0,0,0,0,0,0,0,0,0,0,0,0,0,0,0,0,0,0,0,0,0,0,0,0,0,0,0,0,NaN,NaN,NaN,NaN,NaN,NaN,NaN,NaN,NaN,NaN,NaN,NaN,NaN,NaN,NaN,NaN,NaN
turkey-3d-pop-up-thanksgiving-card,8078102209,10,0,0,0,0,0,0,0,0,0,0,0,0,0,0,0,0,0,0,0,0,0,0,0,0,0,0,0,0,0,0,0,0,0,0,41,0,0,0,0,0,0,0,0,0,32,32,32,32,32,32,32,32,32,32,32,32,32,32,32,32,32,32,32,32,32,32,32,32
turtle-3d-pop-up-love-card,10684760641,13,0,0,0,0,0,0,0,0,0,0,0,2103,2103,2103,2103,2103,2103,2103,2103,2103,2103,2103,2103,2103,2103,2103,2103,2103,2103,2103,2103,2103,2103,2103,2103,0,0,0,0,0,0,0,0,0,0,0,0,0,0,0,0,2066,2066,2066,2066,2066,2066,2066,2066,2066,2066,2066,2066,2066,2066,2066,2066,2066
unicorn-3d-pop-up-greeting-card,11970264897,13,0,0,0,0,0,0,0,0,0,0,0,0,0,0,0,0,0,0,0,1760,1760,1760,1760,1760,1760,1760,1760,1760,1760,1760,1760,1760,1760,1760,1760,0,0,0,0,0,0,0,0,0,0,0,NaN,NaN,NaN,NaN,NaN,NaN,NaN,NaN,NaN,NaN,NaN,NaN,NaN,NaN,NaN,NaN,NaN,NaN,NaN,NaN,NaN,NaN
usa-bear,20632494401,13,0,0,0,0,0,0,0,0,0,0,0,0,0,0,0,0,0,0,0,0,0,0,0,0,0,24,24,24,24,24,24,24,24,24,24,0,0,0,0,0,0,0,0,0,0,0,0,0,0,0,0,0,0,0,0,0,0,0,0,0,0,0,0,0,0,0,0,0
uscg-eagle-military-card,18669934977,13,0,0,0,0,0,0,0,0,0,0,0,0,0,0,0,0,0,228,228,228,228,228,228,228,228,228,228,228,228,228,228,228,228,228,228,0,0,0,0,0,0,0,194,194,194,194,194,194,194,194,194,194,194,194,194,194,194,194,194,194,194,194,194,194,194,194,194,194
uss-constitution-pop-up-card,1095372825,13,0,0,0,0,0,0,0,0,0,0,0,0,0,0,0,0,0,0,0,0,0,0,0,0,0,0,0,0,0,0,0,0,0,0,0,0,0,0,0,0,0,0,1057,1057,1057,1057,1057,1057,1057,1057,1057,1057,1057,1057,1057,1057,1057,1057,1057,1057,1057,1057,1057,1057,1057,1057,1057,1057
vampire-coffin-pop-up-card,7244233985,10,0,0,0,0,0,0,0,0,0,0,0,0,0,0,0,0,0,0,0,0,0,0,0,180,180,180,180,180,180,180,180,180,180,180,180,0,0,0,0,0,0,0,0,0,0,0,0,0,0,0,177,177,177,177,177,177,177,177,177,177,177,177,177,177,177,177,177,177
vibrant-party-hat-3d-pop-up-birthday-card,10632744513,10,0,0,0,0,0,0,0,0,0,0,0,0,0,0,0,0,0,0,0,0,0,0,0,0,0,0,0,0,0,0,0,0,0,0,0,0,0,0,0,0,0,0,0,0,0,0,0,0,0,0,0,0,0,0,NaN,NaN,NaN,NaN,NaN,NaN,NaN,NaN,NaN,NaN,NaN,NaN,NaN,NaN
viking-pop-up-card,30860166285,13,0,0,0,0,0,0,0,0,0,0,0,0,0,0,0,0,0,0,0,0,0,0,0,0,0,0,0,0,0,0,0,0,0,0,0,0,0,0,0,0,0,1609,1609,1609,1609,1609,1609,1609,1609,1609,1609,1609,1609,1609,1609,1609,1609,1609,1609,1609,1609,1609,1609,1609,1609,1609,1609,1609
wedding-car-brides-wedding-card,22189992897,13,0,0,0,0,0,0,0,0,0,0,0,0,0,0,0,0,0,0,0,0,0,0,0,0,0,0,0,0,0,0,0,0,0,0,0,0,0,0,0,0,0,0,0,0,0,0,0,0,0,0,NaN,NaN,NaN,NaN,NaN,NaN,NaN,NaN,NaN,NaN,NaN,NaN,NaN,NaN,NaN,NaN,NaN,NaN
wedding-car-grooms-wedding-card,22189725697,13,0,0,0,0,0,0,0,0,0,0,0,0,0,0,0,0,0,0,0,0,0,0,0,0,0,0,0,0,0,0,0,0,0,0,0,0,0,0,0,0,0,0,0,0,0,0,0,0,0,0,NaN,NaN,NaN,NaN,NaN,NaN,NaN,NaN,NaN,NaN,NaN,NaN,NaN,NaN,NaN,NaN,NaN,NaN
wedding-car-wedding-card,22189080513,13,0,0,0,465,465,465,465,465,465,465,465,465,465,465,465,465,465,465,465,465,465,465,465,465,465,465,465,465,465,465,465,465,465,465,465,0,0,0,0,0,0,0,0,0,0,0,0,0,0,876,876,876,876,876,876,876,876,876,876,876,876,876,876,876,876,876,876,876
wedding-chapel-brides-wedding-card,21167323905,13,0,0,119,119,119,119,119,119,119,119,119,119,119,119,119,119,119,119,119,119,119,119,119,119,119,119,119,119,119,119,119,119,119,119,119,0,0,0,0,0,0,0,0,0,0,0,0,0,0,0,118,118,118,118,118,118,118,118,118,118,118,118,118,118,118,118,118,118
wedding-chapel-grooms-wedding-card,21167498177,13,0,0,99,99,99,99,99,99,99,99,99,99,99,99,99,99,99,99,99,99,99,99,99,99,99,99,99,99,99,99,99,99,99,99,99,0,0,0,0,0,0,0,0,0,0,0,0,0,0,0,72,72,72,72,72,72,72,72,72,72,72,72,72,72,72,72,72,72
wedding-chapel-wedding-card,21167243841,13,0,0,0,0,0,0,0,0,0,0,0,0,0,0,0,0,0,0,0,0,0,0,0,0,0,0,0,0,0,0,0,0,0,0,0,0,0,0,0,0,0,NaN,NaN,NaN,NaN,NaN,NaN,NaN,NaN,NaN,NaN,NaN,NaN,NaN,NaN,NaN,NaN,NaN,NaN,NaN,NaN,NaN,NaN,NaN,NaN,NaN,NaN,NaN
wedding-day-brides-pop-up-card,2668805953,10,0,0,0,0,0,0,0,0,0,0,0,0,0,0,0,0,0,0,0,0,0,0,0,0,0,0,0,0,0,0,0,0,0,0,0,0,0,0,0,0,0,0,0,0,0,0,0,0,0,0,0,0,0,0,0,0,0,0,354,354,354,354,354,354,354,354,354,354
wedding-day-grooms-pop-up-card,2668805633,10,0,0,0,0,0,0,0,0,0,0,0,0,0,0,0,0,0,0,0,0,0,0,0,0,0,0,0,0,0,0,0,0,0,0,0,0,0,0,0,0,0,0,0,0,0,0,0,0,0,0,0,0,0,0,0,0,0,0,279,279,279,279,279,279,279,279,279,279
wedding-day-pop-up-card,2668805249,10,0,0,0,0,0,0,314,314,314,314,314,314,314,314,314,314,314,314,314,314,314,314,314,314,314,314,314,314,314,314,314,314,314,314,314,0,0,0,0,0,0,0,0,0,0,0,0,0,0,0,0,0,0,0,0,0,0,0,2230,2230,2230,2230,2230,2230,2230,2230,2230,2230
whale-mother-pop-up-card,1194512853,10,0,0,0,0,0,0,0,0,0,0,0,0,0,0,0,0,0,0,0,0,0,0,0,0,0,0,0,214,214,214,214,214,214,214,214,0,0,0,0,0,0,0,0,0,0,0,0,0,0,0,0,0,0,0,0,0,0,0,0,0,0,0,0,0,0,0,0,0
willow-love-scene-pop-up-card,10607874753,15,0,0,0,0,0,0,0,0,0,0,0,0,0,0,0,0,0,0,0,0,0,0,0,0,0,0,0,0,0,0,0,0,0,0,0,0,0,0,0,0,0,0,0,0,0,0,0,0,0,0,0,1710,1710,1710,1710,1710,1710,1710,1710,1710,1710,1710,1710,1710,1710,1710,1710,1710
willow-love-scene-same-sex-female-3d-card,30262107469,15,0,0,0,0,0,0,0,0,0,0,0,0,0,0,0,0,0,0,0,0,0,0,0,0,0,0,0,0,0,0,121,121,121,121,121,0,0,0,0,0,0,0,0,0,0,0,0,0,0,0,0,0,0,0,0,0,0,0,0,0,109,109,109,109,109,109,109,109
willow-love-scene-same-sex-male,30163812941,15,0,0,0,0,0,0,0,0,0,0,0,0,0,0,0,0,0,0,0,0,0,0,0,0,0,0,0,0,0,0,0,0,0,0,0,0,0,0,0,0,0,0,0,0,0,0,0,0,0,275,275,275,275,275,275,275,275,275,275,275,275,275,275,275,275,275,275,275
willow-tree-pop-up-card,2037715009,13,0,0,0,0,0,0,0,0,0,0,0,0,0,0,0,0,0,0,0,0,0,0,0,0,0,0,0,0,0,0,0,0,0,0,0,0,0,0,0,0,0,0,0,0,0,0,0,0,0,0,0,0,0,815,815,815,815,815,815,815,815,815,815,815,815,815,815,815
wine-glass-pop-up-card,2037821313,13,0,0,0,0,0,0,0,0,0,0,0,0,0,0,0,0,0,0,0,0,0,0,0,0,0,0,0,0,0,0,0,0,0,0,0,0,0,0,0,NaN,NaN,NaN,NaN,NaN,NaN,NaN,NaN,NaN,NaN,NaN,NaN,NaN,NaN,NaN,NaN,NaN,NaN,NaN,NaN,NaN,NaN,NaN,NaN,NaN,NaN,NaN,NaN,NaN
winter-cabin-snowman-pop-up-card,1095371825,10,0,0,0,0,0,0,0,0,0,0,0,0,0,0,0,0,0,0,0,0,0,0,0,0,0,0,0,0,0,0,0,0,0,699,699,696,696,696,696,696,696,696,696,696,696,696,696,696,696,696,696,696,696,696,696,696,696,696,696,696,696,696,696,696,696,696,696,696
wisemen-3-pack-christmas-pop-up-cards,10694141185,29,0,0,0,0,0,0,0,0,0,35,35,35,35,35,35,35,35,35,35,35,35,35,35,35,35,35,35,35,35,35,35,35,35,35,35,0,0,0,0,0,0,0,0,0,0,0,0,0,0,0,0,0,0,0,0,0,0,35,35,35,35,35,35,35,35,35,35,35
witchs-brew-pop-up-card,7244239553,10,0,0,0,0,0,0,0,0,0,0,0,0,0,0,0,0,0,0,0,0,0,0,0,0,0,0,0,0,0,0,0,0,0,0,0,0,0,0,0,0,0,0,0,0,0,0,0,0,0,0,47,47,47,47,47,47,47,47,47,47,47,47,47,47,47,47,47,47
wreath-holiday-photo-card,21870470785,13,0,0,0,0,0,0,0,0,0,0,0,0,0,0,0,0,0,0,0,5961,5961,5961,5961,5961,5961,5961,5961,5961,5961,5961,5961,5961,5961,5961,5961,5961,5961,5961,5961,5961,5961,5961,5961,5961,5961,5961,5961,5961,5961,5961,5961,5961,5961,5961,5961,5961,5961,5961,5961,5961,5961,5961,5961,5961,5961,5961,5961,5961
yellow-house-3d-housewarming-card,18577457025,13,0,0,0,0,0,0,0,0,0,0,0,0,0,0,0,0,0,0,0,0,0,0,0,0,0,0,0,0,0,109,109,109,109,109,109,0,0,0,0,0,0,0,0,0,0,0,0,0,0,0,0,0,0,0,0,0,0,0,0,0,46,46,46,46,46,46,46,46
