Product Name, ID, Price,Tue Feb 14 2017 20:35:45 GMT-0500 (EST),Tue Feb 14 2017 20:38:17 GMT-0500 (EST),Wed Feb 15 2017 02:37:46 GMT-0500 (EST),Wed Feb 15 2017 08:37:46 GMT-0500 (EST),Wed Feb 15 2017 14:37:45 GMT-0500 (EST),Wed Feb 15 2017 20:37:45 GMT-0500 (EST),Thu Feb 16 2017 02:37:48 GMT-0500 (EST),Thu Feb 16 2017 08:37:43 GMT-0500 (EST),Thu Feb 16 2017 14:37:43 GMT-0500 (EST),Thu Feb 16 2017 20:37:41 GMT-0500 (EST),Fri Feb 17 2017 02:37:41 GMT-0500 (EST),Fri Feb 17 2017 08:37:40 GMT-0500 (EST),Fri Feb 17 2017 14:37:40 GMT-0500 (EST),Fri Feb 17 2017 20:37:39 GMT-0500 (EST),Sat Feb 18 2017 02:37:39 GMT-0500 (EST),Sat Feb 18 2017 08:37:38 GMT-0500 (EST),Sat Feb 18 2017 14:37:38 GMT-0500 (EST),Sat Feb 18 2017 20:37:37 GMT-0500 (EST),Sun Feb 19 2017 02:37:36 GMT-0500 (EST),Sun Feb 19 2017 08:37:36 GMT-0500 (EST),Sun Feb 19 2017 14:37:35 GMT-0500 (EST),Sun Feb 19 2017 20:37:34 GMT-0500 (EST),Mon Feb 20 2017 02:37:34 GMT-0500 (EST),Mon Feb 20 2017 08:37:37 GMT-0500 (EST),Mon Feb 20 2017 14:37:33 GMT-0500 (EST),Mon Feb 20 2017 20:37:32 GMT-0500 (EST)
12-days-of-christmas-pack-3d-pop-up-christmas-cards,10693857985,99,26,26,26,26,26,25,25,24,24,24,24,24,24,24,24,23,23,23,23,23,23,11,11,11,11,11
3-santa-pack-3d-pop-up-christmas-cards,10694124289,29,11,11,11,11,11,11,11,11,11,11,11,11,11,11,11,11,11,11,11,11,11,11,11,11,11,11
3d-pop-up-shark-tank-christmas-card,10728524481,13,354,354,354,354,353,353,352,352,352,352,352,352,352,352,352,352,352,352,352,352,351,350,349,349,349,348
5-days-of-love-3d-pop-up-valentines-day-card-pack,11443232449,43,1,1,0,0,0,0,0,0,0,0,0,0,0,0,0,0,0,0,0,0,0,0,0,0,0,0
a-bear-for-every-season-card-10-pack,28259322753,99,10,10,10,10,8,7,7,7,7,6,5,5,4,3,2,1,1,1,1,1,1,5,5,5,5,5
acoustic-guitar-pop-up-card,18089441537,13,0,0,0,0,0,0,0,0,0,0,0,0,197,188,187,184,182,181,180,180,178,162,162,162,161,151
airplane-pop-up-card,30912195853,13,517,517,512,510,435,315,311,310,293,281,277,273,252,244,240,239,238,230,229,227,218,214,213,213,207,178
all-i-want-for-christmas-is-lovepop-29-pack,28257084993,289,3,3,3,3,3,3,3,3,3,3,3,3,3,3,2,2,2,2,2,2,2,2,2,2,2,2
american-flag-pop-up-card,4863035265,10,227,227,227,227,227,225,219,219,219,218,216,216,214,214,214,213,213,213,213,213,213,141,141,141,141,138
angel-3d-pop-up-christmas-card,7244238593,10,1942,1942,1942,1942,1934,1932,1927,1927,1923,1904,1904,1904,1902,1899,1897,1895,1895,1895,1895,1895,1894,1895,1895,1895,1893,1891
baby-chicks-3d-pop-up-greeting-card,12311549569,10,7,7,7,7,1,0,0,0,0,0,0,0,0,0,0,0,0,0,0,0,0,16,15,15,13,13
baby-its-cold-outside-5-pack,27961379777,60,32,32,32,32,32,31,31,31,31,30,30,30,30,30,30,30,30,30,30,30,30,30,30,30,30,30
balloon-bouquet-birthday-pop-up-card,3308269249,10,256,256,248,244,218,189,183,181,166,141,137,132,125,120,117,115,106,100,98,95,87,0,0,0,0,0
balloon-bouquet-pink-pop-up-card,30412942029,13,280,280,279,279,267,256,252,252,249,236,234,231,227,225,225,225,224,224,223,223,217,175,172,171,161,149
barrel-cactus-pop-up-card,24305571009,13,0,0,0,0,422,401,397,395,392,383,380,380,367,366,366,365,363,363,363,363,360,347,347,347,344,334
baseball-3d-pop-up-fathers-day-card,18667936769,13,0,0,0,0,0,0,0,0,0,14,14,14,12,9,9,9,8,6,4,4,0,0,0,0,0,0
bed-3d-pop-up-love-card,10684378945,10,41,41,39,39,31,27,25,25,24,23,23,23,21,19,16,15,13,11,8,8,7,5,5,3,3,0
beer-3d-pop-up-greeting-card,11122533121,10,0,0,0,0,0,0,0,0,205,194,189,188,166,157,157,157,154,153,151,151,148,68,67,67,63,54
bird-nest-pop-up-card,1330467841,10,0,0,0,0,0,0,0,0,0,0,0,0,0,0,0,0,0,0,0,0,0,160,160,160,157,148
birthday-card-5-pack,28522627597,48,0,0,0,0,0,0,0,0,0,0,0,0,0,0,0,0,0,0,0,0,0,22,22,22,20,20
birthday-present-pop-up-card,10672129857,10,413,413,411,410,391,375,369,368,364,344,341,337,318,308,307,306,302,297,297,294,284,189,188,186,169,157
blackhawk-helicopter-3d-pop-up-greeting-card,10728484801,13,72,72,71,71,62,57,57,57,53,48,47,47,43,42,42,41,40,39,37,36,36,33,32,32,30,20
blue-birthday-bear-3d-pop-up-birthday-card,10633357953,13,252,252,248,248,242,236,232,231,224,223,221,220,220,218,217,216,214,211,210,210,208,178,176,176,173,164
bun-in-the-oven-3d-pop-up-mothers-day-card,17688200513,13,299,299,299,299,297,297,297,297,293,292,291,291,291,291,291,291,291,290,290,289,289,261,261,260,260,259
camping-trip-pop-up-card,18578100737,13,1086,1086,1083,1082,1069,1063,1063,1063,1061,1037,1035,1035,1023,1020,1019,1019,1015,1011,1008,1008,1006,956,956,955,951,943
cat-mom-3d-pop-up-mothers-day-card,16890624257,13,154,154,151,150,133,128,45,45,39,22,21,20,14,9,5,5,0,0,0,0,0,0,0,0,0,0
cat-playhouse-3d-pop-up-greeting-card,5799994049,10,296,296,296,296,293,291,285,285,284,283,283,283,275,274,274,274,274,274,274,274,274,266,265,265,263,255
celtic-harp-3d-pop-up-card,18585258433,13,196,196,196,196,191,188,138,138,137,137,136,136,136,136,136,136,136,136,135,135,134,134,134,134,133,133
champagne-bottle-3d-pop-up-new-year-card,10594542145,10,588,588,588,588,585,584,583,583,583,582,582,582,578,577,575,574,574,574,574,573,572,572,572,572,572,571
champagne-ladies-3d-pop-up-new-year-card,10593353473,10,1958,1958,1957,1957,1957,1957,1957,1957,1956,1956,1956,1956,1955,1954,1954,1954,1954,1954,1954,1953,1951,1945,1945,1945,1945,1945
cherry-blossom-tree-3d-pop-up-mothers-day-card,17253170241,13,324,324,321,321,312,292,290,290,287,278,275,273,257,251,249,247,242,239,237,235,227,105,100,100,92,79
cherry-pie-pop-up-card,17104957633,13,640,640,640,640,639,639,585,585,584,584,584,584,583,583,583,583,583,583,583,583,583,581,581,581,581,581
christmas-bear-3d-pop-up-holiday-card,8071693377,13,254,254,254,254,253,253,253,253,253,253,253,253,253,253,253,253,253,253,253,253,253,248,248,248,248,248
christmas-candle-christmas-card,21851090945,13,4776,4776,4776,4776,4775,4774,4774,4774,4774,4774,4774,4773,4772,4771,4771,4771,4771,4771,4771,4771,4771,4771,4771,4771,4771,4771
christmas-character-pack-3d-pop-up-holiday-card,10694136257,29,92,92,92,92,92,92,92,92,92,92,92,92,92,92,92,92,92,92,92,92,92,92,92,92,92,92
christmas-fun-5-pack,27963349889,62,171,171,171,171,171,171,171,171,171,171,171,171,171,171,171,171,171,171,171,171,171,172,172,172,172,172
christmas-poinsettia-christmas-card,21869798721,13,850,850,850,850,850,850,849,849,849,849,849,849,849,849,849,849,849,848,848,848,846,846,846,846,846,846
christmas-tree-blue,8204949441,13,428,428,428,428,428,428,428,428,428,428,428,428,428,428,428,428,428,428,428,428,428,424,424,424,424,424
christmas-tree-holiday-photo-card,21870489537,13,120,120,120,120,120,120,120,120,120,120,120,120,120,120,120,120,120,120,120,120,120,120,120,120,120,120
christmas-tree-pop-up-card,1095371785,13,4878,4878,4878,4878,4878,4878,4878,4878,4878,4878,4877,4877,4877,4876,4876,4875,4875,4874,4874,4874,4873,4868,4867,4867,4867,4866
classic-christmas-7-pack,27962047425,69,5,5,5,5,4,4,4,4,4,4,4,4,4,4,4,3,3,3,3,3,3,3,3,3,3,3
cornucopia-3d-pop-up-greeting-card,8031960193,13,275,275,275,275,275,275,275,275,275,275,275,275,275,274,274,274,274,274,274,273,273,271,271,271,271,270
cupcake-birthday-pop-up-card,2668806209,10,228,228,225,224,202,173,167,165,147,118,115,113,87,83,79,77,73,68,67,66,58,18,17,15,2,0
day-of-the-dead,7244238977,13,166,166,166,166,165,162,162,161,159,152,151,151,149,147,146,145,144,142,139,138,138,145,142,142,142,141
democratic-donkey-3d-pop-up-greeting-card,24305785153,10,195,195,195,195,195,194,194,194,194,194,194,194,194,192,192,192,192,192,192,192,192,192,192,192,192,192
diamond-ring-3d-pop-up-valentines-day-card,10433200065,10,16,16,15,15,10,8,8,7,5,0,0,0,0,0,0,0,0,0,0,0,0,0,0,0,0,0
dogwood-tree-pop-up-card,1095371489,13,1312,1312,1310,1310,1308,1302,1230,1229,1228,1227,1227,1227,1227,1225,1225,1223,1223,1222,1222,1222,1218,1215,1214,1214,1214,1206
dollhouse-pop-up-card,30942690637,13,95,95,94,94,84,77,73,71,70,66,63,60,53,51,51,50,43,40,40,40,37,35,34,32,31,21
duckling-pop-up-card,1194513181,10,634,634,634,634,631,630,594,594,591,590,590,590,588,587,587,586,586,582,582,582,581,579,579,579,578,578
easter-bunny-bear-3d-pop-up-card,12311819009,13,69,69,67,67,59,56,56,56,51,49,49,49,47,47,47,46,45,42,42,42,37,14,14,14,12,11
easter-pack-3d-pop-up-card,16438911297,29,7,7,7,7,5,4,4,4,4,4,4,4,3,3,3,2,2,2,2,2,2,0,0,0,0,0
everyday-card-5-pack,28539244365,56,8,8,8,8,8,8,8,8,8,8,8,8,8,8,7,7,7,7,7,7,7,0,0,0,0,0
fall-bear,7244234113,13,717,717,717,717,716,716,716,716,716,716,716,716,716,716,716,716,716,716,716,716,716,708,708,708,708,708
fall-pop-up-card-5-pack,28279657409,53,6,6,6,6,5,5,5,5,5,4,4,4,4,4,4,4,4,4,4,4,4,5,5,5,5,5
family-photo-christmas-10-pack,28325509441,99,10,10,10,10,10,10,10,10,10,10,10,10,10,10,10,10,10,10,10,10,10,10,10,10,10,10
fancy-lobster-3d-pop-up-birthday-card,17985170881,13,83,83,79,79,69,66,63,63,62,60,54,53,52,49,49,49,49,48,48,48,45,45,45,44,43,31
faneuil-hall-pop-up-card,1095371813,13,41,41,40,40,39,39,39,39,39,39,39,39,39,39,39,39,39,39,39,39,39,39,39,39,39,39
festive-palm-tree-christmas-card,21602196801,13,693,693,692,692,692,691,690,690,690,690,690,690,690,689,689,689,689,689,689,689,689,689,688,688,688,687
flower-bear-greeting-card,19570356801,13,134,134,130,128,118,104,99,98,673,661,659,657,650,646,645,645,645,641,639,638,633,553,550,550,548,538
forest-noel-3d-pop-up-christmas-card,10492706497,13,328,328,328,328,328,328,328,328,328,328,328,328,328,328,328,328,328,328,328,328,328,328,328,328,328,328
french-flower-cart-3d-pop-up-love-card,10683955841,13,0,0,0,0,0,0,0,0,132,127,127,127,123,120,120,119,116,114,113,113,112,37,37,37,35,26
fun-card-5-pack,28540195597,62,2,2,2,2,0,0,0,0,0,0,0,0,0,0,0,0,0,0,0,0,0,0,0,0,0,0
gingerbread-house-christmas-card,21793329665,13,3044,3044,3042,3042,3041,3041,3041,3041,3041,3041,3041,3041,3039,3038,3037,3037,3036,3036,3036,3036,3035,3035,3035,3035,3035,3034
girls-night-out-3d-pop-up-valentines-day-card,11570926913,13,172,172,172,171,169,169,168,168,167,167,167,167,167,167,166,166,166,166,166,166,166,166,166,166,165,164
gold-birthday-bear-3d-pop-up-birthday-card,12311303297,13,0,0,0,0,0,0,0,0,0,0,0,0,284,283,283,283,282,278,277,277,276,199,197,197,194,184
gold-christmas-tree-pop-up-holiday-card,8205056321,13,56,56,56,56,56,56,56,56,56,56,56,56,56,56,56,56,56,56,56,56,56,52,52,52,52,52
golf-pop-up-card,18579925441,13,0,0,0,0,0,0,0,0,0,0,0,0,268,267,265,265,260,258,258,258,255,256,256,255,251,239
graduation-hats-gold-3d-pop-up-graduation-card,18585264961,10,222,222,221,221,220,219,219,219,219,219,219,219,219,219,219,219,219,219,218,217,217,210,210,210,209,203
graduation-hats-green-3d-pop-up-graduation-card,18585681857,10,466,466,466,466,466,466,466,466,466,466,466,466,464,464,464,464,464,464,464,464,463,463,463,463,462,462
graduation-hats-orange-3d-pop-up-graduation-card,18485980417,10,296,296,296,296,290,290,290,290,290,290,290,290,290,289,288,288,288,288,288,288,287,287,287,287,286,286
graduation-hats-red-3d-pop-up-graduation-card,18486212801,10,241,241,241,241,240,239,239,239,238,238,238,237,236,234,234,234,234,234,234,233,230,204,204,204,204,204
graduation-owl-pop-up-card,2037836033,10,254,254,254,254,252,251,251,251,251,250,250,250,248,248,248,248,248,248,247,247,246,209,208,208,207,207
groovy-yellow-submarine-3d-pop-up-birthday-card,10686266113,13,264,264,264,264,250,236,233,233,228,206,204,203,194,190,189,187,184,181,179,179,176,74,72,72,68,66
hammock-girl-pop-up-card,6661268289,13,108,108,108,108,104,96,95,95,95,94,94,94,90,89,88,88,88,88,88,88,88,38,37,37,37,29
hammock-guy-pop-up-card,4863035137,13,76,76,75,75,73,67,53,53,50,48,48,48,47,46,45,45,44,43,43,43,43,42,42,42,41,41
hanukkah-menorah-pop-up-card,1095371693,13,221,221,220,220,220,220,220,220,219,219,219,219,219,219,219,219,219,219,219,219,219,220,220,220,220,220
haunted-house,7243970625,13,200,200,200,200,198,196,196,196,196,196,196,196,196,196,195,194,194,193,192,191,191,191,189,189,189,189
heart-bench-pop-up-card,1095371789,13,548,548,544,543,533,525,524,524,518,517,513,512,506,503,500,498,497,495,494,494,489,415,413,413,408,396
holiday-cactus-pop-up-card,21870768449,13,714,714,714,713,713,713,713,713,713,713,713,713,713,713,713,713,713,713,713,713,713,714,714,714,714,714
holiday-caddy,7244234753,13,1077,1077,1076,1076,1075,1075,1075,1075,1075,1075,1075,1075,1075,1075,1075,1075,1075,1075,1075,1075,1075,1075,1075,1075,1075,1075
holiday-forest-12-pack-holiday-christmas-pop-up-cards,10694150273,99,3,3,3,3,3,3,3,3,3,3,3,3,3,3,3,3,3,3,3,3,3,0,0,0,0,0
holiday-moose-pop-up-card,21870730241,13,528,528,528,528,528,528,528,528,528,528,528,528,528,528,528,528,528,528,528,528,527,527,527,527,527,527
holiday-train-xmas-card,21869598145,13,3375,3375,3375,3375,3373,3373,3373,3373,3373,3373,3373,3373,3372,3369,3369,3369,3369,3368,3368,3368,3368,3363,3362,3362,3361,3360
horses-running-pop-up-card,1095372857,13,0,0,0,0,0,0,0,0,0,0,0,0,209,206,206,205,199,198,198,198,197,180,179,179,179,170
hot-dog-stand-3d-pop-up-card,28920822989,13,222,222,221,221,213,210,196,196,195,193,193,192,190,190,190,190,189,188,188,188,188,195,194,194,191,184
house-for-sale-3d-pop-up-housewarming-card,18485046849,15,0,0,0,0,0,0,0,0,267,260,229,229,229,226,226,226,226,225,225,225,225,153,152,152,151,144
housewarming-gray-3d-pop-up-housewarming-card,18577400129,13,0,0,0,0,0,0,0,0,0,0,0,0,246,246,245,244,244,244,244,244,244,216,216,216,215,215
jack-o-lantern-pop-up-card,7244239169,10,1050,1050,1050,1050,1050,1048,1048,1048,1048,1048,1048,1048,1047,1046,1046,1046,1046,1046,1046,1046,1046,1046,1046,1046,1046,1046
jamaican-flag-3d-pop-up-greeting-card,10438102017,10,267,267,267,267,267,267,267,267,267,267,267,267,267,267,267,267,267,267,266,266,266,267,267,267,267,267
jesus-3d-pop-up-easter-card,12311706177,13,161,161,161,161,159,155,155,155,155,149,149,149,149,148,148,148,148,148,148,147,145,131,130,130,127,126
jungle-animals-pop-up-card,3308269505,13,0,0,0,0,0,0,0,0,0,0,0,0,151,147,146,145,143,141,139,139,136,97,95,95,94,83
kangaroos-pop-up-card,1194513433,10,113,113,113,113,110,105,105,105,104,103,103,103,102,102,102,102,101,101,101,101,100,94,94,94,94,94
kevin-o-leary-shark-tank-pop-up-card,10715810433,10,459,459,459,459,459,457,457,457,457,455,455,455,454,453,453,453,453,453,453,453,453,446,446,446,446,446
las-vegas-dice-pop-up-card,5461586497,10,350,350,350,350,350,350,350,350,350,349,349,349,349,347,347,347,347,347,347,347,347,347,347,347,347,346
las-vegas-showgirl-pop-up-card,5461586561,10,664,664,664,664,664,664,664,664,664,664,664,664,663,663,656,656,656,656,656,656,656,656,656,656,656,656
leprechaun-3d-pop-up-st-patricks-day-greeting-card,11941878145,10,270,270,269,268,254,246,241,241,237,225,224,223,206,203,203,203,201,198,198,198,193,187,187,187,186,186
love-bear-valentines-day-3d-pop-up-card,10684538177,13,1377,1376,1364,1364,1354,1341,1339,1338,1330,1306,1304,1302,1295,1289,1286,1286,1283,1280,1275,1273,1270,1247,1244,1243,1243,1240
love-cupcake-pop-up-card,30411995853,13,503,503,501,501,498,487,487,485,482,479,477,477,473,472,469,468,466,464,463,462,461,395,395,395,393,385
love-toaster-3d-pop-up-valentines-day-card,11571135809,10,409,409,407,407,399,391,385,385,380,380,380,380,379,377,377,374,374,372,368,367,367,367,367,367,367,358
lovepop-birthday-cake-pop-up-card,1095371793,10,140,140,128,123,81,235,220,216,186,135,130,124,87,68,63,59,47,29,22,21,4,0,0,0,0,0
lovepop-survival-pack,20542290177,99,147,147,147,146,141,140,139,139,137,137,136,136,135,134,132,131,129,129,129,129,127,127,125,125,124,121
lovepop-t-shirt,6736350977,25,5,5,5,5,5,5,5,5,5,5,5,5,5,5,5,5,5,5,5,5,5,5,5,5,5,5
lovers-dogwood-tree-pink-pop-up-card,1095371505,13,405,405,403,403,394,385,383,382,371,356,355,355,350,347,347,345,341,340,339,338,334,377,375,374,367,356
lovers-dogwood-tree-yellow-pop-up-card,6661436097,13,275,275,273,272,261,254,229,228,225,215,214,214,210,207,207,207,203,202,200,200,198,201,198,197,197,190
lovers-in-a-dogwood-tree-male-3d-pop-up-gay-valentines-day-card,11643340737,13,953,953,951,951,945,943,939,938,935,933,933,933,929,927,925,922,920,918,918,918,916,1201,1200,1200,1198,1190
lovers-in-a-dogwood-tree-pop-up-lesbian-greeting-card,11643851265,13,0,0,0,0,0,0,0,0,0,0,0,0,0,0,0,0,0,0,0,0,0,15,14,14,14,7
manger-nativity-pop-up-christmas-card,21802648321,13,3791,3791,3791,3791,3790,3790,3790,3790,3790,3790,3790,3790,3789,3789,3789,3789,3789,3788,3788,3788,3788,3669,3669,3669,3669,3668
mayflower-ship-3d-pop-up-card,22637467137,13,131,131,131,130,121,115,115,115,114,110,110,110,109,105,104,104,101,101,100,100,100,100,100,100,100,90
money-tree-birthday-card,10506322049,13,64,64,63,62,59,54,53,53,51,38,36,36,15,14,14,14,14,13,9,9,6,105,105,102,101,92
nativity-christmas-card,7244234945,13,1608,1608,1608,1608,1606,1606,1606,1606,1606,1606,1606,1606,1606,1606,1606,1605,1605,1605,1605,1605,1601,1481,1481,1481,1481,1480
nautical-card-5-pack,26630732545,49,8,8,8,8,5,3,3,3,2,1,0,0,0,0,0,0,0,0,0,0,0,0,0,0,0,0
new-home-3d-pop-up-new-home-card,18582248513,15,277,277,277,277,273,273,259,259,258,258,258,258,258,258,258,258,258,256,256,256,256,255,255,254,253,252
new-year-tuxedo-bear-3d-pop-up-new-year-card,10508539969,13,1452,1452,1452,1452,1452,1452,1452,1452,1452,1452,1452,1452,1451,1451,1451,1451,1451,1451,1451,1451,1451,1443,1443,1443,1443,1443
new-york-ball-drop-3d-pop-up-new-year-card,10507486017,10,2927,2927,2927,2927,2927,2927,2927,2927,2927,2927,2927,2927,2927,2927,2927,2927,2927,2927,2927,2927,2927,2927,2927,2927,2927,2927
new-york-city-3d-pop-up-shark-tank-card,10713992449,13,16,16,13,13,12,11,9,9,7,7,7,7,6,5,5,5,5,4,4,4,2,3,3,3,2,2
ninja-card,22637217025,13,68,68,66,66,50,43,43,42,39,38,37,37,35,35,31,30,27,27,26,25,25,4,2,1,0,0
ornament-pop-up-card,1095371577,10,1286,1286,1285,1285,1285,1284,1283,1283,1283,1283,1282,1282,1282,1282,1282,1282,1282,1282,1282,1282,1282,1282,1281,1281,1281,1281
ornate-floral-bouquet-blue-pop-up-card,1095371765,13,36,36,34,34,28,24,20,20,11,9,9,9,1,0,0,0,0,0,0,0,0,70,70,70,70,63
ornate-floral-bouquet-gold-blue-pop-up-card,6661343361,13,216,216,214,211,206,204,165,164,162,161,159,158,156,156,154,154,151,150,150,150,146,142,139,139,138,131
panda-bear-pop-up-card,22637038273,13,516,516,506,498,431,395,385,384,379,370,365,364,356,350,347,347,336,324,319,316,314,258,254,251,233,221
pastel-party-hat-3d-pop-up-birthday-card,10631215169,10,700,700,700,700,700,698,698,698,698,698,698,698,698,698,698,698,698,698,698,698,698,698,698,698,698,698
peace-sign-3d-pop-up-card,10364942145,10,95,95,95,95,95,95,94,94,94,93,92,92,92,91,90,90,90,90,90,90,90,88,88,88,87,87
peacock-birthday-card,21344950593,13,0,0,0,0,0,0,0,0,0,0,0,0,239,234,233,233,229,227,224,221,220,153,150,149,147,137
peas-in-a-pod-pop-up-card,30552195981,13,198,198,197,196,188,182,182,181,181,181,181,181,180,179,179,179,177,177,177,177,176,183,183,183,180,176
pi-day-pie-3d-pop-up-card,16542272129,13,148,148,148,148,143,143,142,142,140,139,139,139,139,137,137,137,137,136,136,136,135,136,136,136,136,136
pirate-ship-3d-pop-up-birthday-card,4862966977,13,399,399,398,397,372,365,360,359,346,333,330,330,321,308,307,303,296,294,285,285,280,190,189,189,181,163
pop-up-boxing-card,23488222081,13,576,576,576,576,574,572,572,572,571,570,568,568,568,567,566,566,565,562,562,562,562,562,562,562,561,560
pop-up-diwali-card,8130209921,13,184,184,184,184,184,182,182,182,182,180,180,180,179,179,179,179,179,179,179,179,178,178,177,177,176,176
rainbow-bridge-card,30412383437,13,234,234,231,231,207,180,175,175,171,161,161,161,157,155,155,155,153,151,150,149,144,128,126,125,121,114
reindeer-with-presents-3d-pop-up-christmas-card,10492399361,13,918,918,918,918,916,916,916,916,916,916,916,916,913,913,912,912,912,912,912,912,912,912,912,912,912,912
release-the-kraken-pop-up-birthday-card,10728548993,13,0,0,0,0,0,0,0,0,423,411,410,409,408,405,404,403,400,397,396,396,396,328,327,327,325,317
republican-elephant-3d-pop-up-greeting-card,24305920513,10,27,27,27,27,26,26,26,26,26,26,26,26,26,26,26,26,26,26,26,26,26,26,26,26,26,26
romantic-pop-up-valentines-day-card-pack,11443995137,29,0,0,0,0,0,0,0,0,0,0,0,0,0,0,0,0,0,0,0,0,0,2,2,2,2,2
rose-bouquet-3d-pop-up-valentines-day-card,10684449089,13,986,986,977,975,952,940,932,929,904,889,886,882,868,861,858,855,850,840,839,837,829,813,810,809,807,793
saguaro-cactus-3d-pop-up-card,22534066177,13,302,302,301,301,286,279,272,272,269,259,258,257,246,242,241,241,238,237,237,237,237,220,219,219,218,211
santa-hammock-christmas-card,7244238401,13,499,499,499,499,497,497,497,497,497,497,497,497,497,497,496,496,496,496,496,496,496,497,497,497,497,497
santa-motorcycle-christmas-card,21799441409,13,171,171,171,170,170,169,169,169,169,169,169,169,168,168,168,168,168,161,161,161,161,161,161,161,161,161
santa-on-the-move-3-pack,26634449025,33,11,11,11,11,10,10,10,10,10,10,10,10,10,10,10,10,10,10,10,10,10,10,10,10,10,10
santa-sleigh-christmas-card,7244234689,13,3421,3421,3420,3420,3419,3418,3418,3418,3418,3418,3418,3418,3418,3417,3416,3416,3416,3416,3416,3416,3414,3416,3414,3414,3414,3413
shark-tank-roberts-sports-car-3d-pop-up-birthday-card,10724571521,13,0,0,0,0,0,0,0,0,287,287,286,286,285,283,283,282,281,281,279,278,278,215,215,213,209,208
shopping-time-orange,20739399553,10,357,357,356,356,351,346,322,322,322,322,322,322,322,321,320,320,318,317,317,317,317,317,317,317,315,314
slot-machine-pop-up-card,5461585729,10,404,404,404,404,403,402,402,402,400,400,400,400,399,398,398,398,398,398,398,398,398,398,398,398,398,398
small-coffee-cup-3d-pop-up-gift-card,10684806977,8,246,246,234,232,220,206,205,205,185,179,179,179,170,167,167,167,166,158,158,157,148,142,138,138,135,127
snake-3d-pop-up-birthday-card,18585141633,13,83,83,82,81,71,71,71,71,71,70,70,70,69,69,68,68,65,65,65,65,65,59,59,59,59,59
snowflake-blizzard-12-pack-3d-pop-up-holiday-winter-cards,10694153921,99,10,10,10,10,10,10,10,10,10,10,10,10,10,10,10,10,10,10,10,10,10,0,0,0,0,0
snowflake-tree-holiday-card,21869606273,13,210,210,210,210,209,207,158,158,158,158,157,157,157,157,157,156,155,155,155,155,155,156,156,156,156,155
snowman-christmas-card,21800557441,13,4820,4820,4820,4820,4820,4820,4796,4796,4796,4796,4796,4796,4792,4792,4792,4792,4792,4792,4792,4792,4792,4793,4792,4792,4791,4791
spooky-halloween,7244238785,13,159,159,159,159,159,159,159,159,159,159,159,159,159,159,159,159,159,158,158,158,158,158,156,156,156,156
springtime-picnic-3d-pop-up-greeting-card,17290392705,15,563,563,561,561,553,545,544,542,541,539,538,536,532,525,523,523,518,516,514,514,511,461,461,460,458,449
statue-of-liberty-3d-pop-up-card,29056442061,13,126,126,125,125,110,98,93,93,91,88,85,84,82,80,80,80,80,80,80,80,78,83,81,81,75,67
steamboat-3d-pop-up-greeting-card,10607692417,13,170,170,169,169,160,157,156,156,156,149,149,149,146,144,144,144,142,141,141,141,141,133,132,132,132,124
stork-blue-pop-up-card,1095372853,10,70,70,70,70,67,66,65,65,64,62,61,61,60,58,56,55,54,54,54,54,52,16,16,16,16,15
stork-pink-pop-up-card,6662291841,10,0,0,0,0,0,0,0,0,276,276,276,275,267,264,264,264,264,263,263,263,263,206,206,206,206,198
stork-yellow-pop-up-card,6662286273,10,104,104,104,104,102,92,92,91,91,91,91,91,83,83,82,82,82,82,82,82,81,0,0,0,0,0
surfer-pop-up-card,3308268481,13,0,0,0,0,0,0,0,0,0,0,0,0,0,0,0,0,0,0,0,0,0,0,0,0,0,0
t-rex-dinosaur-christmas-card,21870388801,13,166,166,166,165,163,163,163,163,162,162,161,161,161,160,159,159,158,158,158,158,157,158,158,157,157,157
teachers-apple-pop-up-card,18669557185,13,760,760,758,758,756,751,751,751,751,749,747,747,747,747,747,747,747,745,745,745,741,741,740,740,739,739
thanksgiving-card,7244239361,10,166,166,166,166,166,166,166,166,166,166,166,166,164,164,164,164,164,164,164,164,164,163,163,163,163,163
the-reason-for-the-season-10-pack,28258568385,99,9,9,9,9,9,8,8,8,8,8,8,8,8,8,8,7,7,7,7,7,7,21,21,21,21,21
the-seasons-greetings-christmas-10-pack-1,28325783361,99,132,132,132,132,132,132,132,132,132,132,132,132,132,132,132,132,132,132,132,132,132,132,132,132,132,132
the-young-america-clipper-ship-pop-up-card,1095371557,13,442,442,442,442,434,432,419,419,418,416,416,416,416,415,415,415,413,413,413,413,413,442,441,441,441,434
thumbs-up,21411551553,13,143,143,143,143,137,133,133,133,133,123,123,123,123,122,122,122,122,122,122,122,121,120,120,119,118,117
train-3d-pop-up-birthday-card,18669645697,15,0,0,0,0,0,0,0,0,0,0,0,0,356,337,331,327,313,308,303,302,295,180,176,176,168,155
tropical-christmas-3-pack,27962949505,33,25,25,25,25,25,25,25,25,25,25,25,25,25,25,25,25,25,25,25,25,25,25,24,24,24,24
turkey-3d-pop-up-thanksgiving-card,8078102209,10,312,312,312,312,307,307,306,306,306,306,306,306,305,304,304,303,303,303,303,303,303,301,301,301,301,301
unicorn-3d-pop-up-greeting-card,11970264897,13,308,308,305,304,231,212,198,194,179,170,164,163,137,125,120,120,103,95,90,90,78,0,0,0,0,0
usa-bear,20632494401,13,145,145,145,145,144,144,143,143,143,143,143,143,143,142,142,142,142,142,142,142,142,127,127,126,125,124
uscg-eagle-military-card,18669934977,13,119,119,119,119,116,115,114,114,113,113,113,112,111,111,111,111,111,111,111,111,111,108,107,107,107,107
uss-constitution-pop-up-card,1095372825,13,91,91,90,89,87,82,82,82,81,72,71,70,70,68,67,65,62,60,60,60,60,61,61,61,58,50
vampire-coffin-pop-up-card,7244233985,10,296,296,296,296,295,295,293,293,293,293,293,293,293,293,293,293,292,292,290,290,289,289,289,289,289,289
vibrant-party-hat-3d-pop-up-birthday-card,10632744513,10,582,582,582,582,582,581,581,581,581,581,581,581,581,581,581,581,581,581,581,581,581,581,580,580,580,580
viking-pop-up-card,30860166285,13,0,0,0,0,678,513,479,468,437,400,392,388,372,355,351,347,337,333,330,327,316,302,297,295,281,262
wedding-car-brides-wedding-card,22189992897,13,89,89,89,89,89,89,87,87,86,86,86,86,85,85,85,85,85,85,85,85,85,85,85,85,85,85
wedding-car-grooms-wedding-card,22189725697,13,99,99,99,99,99,99,99,99,99,99,99,99,98,97,97,97,97,97,97,97,96,96,96,96,95,95
wedding-car-wedding-card,22189080513,13,263,263,262,260,250,244,242,242,235,219,216,215,205,202,201,201,199,197,196,194,192,0,0,0,0,0
wedding-chapel-brides-wedding-card,21167323905,13,229,229,229,229,229,228,222,222,222,222,221,221,221,221,221,221,221,219,219,219,219,219,219,219,219,219
wedding-chapel-grooms-wedding-card,21167498177,13,160,160,160,160,160,160,160,160,160,160,160,160,160,160,159,159,159,159,159,159,159,159,159,159,159,158
wedding-day-brides-pop-up-card,2668805953,10,40,40,40,40,39,39,39,39,39,39,38,38,38,38,38,38,38,38,38,38,38,25,25,25,25,18
wedding-day-grooms-pop-up-card,2668805633,10,456,455,455,455,454,454,448,447,447,447,447,447,446,446,446,446,446,446,446,445,445,404,404,404,404,403
wedding-season-3d-pop-up-card-pack,16440438849,29,0,0,0,0,0,0,0,0,0,0,0,0,0,0,0,0,0,0,0,0,0,1,0,0,0,0
whimsical-christmas-card-5-pack,26633365761,49,22,22,22,22,21,21,21,21,21,21,21,21,21,21,21,21,21,21,21,21,21,21,21,21,21,21
white-elephant-christmas-10-pack,28257915073,97,21,21,21,20,20,20,20,20,20,19,19,19,19,19,19,19,19,19,19,19,19,19,19,19,19,19
white-house-3d-pop-up-greeting-card,6026684161,13,6,6,5,5,4,2,2,2,2,1,1,1,0,0,0,0,0,0,0,0,0,12,12,12,10,3
willow-love-scene-pop-up-card,10607874753,15,423,423,422,421,414,403,397,397,389,349,343,342,321,316,315,315,309,305,298,297,291,316,311,308,304,290
willow-love-scene-same-sex-female-3d-card,30262107469,15,0,0,0,0,0,0,0,0,0,0,0,0,0,0,0,0,0,0,0,0,0,3,2,2,1,0
willow-love-scene-same-sex-male,30163812941,15,270,270,270,270,263,262,261,260,259,256,256,255,255,252,249,248,247,245,245,245,240,171,171,171,171,161
willow-tree-pop-up-card,2037715009,13,314,314,311,311,305,295,293,293,864,841,840,840,838,837,837,836,835,833,832,831,829,783,783,783,779,767
winter-cabin-snowman-pop-up-card,1095371825,10,858,858,857,857,857,857,857,857,857,857,857,857,856,856,855,855,855,855,855,855,855,855,855,855,855,855
wisemen-3-pack-christmas-pop-up-cards,10694141185,29,10,10,10,10,10,9,9,9,9,9,9,9,8,8,8,8,7,7,7,7,7,7,7,7,7,7
witchs-brew-pop-up-card,7244239553,10,312,312,311,310,308,306,306,306,306,306,306,305,304,304,303,303,303,302,302,301,301,300,300,300,299,299
wreath-holiday-photo-card,21870470785,13,6135,6135,6135,6135,6135,6135,6135,6135,6135,6135,6135,6135,6134,6134,6134,6134,6134,6134,6134,6134,6134,6134,6134,6134,6134,6134
yellow-house-3d-housewarming-card,18577457025,13,574,574,574,573,569,567,554,553,552,552,552,551,550,550,550,550,550,549,548,548,548,548,548,548,546,545
