Product Name, ID, Price,Sun Apr 16 2017 22:11:15 GMT-0400 (EDT),Mon Apr 17 2017 02:11:14 GMT-0400 (EDT),Mon Apr 17 2017 06:11:14 GMT-0400 (EDT),Mon Apr 17 2017 10:11:13 GMT-0400 (EDT),Mon Apr 17 2017 14:11:13 GMT-0400 (EDT),Mon Apr 17 2017 18:11:12 GMT-0400 (EDT),Mon Apr 17 2017 22:11:12 GMT-0400 (EDT),Tue Apr 18 2017 01:00:42 GMT-0400 (EDT),Tue Apr 18 2017 05:00:33 GMT-0400 (EDT),Tue Apr 18 2017 09:00:33 GMT-0400 (EDT),Tue Apr 18 2017 13:00:32 GMT-0400 (EDT),Tue Apr 18 2017 13:00:33 GMT-0400 (EDT),Tue Apr 18 2017 17:00:32 GMT-0400 (EDT),Tue Apr 18 2017 21:00:31 GMT-0400 (EDT),Wed Apr 19 2017 01:00:31 GMT-0400 (EDT),Wed Apr 19 2017 05:00:30 GMT-0400 (EDT),Wed Apr 19 2017 09:00:30 GMT-0400 (EDT),Wed Apr 19 2017 13:00:29 GMT-0400 (EDT),Wed Apr 19 2017 17:00:29 GMT-0400 (EDT),Wed Apr 19 2017 21:00:28 GMT-0400 (EDT),Thu Apr 20 2017 01:00:28 GMT-0400 (EDT),Thu Apr 20 2017 05:00:27 GMT-0400 (EDT),Thu Apr 20 2017 09:00:27 GMT-0400 (EDT),Thu Apr 20 2017 13:00:26 GMT-0400 (EDT),Thu Apr 20 2017 17:00:27 GMT-0400 (EDT),Thu Apr 20 2017 21:00:26 GMT-0400 (EDT),Fri Apr 21 2017 01:00:26 GMT-0400 (EDT),Fri Apr 21 2017 05:00:25 GMT-0400 (EDT),Fri Apr 21 2017 09:00:25 GMT-0400 (EDT),Fri Apr 21 2017 13:00:24 GMT-0400 (EDT),Fri Apr 21 2017 17:00:24 GMT-0400 (EDT),Fri Apr 21 2017 21:00:23 GMT-0400 (EDT),Sat Apr 22 2017 01:00:22 GMT-0400 (EDT),Sat Apr 22 2017 05:00:22 GMT-0400 (EDT),Sat Apr 22 2017 09:00:21 GMT-0400 (EDT),Sat Apr 22 2017 13:00:21 GMT-0400 (EDT),Sat Apr 22 2017 17:00:21 GMT-0400 (EDT),Sat Apr 22 2017 21:00:20 GMT-0400 (EDT),Sun Apr 23 2017 01:00:20 GMT-0400 (EDT),Sun Apr 23 2017 05:00:19 GMT-0400 (EDT),Sun Apr 23 2017 09:00:19 GMT-0400 (EDT),Sun Apr 23 2017 13:00:18 GMT-0400 (EDT),Sun Apr 23 2017 17:00:18 GMT-0400 (EDT),Sun Apr 23 2017 21:00:18 GMT-0400 (EDT),Mon Apr 24 2017 01:00:17 GMT-0400 (EDT),Mon Apr 24 2017 05:00:17 GMT-0400 (EDT),Mon Apr 24 2017 09:00:16 GMT-0400 (EDT),Mon Apr 24 2017 13:00:16 GMT-0400 (EDT),Mon Apr 24 2017 17:00:16 GMT-0400 (EDT),Mon Apr 24 2017 21:00:15 GMT-0400 (EDT),Tue Apr 25 2017 01:00:14 GMT-0400 (EDT),Tue Apr 25 2017 05:00:14 GMT-0400 (EDT),Tue Apr 25 2017 09:00:13 GMT-0400 (EDT),Tue Apr 25 2017 13:00:13 GMT-0400 (EDT),Tue Apr 25 2017 17:00:13 GMT-0400 (EDT),Tue Apr 25 2017 21:00:13 GMT-0400 (EDT),Wed Apr 26 2017 01:00:11 GMT-0400 (EDT),Wed Apr 26 2017 05:00:11 GMT-0400 (EDT),Wed Apr 26 2017 09:00:11 GMT-0400 (EDT),Wed Apr 26 2017 13:00:10 GMT-0400 (EDT),Wed Apr 26 2017 17:00:10 GMT-0400 (EDT),Wed Apr 26 2017 21:00:10 GMT-0400 (EDT)
12-days-of-christmas-pack-3d-pop-up-christmas-cards,10693857985,99,0,61,61,61,61,61,61,0,0,61,61,61,0,0,60,0,60,60,0,0,60,60,60,60,60,60,60,0,0,0,59,59,59,59,59,59,59,59,59,0,59,59,0,57,57,57,57,57,0,0,0,0,57,57,0,0,0,0,56,56,0,undefined
3-santa-pack-3d-pop-up-christmas-cards,10694124289,29,96,96,96,95,95,95,95,0,95,95,95,95,0,95,95,0,0,95,0,0,95,95,95,95,95,95,95,0,0,0,0,0,95,0,95,95,0,0,95,0,0,0,0,0,0,0,0,0,0,0,0,0,44,44,0,0,0,0,0,0,0,undefined
3d-pop-up-shark-tank-christmas-card,10728524481,13,0,0,595,595,595,595,595,0,595,595,595,595,595,595,595,595,595,595,0,545,545,545,545,545,0,545,545,0,0,0,0,0,0,545,545,545,544,544,544,0,0,0,0,543,543,0,584,584,584,584,584,584,584,584,0,0,0,584,584,584,0,undefined
5-days-of-love-3d-pop-up-valentines-day-card-pack,11443232449,43,35,35,35,35,35,33,33,33,33,33,33,33,31,31,31,31,31,31,0,28,28,0,0,27,0,26,26,0,25,25,0,0,23,0,0,23,0,23,23,0,0,0,0,0,17,0,17,17,0,0,0,0,15,15,14,14,14,0,0,0,12,12
a-bear-for-every-season-card-10-pack,28259322753,99,0,52,52,52,52,52,52,0,0,52,52,52,0,0,52,0,52,52,0,0,52,52,52,52,52,52,52,52,52,52,52,52,52,0,0,0,0,0,0,0,52,52,0,0,0,22,22,22,22,22,22,0,0,0,0,22,22,0,0,0,0,21
acoustic-guitar-pop-up-card,18089441537,13,0,25,25,23,23,23,23,0,0,17,17,17,0,0,8,0,NaN,NaN,0,0,0,0,0,0,0,0,0,0,0,0,0,0,0,0,0,0,0,0,0,0,0,0,0,0,0,0,0,0,0,0,0,0,0,0,0,0,0,0,0,0,0,0
adult-birthday-3d-pop-up-card-pack,16439979137,49,55,55,55,55,55,51,50,50,50,50,50,50,44,44,44,0,0,0,0,38,38,0,0,36,0,32,32,0,31,31,0,0,25,0,0,0,0,21,21,0,0,0,0,0,0,0,0,0,0,0,0,0,30,30,0,0,0,0,0,0,15,15
airplane-pop-up-card,30912195853,13,668,668,668,668,668,663,663,0,622,622,622,622,0,614,614,0,614,614,0,602,602,600,600,600,0,592,592,0,0,563,0,550,550,546,546,546,536,536,536,533,533,533,0,525,525,0,494,494,0,483,483,0,440,440,430,430,430,0,0,0,NaN,NaN
all-i-want-for-christmas-is-lovepop-29-pack,28257084993,289,48,48,48,48,48,48,47,0,0,47,47,47,47,47,47,0,47,47,0,47,47,0,47,47,47,47,47,0,47,47,0,47,47,0,47,47,0,0,0,47,47,47,47,47,47,0,0,0,0,0,0,0,0,0,0,0,0,0,0,0,0,0
american-flag-pop-up-card,4863035265,10,0,0,610,610,610,1186,1186,0,0,1179,1179,1179,1179,1179,1179,0,0,0,0,0,0,0,1174,1174,0,0,1167,0,1167,1167,1162,1162,1162,0,0,0,0,1161,1161,0,0,0,0,1160,1160,1185,1185,1185,0,0,1184,0,1184,1184,0,0,0,0,0,0,NaN,NaN
angel-3d-pop-up-christmas-card,7244238593,10,0,0,1555,1555,1555,1555,1554,0,1551,1551,1551,1551,1545,1545,1545,1542,1542,1542,0,1536,1536,1534,1534,1534,0,0,0,0,0,0,0,1515,1515,1510,1510,1510,1505,1505,1505,0,0,1501,0,1499,1499,0,1487,1487,1484,1484,1484,1457,1457,1457,0,0,0,1446,1446,1446,0,undefined
apple-tree-3d-pop-up-card,22637453505,13,0,0,0,0,0,0,0,0,0,0,0,0,0,0,0,0,0,0,0,0,0,0,0,0,0,0,0,0,0,0,0,0,0,0,0,0,0,0,0,0,0,0,0,0,0,0,5,5,NaN,NaN,NaN,0,0,0,0,0,0,0,0,0,0,0
baby-bear-3d-pop-up-card,34276408461,13,2051,2051,2051,2051,2050,2050,2050,0,1957,1957,1957,1957,0,1937,1937,0,1931,1931,0,0,1906,0,0,1900,0,1894,1894,0,0,1887,0,1876,1876,0,0,0,0,0,1865,0,0,0,1863,1863,1863,0,0,0,0,1758,1758,0,0,0,1713,1713,1713,0,0,0,1683,1683
baby-chicks-3d-pop-up-greeting-card,12311549569,10,0,482,482,482,482,482,482,481,481,481,481,481,0,0,479,479,479,479,478,478,478,0,0,0,0,485,485,485,485,485,484,484,484,0,0,0,483,483,483,0,0,0,0,481,481,0,482,482,0,0,0,0,0,0,477,477,477,477,477,477,0,0
baby-its-cold-outside-5-pack,27961379777,60,60,60,60,60,60,60,60,0,60,60,60,60,0,60,60,0,0,59,0,0,59,59,59,59,59,59,59,0,59,59,0,0,0,0,59,59,0,0,59,0,59,59,0,0,0,0,0,0,0,0,0,0,43,43,0,0,0,0,0,0,0,43
ballerina-pop-up-dance-card,21062778305,13,0,635,635,635,635,635,635,0,0,622,622,622,0,0,618,0,618,618,0,0,609,607,607,607,590,590,590,583,583,583,580,580,580,0,576,576,0,0,0,0,565,565,0,0,0,539,539,539,534,534,534,0,0,525,0,522,522,0,0,0,0,506
balloon-bouquet-birthday-pop-up-card,3308269249,10,0,1391,1391,1391,1256,1256,1256,1126,1126,1126,1126,1126,0,0,1070,1068,1068,1068,1027,1027,1027,0,0,0,0,963,963,926,926,926,883,883,883,866,866,866,841,841,841,0,0,0,0,805,805,0,738,738,0,0,0,0,0,0,595,595,595,572,572,572,0,0
balloon-bouquet-blue-pop-up-card,30412847181,10,0,304,304,304,301,301,280,0,278,278,278,278,0,274,274,0,0,264,260,260,260,0,256,256,0,0,234,233,233,233,0,224,224,222,222,222,0,212,212,212,212,212,204,204,204,186,186,186,0,180,180,169,169,169,0,155,155,150,150,150,0,0
balloon-bouquet-pink-pop-up-card,30412942029,10,0,0,122,122,122,101,100,0,0,95,95,95,91,91,91,87,87,87,0,66,66,0,61,61,40,40,40,0,0,31,0,0,20,0,18,18,0,0,0,0,10,10,0,0,0,0,0,0,0,0,0,0,0,0,0,0,0,0,266,266,156,156
barrel-cactus-pop-up-card,24305571009,13,0,324,324,324,313,313,313,304,304,304,304,304,0,0,292,292,292,292,281,281,281,0,257,257,0,236,236,224,224,224,209,209,209,0,0,0,182,182,182,172,172,172,0,152,152,0,141,141,0,0,0,0,0,0,93,93,93,80,80,80,0,0
baseball-3d-pop-up-fathers-day-card,18667936769,13,342,342,342,342,342,330,329,291,291,291,291,291,0,0,280,0,278,278,269,269,269,0,0,257,0,243,243,224,224,224,212,212,212,0,0,0,0,0,0,0,195,195,183,183,183,0,0,169,165,165,165,0,0,0,0,0,0,0,140,140,0,117
bears-pop-up-card,1194484957,10,0,180,180,177,177,177,177,152,152,152,152,152,419,419,419,392,392,392,359,359,359,0,0,312,0,287,287,0,264,264,0,0,194,0,189,189,0,156,156,0,0,0,0,0,101,0,94,94,0,0,0,0,30,30,1158,1158,1158,0,1127,1127,1097,1097
bed-3d-pop-up-love-card,10684378945,10,0,730,730,730,730,730,730,727,727,727,727,727,725,725,725,724,724,724,720,720,720,0,0,716,0,713,713,712,712,712,707,707,707,0,706,706,0,705,705,0,0,0,0,0,694,692,692,692,0,0,0,0,0,0,0,672,672,0,0,672,0,668
beer-3d-pop-up-greeting-card,11122533121,10,0,0,535,535,535,413,409,0,0,384,384,384,378,378,378,0,0,0,0,306,306,0,302,302,280,280,280,0,267,267,0,237,237,0,231,231,0,207,207,203,203,203,194,194,194,0,0,0,177,177,177,0,0,0,0,0,0,0,136,136,0,105
bird-nest-pop-up-card,1330467841,10,3888,3888,3888,3888,3888,3980,3980,0,3950,3950,3950,3950,0,3884,3884,0,3860,3860,0,0,3777,0,0,3742,0,0,0,0,0,3654,0,0,0,0,0,0,0,0,3503,3498,3498,3498,3444,3444,3444,0,0,0,0,3316,3316,0,3215,3215,3162,3162,3162,0,0,0,NaN,NaN
birthday-card-5-pack,28522627597,48,0,0,0,0,0,0,0,0,0,0,0,0,0,0,0,0,0,0,0,0,0,0,0,0,0,0,0,0,0,0,0,0,0,0,0,0,0,0,0,0,0,0,0,0,0,0,67,67,0,0,0,62,62,62,61,61,61,0,0,0,52,52
birthday-present-pop-up-card,10672129857,10,0,2196,2196,2196,2196,1922,1922,0,1917,1917,1917,1917,0,1876,1876,0,1862,1862,0,1835,1835,1833,1833,1833,0,1836,1836,1831,1831,1831,1813,1813,1813,1804,1804,1804,1792,1792,1792,1791,1791,1791,0,1774,1774,0,1647,1647,0,1638,1638,0,1634,1634,1623,1623,1623,0,0,0,NaN,NaN
blackhawk-helicopter-3d-pop-up-greeting-card,10728484801,13,0,0,263,262,262,262,262,227,227,227,227,227,223,223,223,219,219,219,213,213,213,0,0,206,0,0,0,0,202,202,0,0,195,0,0,0,0,0,0,0,0,0,0,0,186,0,186,186,0,0,0,0,176,176,175,175,175,0,170,170,165,165
blue-birthday-bear-3d-pop-up-birthday-card,10633357953,13,55,55,55,53,53,53,53,0,0,0,0,0,0,0,0,0,0,0,0,0,0,0,0,0,0,0,0,0,0,0,0,0,0,0,0,0,0,0,0,0,0,0,0,0,0,0,0,0,0,0,0,0,0,0,0,0,0,0,0,0,0,0
boston-skyline,32653693645,13,0,0,0,0,0,0,0,0,0,0,0,0,0,0,0,0,0,0,0,0,0,0,0,0,0,0,0,0,0,0,0,0,0,0,0,0,0,0,0,0,0,0,0,0,0,0,0,0,0,0,0,0,0,0,0,0,0,0,0,1125,796,796
buddha-pop-up-card,30859706061,13,0,480,480,480,478,478,478,434,434,434,434,434,0,0,415,415,415,415,414,414,414,407,407,407,0,402,402,401,401,401,394,394,394,390,390,390,388,388,388,0,0,0,0,382,382,0,357,357,0,0,0,0,0,0,324,324,324,317,317,317,0,0
bun-in-the-oven-3d-pop-up-mothers-day-card,17688200513,13,208,208,208,204,204,204,204,189,189,189,189,189,0,171,171,0,168,168,0,107,107,0,97,97,87,87,87,0,77,77,0,58,58,0,51,51,0,0,0,20,20,20,3,3,3,0,0,0,0,0,0,0,0,0,0,0,0,0,0,0,0,0
camera-pop-up-card,22637492417,10,0,0,846,846,846,839,839,0,0,831,831,831,825,825,825,820,820,820,0,815,815,0,811,811,804,804,804,0,802,802,0,798,798,0,797,797,0,794,794,792,792,792,787,787,787,0,0,768,766,766,766,0,0,0,0,0,0,0,740,740,0,728
camping-trip-pop-up-card,18578100737,13,0,1500,1500,1500,1496,1496,1496,1460,1460,1460,1460,1460,0,0,1436,1436,1436,1436,1423,1423,1423,1415,1415,1415,0,1392,1392,1387,1387,1387,1375,1375,1375,1368,1368,1368,1355,1355,1355,0,0,0,0,1340,1340,0,1270,1270,0,1256,1256,0,0,0,1218,1218,1218,NaN,NaN,NaN,0,0
cat-mom-3d-pop-up-mothers-day-card,16890624257,13,1342,1342,1342,1342,2579,2579,2579,0,2383,2383,2383,2383,0,2238,2238,0,2176,2176,0,0,1960,0,0,1891,0,1800,1800,0,0,1643,0,0,0,0,0,1429,0,0,1310,1299,1299,1299,1168,1168,1168,1006,1006,1006,0,820,820,0,2647,2647,2531,2531,2531,0,0,0,2225,2225
cat-playhouse-3d-pop-up-greeting-card,5799994049,10,0,304,304,304,304,304,304,0,0,290,290,290,0,0,284,0,283,283,0,0,275,275,275,275,308,308,308,306,306,306,306,306,306,304,304,304,302,302,302,0,301,301,0,0,0,258,258,258,0,0,0,0,237,237,0,0,0,0,232,232,0,undefined
celtic-harp-3d-pop-up-card,18585258433,13,0,0,527,527,527,526,526,0,0,525,525,525,524,524,524,0,0,522,0,473,473,0,472,472,0,0,472,0,472,472,0,0,0,0,0,471,0,0,471,0,0,0,0,470,470,470,470,470,0,0,470,0,0,0,0,0,0,0,0,0,NaN,NaN
champagne-bottle-3d-pop-up-new-year-card,10594542145,10,0,523,523,523,522,522,522,0,519,519,519,519,0,506,506,0,0,493,493,493,493,0,492,492,0,0,481,0,0,0,0,478,478,478,478,478,0,475,475,473,473,473,470,470,470,461,461,461,0,456,456,455,455,455,0,440,440,NaN,NaN,NaN,0,0
champagne-ladies-3d-pop-up-new-year-card,10593353473,10,0,1789,1789,1789,1789,1789,1789,0,1788,1788,1788,1788,0,1780,1780,0,0,1778,1770,1770,1770,1770,1770,1770,0,0,1768,1768,1768,1768,0,1768,1768,0,0,0,1765,1765,1765,0,0,1764,0,0,0,1741,1741,1741,0,1738,1738,1730,1730,1730,0,1727,1727,NaN,NaN,NaN,0,0
cherry-blossom-tree-3d-pop-up-mothers-day-card,17253170241,13,5327,5327,5327,5327,4077,4077,4077,0,3083,3083,3083,3083,0,8808,8808,0,8327,8327,0,0,6985,0,0,6327,0,0,0,0,0,4995,0,0,0,0,0,6337,0,0,5446,5361,5361,5361,4463,4463,4463,3972,3972,3972,0,2750,2750,0,4465,4465,0,0,0,0,0,0,NaN,NaN
cherry-pie-pop-up-card,17104957633,13,0,319,319,319,315,315,315,0,312,312,312,312,0,310,310,0,0,308,306,306,306,0,301,301,0,0,288,286,286,286,0,279,279,275,275,275,0,270,270,268,268,268,264,264,264,260,260,260,0,249,249,0,0,0,0,236,236,NaN,NaN,NaN,0,0
christmas-bear-3d-pop-up-holiday-card,8071693377,13,310,310,310,310,310,310,310,0,310,310,310,310,0,310,310,0,0,310,0,0,310,310,310,310,310,310,310,0,0,0,0,0,310,0,310,310,0,0,310,0,0,0,0,0,0,0,0,0,0,0,0,0,355,355,0,0,0,0,354,354,0,undefined
christmas-candle-christmas-card,21851090945,13,0,0,4684,4684,4684,4684,4681,0,4678,4678,4678,4678,4676,4676,4676,4675,4675,4675,0,4670,4670,4670,4670,4670,0,4667,4667,0,0,4663,0,4661,4661,4660,4660,4660,4659,4659,4659,0,0,4658,0,0,0,0,4654,4654,4654,4654,4654,4653,4653,4653,0,0,0,4651,4651,4651,0,undefined
christmas-character-pack-3d-pop-up-holiday-card,10694136257,29,84,84,84,84,84,84,84,0,84,84,84,84,0,84,84,0,0,84,0,0,84,84,84,84,84,84,84,0,84,84,0,0,0,0,84,84,0,0,84,0,0,0,0,0,0,0,0,0,0,0,0,0,84,84,0,0,0,0,0,0,0,undefined
christmas-eiffel-3d-pop-up-christmas-card,10492354881,13,163,163,163,163,163,163,163,163,163,163,163,163,0,0,163,0,163,163,163,163,163,0,0,0,163,163,163,0,163,163,0,0,161,0,0,161,0,160,160,0,0,0,0,0,158,0,0,158,0,0,0,0,158,158,0,0,0,0,158,158,158,158
christmas-fun-5-pack,27963349889,62,186,186,186,185,185,185,185,0,185,185,185,185,0,185,185,0,0,185,0,0,185,185,185,185,185,185,185,0,185,185,0,0,185,0,0,0,0,0,185,0,0,0,0,0,0,0,0,0,0,0,164,0,0,0,0,0,0,0,0,164,NaN,NaN
christmas-poinsettia-christmas-card,21869798721,13,0,0,814,814,814,814,814,0,814,814,814,814,813,813,813,813,813,813,0,812,812,812,812,812,0,810,810,0,0,0,0,0,0,807,807,807,806,806,806,0,0,805,0,0,0,0,828,828,828,828,828,828,828,828,0,0,0,826,826,826,0,undefined
christmas-tree-blue,8204949441,13,415,415,415,415,415,415,415,0,415,415,415,415,0,415,415,0,0,415,0,0,415,415,415,415,415,415,415,0,0,0,0,0,0,0,415,415,0,0,0,0,415,415,0,0,307,0,0,0,0,0,0,0,0,0,0,0,0,0,0,0,0,305
christmas-tree-holiday-photo-card,21870489537,13,0,0,240,240,240,0,240,0,0,240,240,240,239,239,239,239,239,239,0,0,0,0,239,239,239,239,239,0,239,239,0,239,239,0,239,239,0,0,0,0,0,0,239,239,239,0,0,0,0,0,0,237,237,237,0,0,0,0,237,237,0,237
christmas-tree-pop-up-card,1095371785,13,0,0,4825,4825,4825,4825,4825,0,4822,4822,4822,4822,4821,4821,4821,4821,4821,4821,0,4796,4796,4795,4795,4795,0,4795,4795,0,0,4793,0,4788,4788,4786,4786,4786,4784,4784,4784,0,0,4783,0,4782,4782,0,0,0,4927,4927,4927,4920,4920,4920,0,0,4918,4918,4918,4918,0,undefined
classic-christmas-7-pack,27962047425,69,0,50,50,50,50,50,50,0,0,50,50,50,0,0,49,0,49,49,0,0,49,49,49,49,49,49,49,49,49,49,49,49,49,0,0,0,49,49,49,0,49,49,0,48,48,48,48,48,48,48,48,0,0,47,0,47,47,0,0,0,0,47
coffee-cup-pop-up-card,3308269697,10,143,143,143,143,143,143,143,59,59,59,59,59,0,50,50,0,45,45,0,0,0,0,0,0,0,0,0,0,0,0,0,0,0,0,0,0,0,0,0,0,0,0,0,0,0,0,0,0,0,0,0,0,0,0,0,0,0,0,0,0,0,0
cornucopia-3d-pop-up-greeting-card,8031960193,13,189,189,189,189,189,189,189,0,189,189,189,189,0,189,189,0,0,182,0,0,182,182,182,182,181,181,181,0,181,181,0,0,0,0,181,181,0,0,180,0,180,180,0,0,179,0,0,0,0,0,0,0,179,179,0,0,0,0,179,179,NaN,NaN
couple-love-pop-up-card,1095371541,10,0,604,604,603,603,603,603,562,562,562,562,562,557,557,557,544,544,544,0,0,0,0,0,519,0,517,517,0,514,514,0,0,508,0,505,505,0,496,496,0,0,0,0,0,362,0,0,0,0,350,350,0,316,316,0,310,310,0,0,0,301,301
cupcake-birthday-pop-up-card,2668806209,10,0,1039,1039,1039,926,926,926,836,836,836,836,836,0,0,786,785,785,785,744,744,744,0,0,0,0,680,680,0,0,0,614,614,614,602,602,602,583,583,583,0,574,574,0,539,539,0,380,380,0,358,358,NaN,NaN,NaN,0,0,0,0,0,0,0,0
cyclist-pop-up-biking-card,3308267521,10,410,410,410,410,410,410,410,395,395,395,395,395,0,374,374,0,372,372,0,317,317,0,314,314,312,312,312,0,0,0,0,302,302,0,298,298,0,293,293,292,292,292,291,291,291,0,260,260,256,256,256,225,225,225,217,217,217,0,0,0,209,209
daisy-pop-up-card,22637362945,10,1781,1781,1781,1781,2295,2295,2295,0,1779,1779,1779,1779,0,6183,6183,0,5956,5956,0,0,5210,0,0,4869,0,0,0,0,0,3952,0,3500,3500,0,0,0,0,0,2261,2219,2219,2219,1605,1605,1605,1047,1047,1047,0,237,237,0,0,0,1456,1456,1456,0,0,0,2064,2064
day-of-the-dead,7244238977,13,0,245,245,245,244,244,244,0,240,240,240,240,0,237,237,0,0,235,235,235,235,234,234,234,0,0,231,231,231,231,0,0,0,213,213,213,0,208,208,208,208,208,207,207,207,197,197,197,0,0,0,0,0,0,0,179,179,NaN,NaN,NaN,0,0
democratic-donkey-3d-pop-up-greeting-card,24305785153,10,293,293,293,293,293,293,293,293,293,293,293,293,293,293,293,0,0,293,0,293,293,293,293,293,293,293,293,0,293,293,293,293,293,0,292,292,0,0,292,0,292,292,0,291,291,329,329,329,0,0,329,0,0,0,0,0,0,0,0,0,NaN,NaN
diamond-ring-3d-pop-up-valentines-day-card,10433200065,10,0,846,846,846,846,846,846,843,843,843,843,843,828,828,828,0,825,825,0,819,819,0,0,815,0,805,805,797,797,797,797,797,797,0,795,795,0,0,0,0,791,791,0,788,788,767,767,767,0,0,0,0,0,760,0,756,756,0,0,0,0,undefined
dog-family-pop-up-puppy-card,34276599757,13,0,0,0,0,4699,4699,4699,0,4527,4527,4527,4527,0,5323,5323,0,5301,5301,0,0,4995,0,0,4934,0,0,0,0,0,4821,0,4781,4781,0,0,4720,0,0,4663,4659,4659,4659,4594,4594,4594,0,0,0,0,4463,4463,0,4337,4337,4281,4281,4281,0,0,0,NaN,NaN
dog-house-3d-pop-up-greeting-card,16343809473,13,0,0,86,86,86,84,83,0,0,82,82,82,82,82,82,77,77,77,0,57,57,0,55,55,53,53,53,0,49,49,0,47,47,0,44,44,0,41,41,41,41,41,40,40,40,0,0,0,64,64,64,60,60,60,0,0,0,0,55,55,0,50
dogwood-tree-pop-up-card,1095371489,10,0,231,231,229,229,229,229,0,0,194,194,194,0,0,179,0,177,177,0,0,153,152,152,152,139,139,139,133,133,133,127,127,127,123,123,123,106,106,106,0,97,97,0,82,82,40,40,40,26,26,26,0,8,8,0,0,0,0,0,0,0,0
dollhouse-pop-up-card,30942690637,13,0,176,176,176,175,175,175,0,174,174,174,174,0,173,173,0,0,169,165,165,165,0,164,164,0,0,0,161,161,161,0,159,159,159,159,159,0,157,157,157,157,157,157,157,157,164,164,164,0,162,162,0,0,0,0,0,0,159,159,159,0,0
duckling-pop-up-card,1194513181,10,507,507,507,507,469,469,469,0,456,456,456,456,0,425,425,0,407,407,0,0,371,0,0,357,0,0,0,0,0,322,0,0,301,0,0,0,0,0,0,257,257,257,243,243,243,0,0,0,0,120,120,0,89,89,0,0,0,0,0,0,NaN,NaN
easter-bunny-bear-3d-pop-up-card,12311819009,13,237,237,237,237,56,56,56,56,56,56,56,56,0,0,56,0,0,0,56,56,56,0,0,0,0,76,76,76,76,76,75,75,75,75,75,75,75,75,75,0,0,0,0,75,75,0,69,69,0,68,68,0,0,0,0,0,0,NaN,NaN,NaN,0,0
easter-bunny-pop-up-card,6735926145,10,0,151,151,151,151,151,151,0,0,0,0,0,0,0,0,0,0,0,0,0,0,0,0,0,0,0,0,0,0,0,0,0,0,0,0,0,0,0,0,0,0,0,0,0,0,0,0,0,0,0,0,0,0,0,0,0,0,0,0,0,0,0
easter-egg-hunt-3d-pop-up-card,12311980097,13,239,239,239,239,90,90,90,89,89,89,89,89,0,0,87,87,87,87,86,86,86,85,85,85,0,85,85,85,85,85,85,85,85,85,85,85,85,85,85,85,85,85,0,85,85,0,105,105,0,105,105,0,0,0,105,105,105,105,105,105,0,0
easter-pack-3d-pop-up-card,16438911297,29,104,104,104,104,104,104,104,104,104,104,104,104,103,103,103,0,0,0,0,102,102,0,102,102,101,101,101,0,0,0,0,101,101,0,101,101,0,101,101,101,101,101,101,101,101,0,45,45,44,44,44,44,44,44,0,0,0,0,44,44,0,undefined
elephant-family-pop-up-card,30552858125,13,3634,3634,3634,3634,3606,3606,3606,0,3472,3472,3472,3472,0,3398,3398,0,3368,3368,0,0,3238,0,0,3196,0,0,0,0,0,3049,0,0,2957,0,0,0,0,0,2834,2831,2831,2831,2756,2756,2756,0,0,0,0,2497,2497,0,2362,2362,2874,2874,2874,0,0,0,NaN,NaN
everyday-card-5-pack,28539244365,56,0,22,22,22,22,22,22,0,22,22,22,22,0,21,21,0,0,18,18,18,18,0,17,17,0,0,16,16,16,16,0,16,16,16,16,16,0,16,16,16,16,16,15,15,15,69,69,69,0,68,68,67,67,67,0,65,65,65,65,65,0,0
everything-love-3d-pop-up-valentines-day-card-12-pack,11567119233,99,56,56,56,56,56,56,55,55,55,55,55,55,0,0,55,0,55,55,52,52,52,0,0,50,0,0,0,0,0,0,48,48,48,0,47,47,0,0,0,0,45,45,43,43,43,0,0,15,15,15,15,0,0,0,0,10,10,0,0,0,0,undefined
fairy-godmother-pop-up-card,2037804417,10,0,0,335,335,335,317,317,0,0,315,315,315,315,315,315,0,313,313,0,308,308,0,305,305,317,317,317,0,313,313,0,307,307,0,305,305,0,297,297,296,296,296,293,293,293,0,258,258,252,252,252,233,233,233,0,0,0,0,222,222,0,undefined
fall-bear,7244234113,13,0,0,612,612,612,612,611,0,611,611,611,611,610,610,610,610,610,610,0,610,610,610,610,610,0,610,610,0,0,610,0,609,609,609,609,609,608,608,608,0,0,608,0,0,0,0,582,582,582,582,582,0,0,0,0,0,0,NaN,NaN,NaN,0,0
fall-pop-up-card-5-pack,28279657409,53,0,0,47,47,47,47,47,47,47,47,47,47,0,0,47,0,47,47,47,47,47,0,0,46,0,0,0,45,45,45,45,45,45,0,45,45,45,45,45,0,0,0,NaN,NaN,NaN,0,0,0,0,0,0,0,0,0,0,0,0,0,0,0,0,0
family-photo-christmas-10-pack,28325509441,99,0,70,70,70,70,70,70,0,0,70,70,70,0,0,70,0,70,70,0,0,70,70,70,70,70,70,70,70,70,70,0,0,0,70,70,70,70,70,70,0,70,70,0,70,70,20,20,20,20,20,20,0,0,0,0,19,19,0,19,19,0,undefined
fancy-lobster-3d-pop-up-birthday-card,17985170881,13,0,581,581,581,356,356,356,333,333,333,333,333,0,0,308,307,307,307,297,297,297,0,0,0,0,283,283,280,280,280,261,261,261,251,251,251,243,243,243,0,0,0,0,234,234,0,0,0,0,0,0,197,197,197,187,187,187,173,173,173,0,0
faneuil-hall-pop-up-card,1095371813,13,847,847,847,847,847,847,847,0,829,829,829,829,0,829,829,0,0,829,0,0,780,780,780,780,779,779,779,0,779,779,0,0,779,0,779,779,0,0,779,0,779,779,0,0,778,0,0,0,0,0,0,0,747,747,0,0,0,0,0,0,0,746
festive-palm-tree-christmas-card,21602196801,13,0,0,648,648,648,648,647,0,647,647,647,647,647,647,647,647,647,647,0,646,646,646,646,646,0,646,646,0,0,645,0,645,645,642,642,642,640,640,640,0,0,638,0,638,638,0,686,686,686,686,686,686,686,686,0,0,0,0,0,0,0,undefined
fishing-bear-3d-pop-up-card,18669119425,13,0,0,189,189,189,178,177,0,0,175,175,175,169,169,169,166,166,166,0,146,146,0,142,142,128,128,128,0,114,114,0,92,92,0,83,83,0,0,0,61,61,61,0,0,0,0,29,29,23,23,23,0,0,4,0,0,0,0,0,0,0,0
floral-bouquet-grey-pop-up-card,6661357889,13,664,664,664,657,657,657,514,0,0,507,507,507,1071,1071,1071,0,1062,1062,0,1003,1003,0,996,996,984,984,984,0,0,0,0,925,925,0,911,911,0,0,0,883,883,883,865,865,865,0,788,788,757,757,757,2135,2135,2135,0,0,0,0,0,0,0,undefined
floral-card-twelve-pack,28259371649,99,0,0,0,0,0,0,0,0,0,0,96,96,0,91,91,0,85,85,0,67,67,0,59,59,32,32,32,0,12,12,0,0,0,0,0,0,0,0,0,0,0,0,0,0,0,0,6,6,0,0,0,0,0,0,0,0,0,0,0,0,0,0
flower-bear-greeting-card,19570356801,13,4894,4894,4894,4894,4835,4835,4835,0,4786,4786,4786,4786,0,6754,6754,0,6737,6737,0,0,6656,0,0,6623,0,0,6586,0,0,6551,0,6535,6535,0,0,6501,0,0,6454,6452,6452,6452,6401,6401,6401,0,0,0,0,6168,6168,0,6094,6094,6036,6036,6036,0,0,0,NaN,NaN
flower-garden-love-pop-up-card,1330200833,10,0,0,0,0,0,1360,1360,1305,1305,1305,1305,1305,0,1203,1203,0,1139,1139,0,0,1220,0,0,1103,0,0,937,0,0,818,0,0,0,0,0,516,0,0,365,355,355,355,183,183,183,0,0,0,0,0,0,0,0,0,374,374,374,0,0,0,63,63
for-the-kids-3d-pop-up-valentines-day-card-pack,11526704513,29,61,61,61,61,61,60,60,59,59,59,59,59,0,0,56,0,0,0,0,0,0,0,0,56,56,56,56,56,56,56,0,0,0,0,56,56,0,0,0,0,56,56,0,0,0,0,0,4,4,4,4,0,0,0,2,2,2,0,2,2,2,2
forest-noel-3d-pop-up-christmas-card,10492706497,13,292,292,292,291,291,291,291,0,291,291,291,291,0,290,290,0,0,290,0,0,0,0,0,0,290,290,290,0,0,0,0,0,0,0,290,290,0,0,290,0,289,289,0,0,289,0,0,0,0,0,289,0,288,288,0,0,0,0,286,286,NaN,NaN
french-flower-cart-3d-pop-up-love-card,10683955841,13,705,705,705,705,682,682,682,0,560,560,560,560,0,516,516,0,503,503,0,0,460,0,0,446,0,0,0,0,0,402,0,0,371,0,0,359,0,0,326,0,0,0,292,292,292,0,0,0,0,112,112,0,0,0,931,931,931,0,0,0,NaN,NaN
fun-card-5-pack,28540195597,62,0,21,21,21,21,21,21,21,21,21,21,21,0,0,20,20,20,20,20,20,20,0,20,20,0,19,19,19,19,19,18,18,18,18,18,18,18,18,18,0,18,18,0,17,17,0,12,12,0,11,11,11,11,11,0,0,0,9,9,9,0,0
gingerbread-house-christmas-card,21793329665,13,0,0,2918,2918,2918,2918,2916,0,2915,2915,2915,2915,2912,2912,2912,2911,2911,2911,0,2911,2911,2910,2910,2910,0,2909,2909,0,0,0,0,2907,2907,2907,2907,2907,2906,2906,2906,0,0,2905,0,0,0,0,2902,2902,2902,2902,2902,0,0,0,0,0,0,2901,2901,2901,0,undefined
giraffe-family-pop-up-card,3308268097,10,0,0,187,187,187,171,168,0,0,165,165,165,0,0,145,0,143,143,133,133,133,0,0,0,0,106,106,101,101,101,91,91,91,0,79,79,72,72,72,0,68,68,0,0,0,0,0,40,38,38,38,0,0,18,0,0,0,0,10,10,0,0
girls-night-out-3d-pop-up-valentines-day-card,11570926913,13,0,0,397,397,396,396,395,0,388,388,388,388,372,372,372,372,372,372,0,364,364,362,362,362,0,361,361,0,0,0,0,359,359,359,359,359,359,359,359,0,0,359,0,353,353,0,360,360,358,358,358,357,357,357,0,0,0,NaN,NaN,NaN,0,0
gma-every-day-collection-steals-and-deals,18090297089,49,46,46,46,46,46,46,46,46,46,46,46,46,0,0,46,0,46,46,46,46,46,0,0,46,0,46,46,46,46,46,0,0,0,0,46,46,0,0,0,0,46,46,0,0,0,0,0,0,44,44,44,0,0,0,0,44,44,0,44,44,0,undefined
gold-birthday-bear-3d-pop-up-birthday-card,12311303297,13,242,242,242,241,241,241,241,85,85,85,85,85,0,79,79,0,76,76,0,68,68,0,67,67,56,56,56,0,51,51,0,43,43,0,40,40,0,37,37,0,0,0,30,30,30,0,53,53,42,42,42,35,35,35,29,29,29,NaN,NaN,NaN,0,0
gold-christmas-tree-pop-up-holiday-card,8205056321,13,0,44,44,44,44,44,44,0,0,44,44,44,0,0,44,0,0,44,0,0,44,44,44,44,43,43,43,0,0,0,0,0,0,43,43,43,0,0,0,0,43,43,0,0,0,0,0,0,0,0,0,0,0,0,0,0,0,0,0,0,0,0
golf-pop-up-card,18579925441,13,0,0,392,392,392,380,376,0,0,361,361,361,342,342,342,325,325,325,0,307,307,0,300,300,289,289,289,0,0,244,0,233,233,0,230,230,0,214,214,213,213,213,199,199,199,0,0,147,144,144,144,0,0,0,0,0,0,0,108,108,0,84
gondola-love-scene-pop-up-card,30412739725,15,0,157,157,157,156,156,152,0,150,150,150,150,0,148,148,0,0,145,142,142,142,0,139,139,0,0,0,122,122,122,0,120,120,118,118,118,0,114,114,114,114,114,114,114,114,117,117,117,0,108,108,0,0,0,0,90,90,87,87,87,0,0
graduation-hats-black-3d-pop-up-graduation-card,19454645185,10,0,0,0,0,0,0,0,0,0,0,968,968,0,956,956,0,950,950,0,0,893,0,0,872,0,0,852,0,0,817,0,0,0,0,0,0,0,0,0,779,779,779,0,0,0,0,0,0,0,601,601,0,398,398,113,113,113,0,0,0,NaN,NaN
graduation-hats-blue-3d-pop-up-graduation-card,18486110657,10,50,50,50,50,50,39,37,35,35,35,35,35,0,0,8,0,NaN,NaN,0,0,0,0,0,0,0,0,0,0,0,0,0,0,0,0,0,0,0,0,0,0,0,0,0,0,0,0,0,0,0,0,0,0,0,0,0,0,0,0,0,0,0,0
graduation-hats-gold-3d-pop-up-graduation-card,18585264961,10,0,0,165,165,165,159,159,0,0,155,155,155,141,141,141,0,0,129,0,115,115,0,111,111,0,0,96,0,94,94,85,85,85,0,0,77,0,0,0,0,0,0,0,68,68,58,58,58,0,0,37,0,35,35,0,0,0,0,0,0,NaN,NaN
graduation-hats-green-3d-pop-up-graduation-card,18585681857,10,0,0,57,57,57,50,50,0,0,46,46,46,30,30,30,0,0,18,0,9,9,0,7,7,0,0,0,0,0,0,0,0,0,0,0,0,0,0,0,0,0,0,0,0,0,0,0,0,0,0,0,0,0,0,0,0,0,0,0,0,0,0
graduation-hats-orange-3d-pop-up-graduation-card,18485980417,10,0,0,170,170,170,166,166,0,0,164,164,164,156,156,156,0,0,0,0,136,136,0,135,135,0,0,133,0,0,0,128,128,128,0,0,125,0,0,0,0,0,118,0,117,117,103,103,103,0,0,0,0,99,99,0,0,0,0,0,0,NaN,NaN
graduation-hats-red-3d-pop-up-graduation-card,18486212801,10,0,0,0,0,0,0,0,0,0,0,0,0,0,496,496,0,487,487,0,0,441,0,0,434,0,0,418,0,0,413,0,0,400,0,0,391,0,0,0,378,378,378,358,358,358,0,0,0,0,308,308,0,237,237,206,206,206,0,0,0,NaN,NaN
graduation-owl-pop-up-card,2037836033,10,1,1,1,1,1,1,1,0,0,0,0,0,0,0,0,0,0,0,0,0,0,0,0,0,0,0,0,0,0,0,0,0,0,0,0,0,0,0,0,0,0,0,0,0,0,0,0,0,0,0,0,0,0,0,0,0,0,0,0,0,403,403
groovy-yellow-submarine-3d-pop-up-birthday-card,10686266113,13,0,322,322,322,313,313,313,306,306,306,306,306,0,0,0,297,297,297,288,288,288,0,282,282,0,277,277,270,270,270,255,255,255,253,253,253,0,239,239,236,236,236,231,231,231,0,196,196,0,0,0,0,0,0,177,177,177,173,173,173,0,0
halloween-5-pack,26398948161,49,26,26,26,26,26,25,24,24,24,24,24,24,0,0,18,0,18,18,14,14,14,0,0,11,0,10,10,10,10,10,10,10,10,0,9,9,7,7,7,0,7,7,0,0,0,0,0,0,13,13,13,0,0,0,0,0,0,0,13,13,0,8
hammock-girl-pop-up-card,6661268289,13,317,317,317,317,317,307,307,306,306,306,306,306,0,0,300,0,0,0,294,294,294,0,0,286,283,283,283,0,0,0,272,272,272,0,265,265,257,257,257,0,249,249,0,0,0,0,0,232,0,0,225,0,0,0,0,0,0,0,0,0,183,183
hammock-guy-pop-up-card,4863035137,13,0,186,186,186,178,178,174,0,172,172,172,172,0,167,167,0,0,164,164,164,164,0,159,159,0,0,153,153,153,153,0,148,148,147,147,147,0,139,139,137,137,137,132,132,132,126,126,126,0,0,0,118,118,118,0,108,108,NaN,NaN,NaN,0,0
hanukkah-menorah-pop-up-card,1095371693,13,169,169,169,169,169,169,169,0,169,169,169,169,0,168,168,0,0,168,0,0,120,120,120,120,119,119,119,0,0,119,0,0,119,0,119,119,0,0,118,0,0,0,0,0,0,0,0,0,0,0,0,0,253,253,0,0,0,0,252,252,0,undefined
haunted-house,7243970625,13,0,0,143,143,143,139,139,0,0,139,139,139,139,139,139,0,0,135,0,0,0,0,135,135,0,0,134,0,134,134,134,134,134,0,0,131,0,0,0,0,0,129,0,128,128,0,0,0,0,0,97,0,97,97,0,0,0,0,0,0,NaN,NaN
heart-bench-pop-up-card,1095371789,13,0,597,597,595,595,595,595,0,0,568,568,568,0,0,553,0,549,549,0,0,541,539,539,539,525,525,525,522,522,522,515,515,515,510,510,510,0,0,0,0,497,497,0,491,491,487,487,487,476,476,476,0,0,451,0,447,447,0,0,435,0,425
holiday-cactus-pop-up-card,21870768449,13,0,0,643,643,0,0,643,0,642,642,642,642,0,639,639,639,639,639,0,638,638,0,638,638,0,638,638,0,0,0,0,638,638,0,0,637,0,637,637,0,0,637,0,0,0,0,0,0,0,0,0,0,0,0,0,0,0,0,0,0,0,undefined
holiday-caddy,7244234753,13,0,0,1017,1017,1017,1017,1017,0,0,1017,1017,1017,0,1017,1017,1017,1017,1017,0,1017,1017,0,1012,1012,0,0,0,0,0,1012,0,1012,1012,0,0,1012,0,1012,1012,0,0,0,0,1012,1012,1012,1012,1012,1012,1012,1012,1012,1012,1012,0,0,0,1012,1012,1012,0,1012
holiday-forest-12-pack-holiday-christmas-pop-up-cards,10694150273,99,48,48,48,48,48,48,48,48,48,48,48,48,0,0,47,0,47,47,47,47,47,0,0,47,46,46,46,46,46,46,0,0,0,0,46,46,46,46,46,0,46,46,0,0,0,0,0,23,23,23,23,0,23,23,0,0,0,0,23,23,23,23
holiday-moose-pop-up-card,21870730241,13,0,0,413,413,413,413,413,0,413,413,413,413,0,412,412,412,412,412,0,412,412,0,411,411,0,403,403,0,0,0,0,401,401,400,400,400,398,398,398,0,0,0,0,0,0,0,411,411,411,411,411,411,411,411,0,0,0,411,411,411,0,undefined
holiday-train-xmas-card,21869598145,13,0,0,3306,3306,3306,3306,3305,0,3304,3304,3304,3304,3301,3301,3301,3301,3301,3301,0,3301,3301,3300,3300,3300,0,3295,3295,0,0,3295,0,3289,3289,3288,3288,3288,3287,3287,3287,0,0,3283,0,3281,3281,0,3446,3446,3444,3444,3444,0,0,0,0,0,0,NaN,NaN,NaN,0,0
horses-running-pop-up-card,1095372857,13,0,249,249,249,249,249,249,0,0,240,240,240,0,0,230,0,228,228,0,0,0,198,198,198,187,187,187,181,181,181,173,173,173,0,0,0,0,0,0,0,159,159,0,150,150,128,128,128,118,118,118,0,0,0,0,88,88,0,0,0,0,67
hot-dog-stand-3d-pop-up-card,28920822989,13,0,268,268,268,555,555,554,0,529,529,529,529,0,527,527,0,0,527,524,524,524,0,522,522,0,0,0,514,514,514,0,513,513,513,513,513,0,509,509,508,508,508,505,505,505,482,482,482,0,478,478,479,479,479,0,478,478,476,476,476,0,0
house-for-sale-3d-pop-up-housewarming-card,18485046849,15,0,0,419,419,419,419,419,0,0,418,418,418,416,416,416,416,416,416,0,412,412,0,412,412,412,412,412,0,411,411,0,403,403,0,402,402,0,400,400,400,400,400,397,397,397,0,0,389,389,389,389,0,0,0,0,0,0,0,356,356,0,352
housewarming-gray-3d-pop-up-housewarming-card,18577400129,13,0,665,665,665,665,665,665,0,0,656,656,656,0,0,649,0,649,649,0,0,598,598,598,598,597,597,597,597,597,597,594,594,594,0,0,0,0,0,0,0,590,590,0,0,0,580,580,580,577,577,577,0,0,575,0,564,564,0,0,0,0,562
humvee-military-card,22301162753,13,138,138,138,138,138,137,136,134,134,134,134,134,0,0,132,0,132,132,71,71,71,0,0,67,67,67,67,65,65,65,60,60,60,0,57,57,0,0,0,0,53,53,0,0,0,0,0,0,31,31,31,0,28,28,0,0,0,0,0,0,16,16
jack-o-lantern-pop-up-card,7244239169,10,0,0,1103,1103,1103,1103,1103,0,0,1103,1103,1103,1103,1103,1103,0,0,1103,0,1103,1103,0,1102,1102,0,0,1101,0,1101,1101,1094,1094,1094,0,0,1090,0,0,0,0,0,1089,0,0,0,0,0,0,0,0,1089,0,0,0,0,0,0,0,0,0,NaN,NaN
jamaican-flag-3d-pop-up-greeting-card,10438102017,10,0,0,239,239,239,239,239,0,0,239,239,239,239,239,239,0,0,239,0,239,239,0,239,239,0,0,238,0,238,238,237,237,237,0,0,237,0,237,237,0,0,236,0,0,0,243,243,243,0,0,0,0,0,0,0,0,0,0,0,0,NaN,NaN
jesus-3d-pop-up-easter-card,12311706177,13,0,684,684,684,684,684,684,0,672,672,672,672,0,672,672,0,0,672,672,672,672,0,672,672,0,0,670,670,670,670,0,670,670,670,670,670,0,667,667,667,667,667,667,667,667,666,666,666,0,665,665,0,0,0,0,660,660,660,660,660,0,0
jungle-animals-pop-up-card,3308269505,13,0,0,122,122,122,120,120,0,0,116,116,116,102,102,102,95,95,95,0,80,80,0,77,77,74,74,74,0,52,52,0,40,40,0,39,39,0,37,37,0,0,0,33,33,33,0,37,37,34,34,34,0,0,16,0,0,0,0,9,9,0,0
just-because-card-twelve-pack,28350013057,109,0,0,49,49,49,48,48,0,0,48,48,48,0,0,46,0,46,46,46,46,46,0,0,45,0,0,0,44,44,44,44,44,44,0,43,43,43,43,43,0,43,43,0,0,0,0,0,63,63,63,63,0,0,0,0,0,0,0,58,58,0,55
kangaroos-pop-up-card,1194513433,10,0,375,375,375,373,373,368,0,364,364,364,364,0,351,351,0,0,341,334,334,334,0,329,329,0,0,344,344,344,344,0,336,336,331,331,331,0,323,323,320,320,320,312,312,312,281,281,281,0,0,0,260,260,260,0,240,240,234,234,234,0,0
kevin-o-leary-shark-tank-pop-up-card,10715810433,10,0,0,345,345,345,345,345,0,345,345,345,345,0,344,344,0,0,343,343,343,343,343,343,343,0,342,342,342,342,342,0,341,341,341,341,341,340,340,340,0,0,339,0,337,337,0,337,337,0,0,0,0,0,0,0,336,336,NaN,NaN,NaN,0,0
kids-birthday-3d-pop-up-pack,16439674433,49,0,0,6,6,6,1,1,0,0,0,0,0,0,0,0,0,0,0,0,0,0,0,0,0,0,0,0,0,0,0,0,0,0,0,0,0,0,0,0,0,0,0,0,0,52,0,50,50,0,0,0,50,50,50,48,48,48,0,48,48,0,44
las-vegas-dice-pop-up-card,5461586497,10,0,0,403,403,403,403,403,0,0,403,403,403,403,403,403,0,0,402,0,401,401,0,401,401,0,0,401,0,401,401,401,401,401,0,0,401,0,0,0,0,0,0,0,401,401,401,401,401,0,0,400,0,0,0,0,0,0,0,0,0,NaN,NaN
las-vegas-showgirl-pop-up-card,5461586561,10,0,0,715,715,715,715,715,0,0,714,714,714,714,714,714,0,0,713,0,713,713,0,713,713,0,0,713,0,713,713,713,713,713,0,0,713,0,0,0,0,0,0,0,711,711,711,711,711,0,0,710,0,0,0,0,0,0,0,0,0,NaN,NaN
las-vegas-sign-pop-up-card,5461586689,13,0,654,654,654,654,654,654,653,653,653,653,653,0,0,653,0,653,653,0,623,623,0,0,620,620,620,620,0,0,0,619,619,619,0,618,618,0,0,614,0,609,609,0,608,608,614,614,614,613,613,613,0,0,0,0,0,0,0,0,0,0,602
laughing-buddha-pop-up-card,30860300557,13,0,599,599,599,597,597,597,565,565,565,565,565,0,0,552,552,552,552,544,544,544,0,541,541,0,539,539,536,536,536,533,533,533,532,532,532,532,532,532,0,0,0,0,525,525,0,511,511,0,507,507,0,0,0,476,476,476,472,472,472,0,0
leprechaun-3d-pop-up-st-patricks-day-greeting-card,11941878145,10,0,971,971,971,971,971,971,971,971,971,971,971,0,0,969,969,969,969,969,969,969,968,968,968,0,968,968,968,968,968,968,968,968,968,968,968,968,968,968,0,0,0,0,967,967,0,974,974,0,974,974,0,0,0,974,974,974,974,974,974,0,0
life-events-pop-up-card-ten-pack,10618514689,89,0,0,82,82,82,82,82,80,80,80,80,80,80,80,80,79,79,79,0,0,0,0,0,76,0,75,75,0,75,75,0,0,74,0,0,73,0,73,73,0,0,0,0,0,72,0,72,72,0,0,0,0,70,70,70,70,70,0,70,70,68,68
love-bear-valentines-day-3d-pop-up-card,10684538177,13,2654,2654,2654,2654,2654,2583,2583,0,2487,2487,2487,2487,0,4428,4428,0,4394,4394,0,0,4292,0,0,4249,0,0,0,0,0,4135,0,0,0,0,0,0,0,0,3975,3969,3969,3969,3910,3910,3910,0,3649,3649,0,3555,3555,0,3430,3430,0,0,0,0,0,0,NaN,NaN
love-cupcake-pop-up-card,30411995853,13,0,795,795,795,794,794,793,0,792,792,792,792,0,781,781,0,0,778,771,771,771,0,767,767,0,0,0,760,760,760,0,753,753,752,752,752,0,749,749,747,747,747,745,745,745,710,710,710,0,703,703,703,703,703,0,0,0,692,692,692,0,0
love-explosion-pop-up-valentines-day-card,10684679425,10,0,619,619,616,616,616,616,607,607,607,607,607,600,600,600,583,583,583,0,567,567,0,0,548,0,531,531,529,529,529,514,514,514,0,507,507,0,503,503,0,0,0,0,485,485,433,433,433,0,0,0,0,0,0,0,381,381,0,0,0,0,349
lovebirds-3d-pop-up-love-card,10684586177,13,0,0,656,656,656,654,653,0,0,567,567,567,559,559,559,554,554,554,541,541,541,0,0,530,0,0,0,0,0,518,0,0,0,0,505,505,0,0,0,0,499,499,0,0,454,0,0,448,446,446,446,0,0,0,0,0,0,0,394,394,0,375
lovepop-birthday-cake-pop-up-card,1095371793,10,2282,2282,2282,2282,0,0,0,0,1654,1654,1654,1654,0,1570,1570,0,1543,1543,0,0,1465,0,0,1425,0,0,1381,0,0,0,0,0,1265,0,0,1229,0,0,1196,1194,1194,1194,1140,1140,1140,0,0,0,0,794,794,0,646,646,323,323,323,0,0,0,NaN,NaN
lovepop-survival-pack,20542290177,99,0,0,0,0,0,0,0,0,0,0,0,0,0,0,0,0,0,0,0,0,0,0,0,0,0,0,0,0,0,0,0,0,0,0,0,0,0,0,0,0,0,0,0,0,0,0,44,44,0,0,0,42,42,42,0,0,0,0,0,0,38,38
lovers-dogwood-tree-pink-pop-up-card,1095371505,10,0,1693,1693,1693,1651,1651,1651,1560,1560,1560,1560,1560,0,0,1529,1527,1527,1527,1501,1501,1501,1493,1493,1493,0,1458,1458,1447,1447,1447,1427,1427,1427,1421,1421,1421,1403,1403,1403,1393,1393,1393,0,0,0,0,1232,1232,0,1214,1214,0,0,0,1125,1125,1125,1091,1091,1091,0,0
lovers-dogwood-tree-yellow-pop-up-card,6661436097,10,0,1551,1551,1551,1550,1550,1550,1506,1506,1506,1506,1506,0,0,0,1495,1495,1495,1486,1486,1486,0,1478,1478,0,0,1460,1460,1460,1460,1451,1451,1451,1446,1446,1446,0,1435,1435,1430,1430,1430,1425,1425,1425,1384,1384,1384,0,0,0,0,0,0,1631,1631,1631,1619,1619,1619,0,0
lovers-in-a-dogwood-tree-brown-wedding-card,21976583617,10,117,117,117,117,117,116,116,114,114,114,114,114,0,0,109,0,108,108,102,102,102,0,0,89,86,86,86,81,81,81,67,67,67,0,64,64,62,62,62,0,56,56,54,54,54,0,0,0,43,43,43,0,0,0,0,0,0,0,0,0,9,9
lovers-in-a-dogwood-tree-gray,20738411457,10,0,39,39,36,36,36,36,0,0,20,20,20,0,0,0,0,0,0,0,0,0,0,0,0,0,0,0,0,0,0,0,0,0,0,0,0,0,0,0,0,0,0,0,0,0,0,0,0,0,0,0,0,0,0,0,0,0,0,0,0,0,0
lovers-in-a-dogwood-tree-male-3d-pop-up-gay-valentines-day-card,11643340737,10,0,1326,1326,1326,1321,1321,1321,1316,1316,1316,1316,1316,0,0,1306,1306,1306,1306,1302,1302,1302,1298,1298,1298,0,1294,1294,1293,1293,1293,1289,1289,1289,1285,1285,1285,1281,1281,1281,1278,1278,1278,0,1274,1274,0,1264,1264,0,1258,1258,1253,1253,1253,1251,1251,1251,1244,1244,1244,0,0
lovers-in-a-dogwood-tree-pop-up-lesbian-greeting-card,11643851265,10,61,61,61,61,61,59,59,58,58,58,58,58,0,0,50,0,50,50,0,47,47,0,45,45,0,44,44,0,41,41,0,0,35,0,0,33,0,31,31,0,0,0,0,0,17,0,0,14,0,0,0,0,9,9,3,3,3,0,0,0,0,0
lucky-cat-pop-up-card,32652152141,13,1382,1382,1382,1382,1379,1379,1379,0,1343,1343,1343,1343,0,1334,1334,0,1323,1323,0,0,1283,0,0,1278,0,0,1267,0,0,1259,0,0,0,0,0,0,0,0,1240,0,0,0,1234,1234,1234,0,0,0,0,1211,1211,0,1208,1208,1207,1207,1207,0,0,0,NaN,NaN
lucky-clover-3d-pop-up-st-patricks-day-greeting-card,11970182273,10,0,1509,1509,1509,1509,1509,1509,1509,1509,1509,1509,1509,1508,1508,1508,1497,1497,1497,1448,1448,1448,0,0,1446,0,1446,1446,0,1446,1446,0,0,1444,0,0,1444,0,1443,1443,0,0,0,0,0,1434,0,1434,1434,0,1427,1427,0,1426,1426,0,0,0,0,1420,1420,1419,1419
magnolia-tree-3d-pop-up-love-card,10683955905,13,414,414,414,381,381,381,381,0,0,0,0,0,0,0,0,0,0,0,0,0,0,0,0,0,0,0,214,0,175,175,0,1928,1928,0,0,1665,0,0,1391,1365,1365,1365,1074,1074,1074,636,636,636,0,235,235,0,0,0,0,0,0,0,NaN,NaN,0,0
manger-nativity-pop-up-christmas-card,21802648321,13,3762,3762,3762,3760,3760,3760,3760,0,3758,3758,3758,3758,0,3756,3756,0,0,3742,0,0,3742,3741,3741,3741,3734,3734,3734,0,3733,3733,0,0,3733,0,3733,3733,0,0,3730,0,3729,3729,0,0,3793,0,0,0,0,0,3793,0,3793,3793,0,0,0,0,0,0,0,3791
mayflower-ship-3d-pop-up-card,22637467137,13,0,350,350,350,350,350,345,0,327,327,327,327,0,327,327,0,0,326,324,324,324,0,324,324,0,0,324,324,324,324,0,319,319,319,319,319,0,317,317,316,316,316,313,313,313,303,303,303,0,0,0,290,290,290,0,284,284,NaN,NaN,NaN,0,0
mermaid-3d-pop-up-birthday-card,11122396353,10,0,220,220,219,219,219,219,96,96,96,96,96,81,81,81,71,71,71,9,9,9,0,2,2,0,0,0,0,0,0,0,0,0,0,0,0,0,0,0,0,0,0,0,0,0,0,0,0,0,0,0,0,0,0,0,0,0,0,0,0,0,0
money-tree-birthday-card,10506322049,13,0,0,190,190,190,190,190,94,94,94,94,94,0,0,0,45,45,45,16,16,16,0,0,0,0,0,0,0,0,0,0,0,0,0,0,0,0,0,0,0,0,0,0,0,0,0,0,0,0,0,0,0,0,0,0,0,0,0,0,0,0,0
mothers-day-floral-card-pack,34944477581,49,0,0,0,0,0,0,0,0,0,0,0,0,0,119,119,0,67,67,0,0,0,0,0,0,0,0,0,0,0,0,0,0,0,0,0,0,0,0,0,0,0,0,0,0,0,0,0,0,0,0,0,0,0,0,7,7,7,0,0,0,34,34
nativity-christmas-card,7244234945,13,0,0,1597,1597,1597,1597,1597,0,1596,1596,1596,1596,1591,1591,1591,1591,1591,1591,0,1576,1576,1575,1575,1575,0,1566,1566,0,0,0,0,1558,1558,1558,1558,1558,1555,1555,1555,0,0,1553,0,0,0,0,0,0,1528,1528,1528,0,0,0,0,0,1517,1517,1517,1517,0,undefined
nautical-card-5-pack,26630732545,49,0,79,79,79,79,79,78,0,77,77,77,77,0,0,76,76,76,76,75,75,75,0,75,75,0,0,0,75,75,75,0,72,72,72,72,72,0,71,71,71,71,71,71,71,71,69,69,69,0,69,69,68,68,68,0,0,0,67,67,67,0,0
new-baby-card-5-pack,16757002625,39,14,14,14,14,14,14,14,14,14,14,14,14,0,0,14,14,14,14,0,13,13,0,0,12,0,12,12,0,12,12,0,0,12,0,0,0,0,12,12,0,0,0,0,0,10,0,0,10,0,10,10,0,9,9,0,0,0,0,7,7,7,7
new-home-3d-pop-up-new-home-card,18582248513,15,18,18,18,18,17,17,17,0,14,14,14,14,0,14,14,0,0,0,5,5,5,2,2,2,0,0,0,0,0,0,0,0,0,0,0,0,0,0,0,0,0,0,0,0,0,0,0,0,0,0,0,0,0,0,0,0,0,0,0,0,0,0
new-year-tuxedo-bear-3d-pop-up-new-year-card,10508539969,13,0,1213,1213,1213,1213,1213,1203,0,1203,1203,1203,1203,0,1203,1203,0,0,1203,1202,1202,1202,0,1202,1202,0,0,1202,1202,1202,1202,0,1202,1202,1202,1202,1202,0,1202,1202,1202,1202,1202,0,0,0,0,0,0,0,0,0,1300,1300,1300,0,1300,1300,NaN,NaN,NaN,0,0
new-york-ball-drop-3d-pop-up-new-year-card,10507486017,10,0,2911,2911,2911,2911,2911,2911,0,2911,2911,2911,2911,0,2911,2911,0,0,2911,2911,2911,2911,0,2910,2910,0,0,2910,2910,2910,2910,0,2910,2910,0,0,0,0,2909,2909,2909,2909,2909,2909,2909,2909,0,0,0,0,0,0,2908,2908,2908,0,2908,2908,NaN,NaN,NaN,0,0
new-york-city-3d-pop-up-shark-tank-card,10713992449,13,0,743,743,743,743,743,743,705,705,705,705,705,583,583,583,583,583,583,527,527,527,0,0,525,0,517,517,0,517,517,0,0,517,0,517,517,0,516,516,0,0,0,0,0,493,0,493,493,0,492,492,0,485,485,0,481,481,0,0,0,0,undefined
ninja-card,22637217025,13,0,233,233,233,233,233,233,474,474,474,474,474,451,451,451,442,442,442,429,429,429,0,0,422,0,419,419,0,414,414,0,0,402,0,401,401,0,397,397,0,0,0,0,0,383,0,382,382,0,378,378,0,375,375,0,364,364,0,0,NaN,0,0
oak-tree-3d-pop-up-card,26770736769,13,3,3,3,2,2,2,2,0,0,0,0,0,0,0,0,0,0,0,0,0,0,0,0,0,0,0,0,0,0,0,0,0,0,0,0,0,0,0,0,0,0,0,0,0,0,0,0,0,0,0,0,0,0,0,0,0,0,0,0,0,0,0
oculus-new-york-pop-up-card,30551811533,15,0,327,327,327,327,327,327,0,0,327,327,327,0,0,327,0,327,327,0,0,324,324,324,324,324,324,324,0,0,0,0,0,0,321,321,321,321,321,321,0,0,0,0,320,320,0,0,0,0,0,0,0,317,317,0,0,0,0,316,316,0,undefined
original-lovepop-pop-up-card,1095371809,10,0,487,487,486,486,486,486,304,304,304,304,304,300,300,300,291,291,291,279,279,279,0,0,265,0,262,262,0,254,254,0,0,0,0,233,233,0,227,227,0,0,0,0,0,71,0,71,71,0,0,0,0,57,57,0,0,0,0,47,47,34,34
ornament-pop-up-card,1095371577,10,0,0,1367,1367,1367,1367,1367,0,1367,1367,1367,1367,0,1367,1367,1367,1367,1367,0,1366,1366,0,1366,1366,0,1365,1365,0,0,1365,0,1364,1364,1364,1364,1364,1364,1364,1364,0,0,0,0,0,0,0,0,0,1364,1364,1364,1364,1364,1364,0,0,0,1363,1363,1363,0,undefined
ornate-floral-bouquet-blue-pop-up-card,1095371765,13,2367,2367,2367,2367,2105,2105,2105,0,1947,1947,1947,1947,0,1851,1851,0,1808,1808,0,0,1721,0,0,0,0,0,0,0,0,1449,0,0,0,0,0,1288,0,0,1204,1193,1193,1193,1104,1104,1104,604,604,604,0,453,453,0,0,0,2211,2211,2211,0,0,0,NaN,NaN
ornate-floral-bouquet-gold-blue-pop-up-card,6661343361,13,696,696,696,696,696,679,679,0,603,603,603,603,0,587,587,0,571,571,0,544,544,531,531,531,0,0,0,0,0,502,0,479,479,470,470,470,457,457,457,0,0,0,0,0,0,0,327,327,0,285,285,0,208,208,757,757,757,0,0,0,NaN,NaN
ornate-floral-bouquet-purple-pop-up-card,6661347905,13,525,525,525,525,0,0,0,0,389,389,389,389,0,304,304,0,251,251,0,0,148,0,0,86,0,0,0,0,0,0,0,0,0,0,0,0,0,0,0,0,0,0,0,0,0,0,0,0,0,0,0,0,0,0,641,641,641,0,0,0,420,420
otter-mom-pop-up-animal-card,17376096193,10,269,269,269,263,263,263,263,228,228,228,228,228,0,187,187,0,170,170,0,132,132,0,114,114,0,0,0,0,0,0,0,28,28,0,9,9,0,0,0,0,0,0,0,0,0,0,0,0,0,0,0,0,0,229,0,0,0,0,0,0,NaN,NaN
panda-bear-pop-up-card,22637038273,13,0,316,316,316,315,315,315,175,175,175,175,175,0,0,151,149,149,149,136,136,136,0,131,131,0,106,106,96,96,96,90,90,90,82,82,82,76,76,76,73,73,73,0,56,56,0,12,12,0,0,2,2,2,2,0,0,0,0,0,0,0,0
paris-love-scene-pop-up-card,30412574861,15,0,78,78,78,69,69,69,65,65,65,65,65,0,0,0,38,38,38,0,0,0,2,2,2,0,0,0,0,0,0,0,0,0,0,0,0,0,0,0,0,0,0,0,0,0,0,0,0,0,0,0,0,0,0,0,0,0,0,0,0,0,0
pastel-party-hat-3d-pop-up-birthday-card,10631215169,10,0,0,686,686,686,686,686,0,0,685,685,685,685,685,685,0,0,685,0,685,685,0,685,685,0,0,685,0,685,685,684,684,684,0,0,684,0,0,0,0,0,0,0,0,0,684,684,684,0,0,0,0,684,684,0,0,0,0,0,0,NaN,NaN
peace-sign-3d-pop-up-card,10364942145,10,0,260,260,260,260,260,258,0,258,258,258,258,0,256,256,0,0,256,0,0,0,0,0,0,0,0,254,254,254,254,0,253,253,252,252,252,0,252,252,251,251,251,250,250,250,249,249,249,0,249,249,0,0,0,0,247,247,NaN,NaN,NaN,0,0
peacock-birthday-card,21344950593,13,0,0,260,260,260,75,69,0,0,65,65,65,60,60,60,47,47,47,0,28,28,0,23,23,1,1,1,0,0,0,0,0,0,0,0,0,0,0,0,0,0,0,0,0,0,0,0,0,0,0,0,0,0,0,0,0,0,0,0,0,0,0
peas-in-a-pod-pop-up-card,30552195981,13,0,85,85,85,83,83,81,0,79,79,79,79,0,73,73,0,0,72,62,62,62,0,58,58,0,0,0,47,47,47,0,45,45,43,43,43,0,38,38,37,37,37,35,35,35,19,19,19,0,17,17,0,0,0,10,10,10,9,9,9,0,0
penguin-dad-kirgami-card,18482160321,10,538,538,538,535,535,535,535,512,512,512,512,512,0,790,790,0,785,785,0,776,776,0,0,0,765,765,765,0,760,760,0,737,737,736,736,736,0,721,721,0,0,0,709,709,709,0,693,693,0,0,0,0,0,0,633,633,633,0,0,0,600,600
pi-day-pie-3d-pop-up-card,16542272129,13,0,0,84,84,84,83,83,0,0,83,83,83,83,83,83,0,0,82,0,82,82,0,82,82,0,0,82,0,82,82,81,81,81,0,0,80,0,80,80,0,0,79,0,79,79,0,0,0,0,0,79,0,79,79,0,0,0,0,76,76,72,72
pirate-ship-3d-pop-up-birthday-card,4862966977,13,0,939,939,939,731,731,731,668,668,668,668,668,0,641,641,0,621,621,0,590,590,586,586,586,0,547,547,523,523,523,496,496,496,484,484,484,471,471,471,465,465,465,0,445,445,0,0,0,0,0,0,0,0,0,0,0,0,0,0,0,0,undefined
pop-up-basketball-birthday-card,10685411329,13,0,0,385,385,385,385,385,327,327,327,327,327,327,327,327,323,323,323,320,320,320,0,0,316,0,0,0,0,315,315,0,0,312,0,0,308,0,307,307,0,0,306,0,0,308,0,0,0,0,0,0,0,291,291,0,0,0,0,289,289,284,284
pop-up-bear-graduation-card,34276503437,13,0,0,0,0,0,0,0,0,0,0,0,0,0,0,0,0,0,0,0,0,724,0,0,709,0,0,0,0,0,667,0,648,648,0,0,0,0,0,602,601,601,601,576,576,576,0,0,0,0,540,540,0,449,449,423,423,423,0,0,0,NaN,NaN
pop-up-boxing-card,23488222081,13,0,475,475,475,0,0,473,0,473,473,473,473,0,472,472,0,0,472,471,471,471,0,470,470,0,0,470,470,470,470,0,470,470,468,468,468,0,468,468,466,466,466,466,466,466,466,466,466,0,0,0,464,464,464,0,463,463,462,462,462,0,0
pop-up-diwali-card,8130209921,13,0,0,1241,1241,1241,1241,1241,0,1240,1240,1240,1240,1239,1239,1239,1238,1238,1238,0,1235,1235,1235,1235,1235,0,1233,1233,0,0,1233,0,1232,1232,1232,1232,1232,1230,1230,1230,0,0,0,0,1227,1227,0,0,0,1221,1221,1221,0,0,0,0,0,0,2213,2213,2213,0,undefined
pug-cake-smash-3d-pop-up-birthday-card,10672158017,10,465,465,465,463,463,463,463,145,145,145,145,145,0,125,125,0,112,112,0,85,85,0,0,0,61,61,61,0,40,40,0,23,23,0,14,14,0,0,0,0,0,0,0,0,0,0,0,0,0,0,0,0,0,0,0,0,0,0,0,0,0,0
puppy-bath-time-3d-card,17577391681,10,0,209,209,208,208,208,208,188,188,188,188,188,186,186,186,184,184,184,182,182,182,0,0,182,0,219,219,0,0,0,0,0,214,0,214,214,0,0,0,0,0,0,0,0,167,0,167,167,0,0,0,0,0,0,0,153,153,0,0,0,0,undefined
racing-runner-pop-up-card,17544925953,10,0,1086,1086,1086,1086,1086,1086,0,0,1076,1076,1076,0,0,1064,0,1063,1063,0,0,1057,1057,1057,1057,0,0,0,1070,1070,1070,1068,1068,1068,0,0,0,0,0,0,0,1056,1056,0,1054,1054,1024,1024,1024,0,0,0,0,0,1010,0,1009,1009,0,0,0,0,993
rainbow-bridge-card,30412383437,13,0,0,553,553,553,541,541,0,0,532,532,532,526,526,526,522,522,522,0,517,517,0,517,517,0,0,0,0,0,501,0,491,491,0,488,488,0,481,481,481,481,481,475,475,475,0,0,450,448,448,448,0,0,0,0,0,0,0,436,436,0,403
reindeer-with-presents-3d-pop-up-christmas-card,10492399361,13,918,918,918,918,918,918,918,0,918,918,918,918,0,918,918,0,0,918,0,0,918,918,918,918,918,918,918,0,0,0,0,0,917,0,917,917,0,0,917,0,917,917,0,0,924,0,0,0,0,0,0,0,924,924,0,0,0,0,0,0,NaN,NaN
release-the-kraken-pop-up-birthday-card,10728548993,13,0,522,522,522,359,359,359,274,274,274,274,274,0,0,268,268,268,268,246,246,246,0,246,246,0,237,237,214,214,214,213,213,213,206,206,206,204,204,204,0,195,195,0,185,185,0,197,197,0,187,187,0,0,0,181,181,181,170,170,170,0,0
republican-elephant-3d-pop-up-greeting-card,24305920513,10,342,342,342,342,342,342,342,342,342,342,342,342,0,342,342,0,0,342,0,0,342,342,342,342,342,342,342,0,342,342,342,342,342,0,0,0,0,0,0,0,341,341,0,0,0,0,0,0,0,0,0,0,0,0,0,0,0,0,0,367,NaN,NaN
robot-dad-3d-pop-up-fathers-day-card,18668688129,13,0,101,101,101,101,101,101,93,93,93,93,93,70,70,70,65,65,65,0,0,0,0,0,0,0,0,0,0,0,0,0,0,0,0,0,0,0,0,0,0,0,0,0,0,0,0,0,0,0,0,0,0,0,0,0,0,0,0,0,0,0,0
rocket-ship-3d-pop-up-fathers-day-card,18482776321,13,246,246,246,244,244,244,244,139,139,139,139,139,0,129,129,0,121,121,0,0,0,0,0,110,0,0,103,0,0,101,0,0,0,0,0,93,0,0,86,85,85,85,78,78,78,0,0,0,0,39,39,0,614,614,344,344,344,0,0,0,NaN,NaN
romantic-pop-up-valentines-day-card-pack,11443995137,29,0,0,69,69,69,69,69,0,0,69,69,69,68,68,68,67,67,67,0,63,63,0,63,63,60,60,60,0,57,57,0,55,55,0,53,53,0,51,51,51,51,51,49,49,49,0,0,0,0,0,0,0,0,0,0,0,0,0,0,0,0,0
rose-bouquet-3d-pop-up-valentines-day-card,10684449089,13,2421,2421,2421,2421,2152,2152,2152,0,1974,1974,1974,1974,0,1754,1754,0,1619,1619,0,0,1295,0,0,1174,0,0,0,0,0,840,0,0,0,0,0,488,0,0,282,0,0,0,NaN,NaN,NaN,0,0,0,0,0,0,0,0,0,0,0,0,0,0,0,0,0
royal-flush-pop-up-card,5461585665,13,0,94,94,94,94,94,94,0,0,92,92,92,0,0,85,0,83,83,0,57,57,0,0,55,55,55,55,53,53,53,53,53,53,0,0,0,0,0,51,0,51,51,0,50,50,40,40,40,40,40,40,0,0,39,0,38,38,0,0,0,0,undefined
saguaro-cactus-3d-pop-up-card,22534066177,13,0,168,168,168,163,163,161,0,161,161,161,161,0,155,155,0,0,152,145,145,145,0,141,141,0,0,128,113,113,113,0,107,107,107,107,107,0,102,102,98,98,98,94,94,94,76,76,76,0,69,69,68,68,68,0,62,62,59,59,59,0,0
sailboat-3d-pop-up-card,18668618497,13,0,670,670,668,668,668,668,0,0,612,612,612,0,0,586,0,584,584,0,0,522,522,522,522,515,515,515,494,494,494,484,484,484,478,478,478,0,0,0,0,470,470,0,454,454,409,409,409,403,403,403,0,0,364,0,357,357,0,0,0,0,326
santa-hammock-christmas-card,7244238401,13,0,0,487,487,486,486,485,0,484,484,484,484,481,481,481,481,481,481,0,481,481,481,481,481,0,479,479,0,0,478,0,478,478,476,476,476,476,476,476,0,0,474,0,474,474,0,0,0,472,472,472,461,461,461,0,0,459,0,0,0,0,undefined
santa-motorcycle-christmas-card,21799441409,13,119,119,119,119,119,119,119,0,42,42,42,42,0,39,39,0,0,37,0,0,35,33,33,33,32,32,32,0,0,32,0,0,0,0,31,31,0,0,28,0,0,0,0,0,0,0,0,0,0,0,0,0,0,0,0,0,0,0,53,53,0,undefined
santa-on-the-move-3-pack,26634449025,33,0,0,0,46,46,46,46,0,0,45,45,45,0,0,45,0,45,45,0,0,45,0,0,0,0,0,0,44,44,44,44,44,44,0,0,0,0,0,0,0,44,44,0,44,44,41,41,41,0,0,0,0,0,0,0,0,0,0,41,41,0,undefined
santa-sleigh-christmas-card,7244234689,13,0,0,3261,3261,3261,3261,3261,0,3258,3258,3258,3258,3258,3258,3258,3256,3256,3256,0,3253,3253,3253,3253,3253,0,3253,3253,0,0,3252,0,3247,3247,3247,3247,3247,3247,3247,3247,0,0,3245,0,0,0,0,3194,3194,3194,3194,3194,3187,3187,3187,0,0,0,3177,3177,3177,0,undefined
scaredy-cat-3d-pop-up-greeting-card,11122699905,10,364,364,364,364,364,362,362,361,361,361,361,361,0,0,357,0,356,356,353,353,353,0,0,348,366,366,366,363,363,363,362,362,362,0,358,358,354,354,354,0,353,353,0,0,0,0,0,0,0,0,324,0,323,323,0,0,0,0,0,0,315,315
shark-pop-up-card,10929755585,13,0,416,416,416,410,410,410,392,392,392,392,392,0,0,370,370,370,370,361,361,361,0,0,0,0,375,375,357,357,357,341,341,341,329,329,329,320,320,320,0,0,0,0,306,306,0,228,228,0,219,219,0,0,0,171,171,171,NaN,NaN,NaN,0,0
shark-tank-roberts-sports-car-3d-pop-up-birthday-card,10724571521,13,0,0,451,451,451,447,446,0,0,426,426,426,420,420,420,415,415,415,409,409,409,0,404,404,0,0,0,0,0,382,0,0,373,0,371,371,0,0,0,0,365,365,0,0,0,0,0,280,278,278,278,0,0,0,0,0,0,0,253,253,0,240
shopping-time-pop-up-card,1095371553,10,0,141,141,140,140,140,140,0,0,130,130,130,0,0,115,0,113,113,0,0,102,102,102,102,0,0,0,103,103,103,91,91,91,0,85,85,0,0,74,0,72,72,0,0,0,53,53,53,0,0,0,0,0,33,0,25,25,0,0,NaN,0,0
slot-machine-pop-up-card,5461585729,10,0,0,333,333,333,333,333,0,0,333,333,333,333,333,333,0,0,333,0,332,332,0,332,332,0,0,330,0,330,330,0,0,0,0,0,0,0,0,0,0,0,0,0,326,326,326,326,326,0,0,0,0,325,325,0,0,0,0,325,325,NaN,NaN
small-coffee-cup-3d-pop-up-gift-card,10684806977,8,147,147,147,140,140,140,140,119,119,119,119,119,0,94,94,0,0,74,0,60,60,0,51,51,33,33,33,0,20,20,0,6,6,0,0,0,0,0,0,0,0,0,0,0,0,0,0,0,0,0,0,0,0,0,0,0,0,0,0,0,0,0
snake-3d-pop-up-birthday-card,18585141633,13,0,0,0,0,0,195,195,0,0,188,188,188,188,188,188,187,187,187,186,186,186,0,185,185,0,223,223,0,0,218,0,0,217,0,217,217,216,216,216,0,216,216,0,0,0,0,0,160,160,160,160,0,0,158,0,0,0,0,155,155,0,undefined
snowflake-blizzard-12-pack-3d-pop-up-holiday-winter-cards,10694153921,99,60,60,60,60,60,60,60,60,60,60,60,60,0,0,60,0,60,60,60,60,60,0,0,60,60,60,60,0,0,0,0,0,0,0,59,59,59,59,59,0,59,59,0,0,0,0,0,0,9,9,9,0,0,0,0,0,0,0,8,8,NaN,NaN
snowflake-tree-holiday-card,21869606273,13,0,0,320,320,320,320,318,0,318,318,318,318,317,317,317,317,317,317,0,316,316,314,314,314,0,313,313,0,0,313,0,313,313,311,311,311,310,310,310,0,0,310,0,307,307,0,0,0,0,0,0,301,301,301,0,0,300,0,0,0,0,undefined
snowman-christmas-card,21800557441,13,0,0,4702,4702,4702,4702,4702,0,4702,4702,4702,4702,4701,4701,4701,4700,4700,4700,0,4700,4700,4700,4700,4700,0,4700,4700,0,0,4699,0,0,0,4694,4694,4694,4694,4694,4694,0,0,4694,0,4693,4693,0,4691,4691,4691,4691,4691,4685,4685,4685,0,0,0,4684,4684,4684,0,undefined
sparkling-snowflake-pop-up-card,1095371525,13,24,24,24,24,24,24,24,24,24,24,24,24,0,0,22,0,22,22,0,22,22,0,0,0,0,22,22,0,22,22,0,0,0,0,0,17,0,0,0,0,0,17,0,0,20,0,0,20,0,0,0,0,19,19,0,0,0,0,0,0,18,18
spooky-halloween,7244238785,13,225,225,225,225,225,225,225,0,224,224,224,224,0,224,224,0,0,222,0,0,221,221,221,221,220,220,220,0,0,0,0,0,219,0,219,219,0,0,216,0,0,0,0,0,167,0,0,0,0,0,0,0,167,167,0,0,0,0,0,0,0,undefined
springtime-picnic-3d-pop-up-greeting-card,17290392705,15,407,407,407,252,252,252,252,157,157,157,157,157,0,1302,1302,0,1301,1301,0,1288,1288,0,1285,1285,1280,1280,1280,0,1271,1271,0,0,0,0,1255,1255,0,0,0,0,0,0,1242,1242,1242,0,1225,1225,1218,1218,1218,1037,1037,1037,1023,1023,1023,0,0,0,1002,1002
statue-of-liberty-3d-pop-up-card,29056442061,13,0,0,0,511,511,511,511,371,371,371,371,371,368,368,368,368,368,368,363,363,363,0,0,357,0,348,348,0,348,348,0,0,345,0,0,344,0,344,344,0,0,0,0,0,336,0,0,0,0,0,0,0,235,235,232,232,232,0,227,227,212,212
steamboat-3d-pop-up-greeting-card,10607692417,13,348,348,348,348,348,348,348,328,328,328,328,328,328,328,328,0,327,327,0,324,324,0,324,324,318,318,318,0,313,313,0,287,287,0,286,286,0,282,282,280,280,280,279,279,279,0,0,0,0,0,0,261,261,261,0,0,0,0,0,0,0,252
stork-blue-pop-up-card,1095372853,10,0,240,240,239,239,239,239,238,238,238,238,238,234,234,234,225,225,225,222,222,222,0,0,219,0,227,227,0,225,225,0,0,219,0,219,219,0,219,219,0,0,0,0,0,0,0,0,0,0,0,0,0,0,0,0,147,147,0,0,0,0,undefined
stork-pink-pop-up-card,6662291841,10,0,794,794,794,794,794,794,0,0,786,786,786,0,0,776,0,776,776,0,0,769,769,769,769,795,795,795,793,793,793,790,790,790,789,789,789,0,0,0,0,784,784,0,780,780,698,698,698,696,696,696,0,0,695,0,695,695,0,0,0,0,691
stork-yellow-pop-up-card,6662286273,10,0,4,4,2,2,2,2,1,1,1,1,1,0,0,0,0,0,0,0,0,0,0,0,0,1,1,1,0,0,0,0,0,0,0,0,0,0,0,0,0,0,0,0,0,0,0,0,0,0,0,0,0,0,0,0,0,0,0,0,0,0,0
super-mom-pop-up-mothers-day-card,21415885633,13,0,0,0,0,0,0,0,0,0,0,0,0,0,0,0,0,0,0,0,0,0,0,0,0,0,0,0,0,0,0,0,1799,1799,0,1751,1751,0,1639,1639,1594,1594,1594,1484,1484,1484,0,1322,1322,1232,1232,1232,919,919,919,1352,1352,1352,0,0,0,1118,1118
surfer-pop-up-card,3308268481,13,0,0,155,155,149,149,149,0,148,148,148,148,147,147,147,146,146,146,0,143,143,142,142,142,0,140,140,0,0,138,0,0,0,0,0,0,136,136,136,0,0,131,0,130,130,0,111,111,0,110,110,109,109,109,0,0,0,NaN,NaN,NaN,0,0
swans-3d-pop-up-love-card,10684719617,10,0,0,498,497,497,497,497,455,455,455,455,455,439,439,439,428,428,428,417,417,417,0,0,403,0,399,399,0,390,390,0,0,385,0,0,382,0,380,380,0,0,376,0,0,300,0,0,0,0,0,0,0,281,281,0,0,0,0,0,0,258,258
t-rex-dad-pop-up-dinosaur-card,18481611137,13,0,499,499,499,499,499,499,0,0,494,494,494,0,0,482,0,481,481,0,0,0,473,473,473,466,466,466,459,459,459,441,441,441,0,431,431,0,0,425,0,425,425,0,425,425,434,434,434,429,429,429,0,0,0,0,418,418,0,0,0,0,409
t-rex-dinosaur-christmas-card,21870388801,13,0,60,60,60,60,60,60,0,58,58,58,58,0,58,58,0,0,58,0,0,58,58,58,58,58,58,58,0,0,0,0,0,0,0,57,57,0,0,54,0,0,0,0,0,84,0,0,0,0,0,0,0,84,84,0,0,0,0,83,83,0,undefined
t-rex-pop-up-dinosaur-card,18581784385,13,0,0,842,842,842,838,836,0,0,779,779,779,760,760,760,755,755,755,0,740,740,0,736,736,714,714,714,0,704,704,0,688,688,0,682,682,0,674,674,0,0,0,670,670,670,0,613,613,0,0,0,0,0,0,0,0,0,0,545,545,0,526
taxi-3d-pop-up-card,23625256257,13,0,229,229,229,229,229,229,181,181,181,181,181,181,181,181,181,181,181,0,0,0,0,0,175,0,225,225,0,225,225,0,0,225,0,225,225,0,222,222,0,0,0,0,0,149,0,0,0,0,148,148,0,0,0,0,147,147,0,0,0,0,undefined
teachers-apple-pop-up-card,18669557185,13,0,627,627,627,622,622,620,0,620,620,620,620,0,604,604,0,0,585,557,557,557,0,553,553,0,0,0,531,531,531,0,526,526,524,524,524,0,519,519,519,519,519,509,509,509,503,503,503,0,494,494,480,480,480,0,463,463,461,461,461,0,0
thanksgiving-card,7244239361,10,0,0,210,210,210,210,210,0,0,210,210,210,209,209,209,0,0,209,0,209,209,0,209,209,0,0,208,0,208,208,208,208,208,0,0,208,0,207,207,0,0,0,0,207,207,206,206,206,0,0,0,0,0,0,0,0,0,205,205,205,0,205
the-reason-for-the-season-10-pack,28258568385,99,0,65,65,65,65,65,65,0,0,64,64,64,0,0,64,0,64,64,0,0,63,63,63,63,63,63,63,63,63,63,63,63,63,0,0,0,63,63,63,0,63,63,0,62,62,12,12,12,12,12,12,0,0,0,0,12,12,0,12,12,0,undefined
the-seasons-greetings-christmas-10-pack-1,28325783361,99,0,0,123,123,123,123,123,0,123,123,123,123,123,123,123,123,123,123,0,123,123,123,123,123,0,121,121,0,0,121,0,121,121,121,121,121,121,121,121,0,0,121,0,121,121,0,109,109,0,0,0,109,109,109,0,0,0,109,109,109,0,undefined
the-young-america-clipper-ship-pop-up-card,1095371557,13,591,591,591,589,589,589,589,579,579,579,579,579,0,572,572,0,0,566,0,0,558,558,558,558,553,553,553,0,552,552,0,0,546,0,545,545,0,0,540,0,540,540,0,0,513,0,0,0,0,0,492,0,0,0,0,0,0,0,0,473,NaN,NaN
thumbs-up,21411551553,13,125,125,125,125,125,0,117,117,117,117,117,117,0,0,108,0,108,108,102,102,102,0,0,99,87,87,87,84,84,84,82,82,82,0,79,79,78,78,78,0,76,76,0,0,0,0,0,14,0,0,0,0,0,NaN,0,0,0,0,0,0,0,0
train-3d-pop-up-birthday-card,18669645697,15,0,12,12,12,12,12,12,0,0,0,0,0,0,0,0,0,0,0,0,0,0,0,0,0,0,0,0,0,0,0,0,0,0,0,0,0,0,0,0,0,0,0,0,0,0,0,0,0,0,0,0,0,0,0,0,0,0,0,0,0,0,0
tropical-christmas-3-pack,27962949505,33,59,59,59,58,58,58,58,0,58,58,58,58,0,58,58,0,0,58,0,0,58,58,58,58,58,58,58,0,0,0,0,0,0,0,58,58,0,0,57,0,57,57,0,0,56,0,0,0,0,0,0,0,0,0,0,0,0,0,56,56,0,undefined
tulip-pop-up-card,32654102797,13,472,472,472,472,290,290,290,0,63,63,63,63,0,0,0,0,0,0,0,0,0,0,0,0,0,0,206,0,0,0,0,0,0,0,0,1349,0,0,1243,1235,1235,1235,1108,1108,1108,0,0,0,0,762,762,0,0,0,349,349,349,0,0,0,NaN,NaN
tulip-pop-up-gift-card,32652949069,10,158,158,158,158,137,137,137,0,109,109,109,109,0,53,53,0,29,29,0,0,0,0,0,0,0,0,0,0,0,0,0,0,0,0,0,0,0,0,0,0,0,0,0,0,0,0,0,0,0,0,0,803,803,803,0,0,0,0,0,0,NaN,NaN
turkey-3d-pop-up-thanksgiving-card,8078102209,10,0,0,226,226,226,225,225,0,0,225,225,225,225,225,225,0,0,218,0,217,217,0,217,217,0,0,213,0,213,213,203,203,203,0,0,202,0,0,0,0,0,201,0,201,201,413,413,413,0,0,0,404,404,404,0,0,0,401,401,401,0,401
turtle-3d-pop-up-love-card,10684760641,13,0,0,0,0,0,0,0,0,0,0,0,0,0,0,0,0,0,0,0,0,0,0,0,0,0,0,0,0,0,0,0,0,0,0,0,0,0,0,0,0,0,0,0,0,0,0,0,0,0,0,0,0,0,0,0,0,0,0,0,0,4719,4719
unicorn-3d-pop-up-greeting-card,11970264897,13,579,579,579,579,266,266,266,0,131,131,131,131,0,81,81,0,61,61,0,0,15,0,0,0,0,0,0,0,0,0,0,0,0,0,0,0,0,0,0,0,0,0,0,0,0,0,0,0,0,0,0,0,0,0,591,591,591,0,0,0,529,529
usa-bear,20632494401,13,0,286,286,286,285,285,285,0,272,272,272,272,0,271,271,0,0,270,270,270,270,0,270,270,0,0,269,263,263,263,0,263,263,263,263,263,0,262,262,261,261,261,261,261,261,260,260,260,0,259,259,252,252,252,0,251,251,251,251,251,0,0
uscg-eagle-military-card,18669934977,13,227,227,227,227,227,227,227,0,224,224,224,224,0,224,224,0,0,222,0,0,217,217,217,217,214,214,214,0,0,0,0,0,212,0,212,212,0,0,211,0,0,0,0,0,0,0,0,0,0,0,0,0,0,0,0,0,0,0,0,0,0,undefined
uss-constitution-pop-up-card,1095372825,13,175,175,175,175,175,171,170,167,167,167,167,167,0,0,162,0,162,162,107,107,107,0,0,0,101,101,101,0,99,99,0,0,91,0,90,90,86,86,86,0,85,85,75,75,75,0,0,72,0,0,0,0,64,64,56,56,56,0,0,0,44,44
vampire-coffin-pop-up-card,7244233985,10,293,293,293,293,293,293,293,293,293,293,293,293,0,293,293,0,0,293,0,0,291,291,291,291,289,289,289,0,289,289,0,0,287,0,287,287,0,0,286,0,0,0,0,0,284,0,0,0,0,0,0,0,0,0,0,0,0,0,0,0,NaN,NaN
vibrant-party-hat-3d-pop-up-birthday-card,10632744513,10,0,0,562,562,562,562,562,0,0,561,561,561,561,561,561,0,0,561,0,561,561,0,561,561,0,0,560,0,560,560,560,560,560,0,0,560,0,0,0,0,0,559,0,0,0,0,0,0,0,0,0,0,559,559,0,0,0,0,0,0,NaN,NaN
viking-pop-up-card,30860166285,13,0,1254,1254,1254,1251,1251,1251,1197,1197,1197,1197,1197,0,0,1752,1752,1752,1752,1723,1723,1723,1721,1721,1721,0,1707,1707,0,0,0,1689,1689,1689,1685,1685,1685,1679,1679,1679,1676,1676,1676,0,1666,1666,0,1653,1653,0,0,0,0,0,0,0,0,0,1568,1568,1568,0,0
wedding-car-brides-wedding-card,22189992897,13,244,244,244,244,244,244,244,0,0,235,235,235,234,234,234,0,0,0,0,232,232,232,232,232,231,231,231,0,231,231,231,231,231,0,0,231,0,0,228,0,0,0,0,224,224,225,225,225,0,0,0,0,215,215,0,0,0,0,0,0,NaN,NaN
wedding-car-grooms-wedding-card,22189725697,13,105,105,105,105,105,105,105,105,105,105,105,105,0,0,103,0,103,103,103,103,103,0,0,101,0,0,0,0,0,0,99,99,99,0,98,98,98,98,98,0,98,98,0,0,0,0,0,91,90,90,90,0,0,90,0,0,0,0,0,0,0,0
wedding-car-wedding-card,22189080513,13,0,0,115,115,115,0,54,0,0,51,51,51,49,49,49,34,34,34,0,13,13,0,11,11,0,0,0,0,0,0,0,0,0,0,0,0,0,0,0,0,0,0,0,0,0,0,0,0,0,0,0,0,0,0,0,0,0,0,0,0,0,0
wedding-chapel-brides-wedding-card,21167323905,13,0,0,168,168,168,168,168,0,0,168,168,168,168,168,168,0,0,167,0,167,167,167,167,167,0,0,166,0,166,166,0,0,0,0,0,165,0,0,165,0,0,0,0,164,164,0,0,0,0,0,0,0,0,0,0,0,0,0,0,162,NaN,NaN
wedding-chapel-grooms-wedding-card,21167498177,13,0,0,92,92,92,92,92,0,0,92,92,92,92,92,92,0,0,90,0,0,0,89,89,89,0,0,89,0,89,89,86,86,86,0,0,86,0,0,0,0,0,0,0,84,84,95,95,95,0,0,0,0,95,95,0,0,0,0,0,0,NaN,NaN
wedding-chapel-wedding-card,21167243841,13,0,547,547,543,543,543,543,0,0,519,519,519,0,0,505,0,504,504,0,0,496,496,496,496,484,484,484,481,481,481,479,479,479,0,0,0,0,0,471,0,471,471,0,0,0,433,433,433,0,0,0,0,0,0,0,360,360,0,0,356,0,339
wedding-day-brides-pop-up-card,2668805953,10,145,145,145,145,145,145,145,0,144,144,144,144,0,144,144,0,0,143,0,0,143,143,143,143,143,143,143,0,0,0,0,0,0,0,141,141,0,0,139,0,139,139,0,0,0,0,0,133,0,0,0,0,NaN,NaN,0,0,0,0,0,0,0,0
wedding-day-grooms-pop-up-card,2668805633,10,0,0,161,161,161,160,160,0,0,160,160,160,159,159,159,0,0,159,0,0,0,0,156,156,0,0,156,0,156,156,156,156,156,0,0,155,0,155,155,0,0,0,0,153,153,127,127,127,0,0,0,0,0,0,0,0,122,0,0,0,NaN,NaN
wedding-day-pop-up-card,2668805249,10,0,894,894,890,890,890,890,747,747,747,747,747,729,729,729,725,725,725,709,709,709,0,0,696,0,688,688,0,684,684,0,0,675,0,675,675,0,662,662,0,0,0,0,0,586,0,0,0,0,0,0,0,0,0,0,443,443,0,0,0,0,415
wedding-season-3d-pop-up-card-pack,16440438849,29,36,36,36,36,36,33,31,31,31,31,31,31,28,28,28,27,27,27,0,17,17,0,0,14,0,12,12,0,12,12,0,0,9,0,0,8,0,6,6,0,0,0,0,0,0,0,47,47,0,0,0,47,47,47,41,41,41,0,0,0,0,35
whale-mother-pop-up-card,1194512853,10,0,523,523,523,512,512,512,499,499,499,499,499,0,0,476,474,474,474,0,0,0,0,0,0,0,446,446,443,443,443,425,425,425,422,422,422,409,409,409,0,0,0,0,380,380,0,344,344,0,331,331,0,0,0,589,589,589,578,578,578,0,0
whimsical-christmas-card-5-pack,26633365761,49,39,39,39,39,39,39,39,0,39,39,39,39,0,0,0,0,0,38,0,0,38,38,38,38,38,38,38,0,0,0,0,0,38,0,38,38,0,0,38,0,0,0,0,0,0,0,0,0,0,0,0,0,0,0,0,0,0,0,0,0,0,undefined
white-elephant-christmas-10-pack,28257915073,97,0,0,57,57,57,57,57,0,0,57,57,57,57,57,57,0,0,57,0,57,57,0,57,57,0,0,56,0,56,56,0,0,0,0,0,56,0,56,56,0,0,56,0,56,56,6,6,6,6,6,6,6,6,6,0,0,5,5,5,5,0,5
white-house-3d-pop-up-greeting-card,6026684161,13,0,0,223,223,223,221,220,0,0,220,220,220,220,220,220,0,220,220,185,185,185,0,0,180,0,0,0,178,178,178,178,178,178,0,178,178,0,0,0,0,178,178,0,0,0,0,0,178,176,176,176,0,0,0,0,0,0,0,174,174,0,undefined
willow-love-scene-pop-up-card,10607874753,15,3571,3571,3571,3571,4995,4995,4995,0,4888,4888,4888,4888,0,5141,5141,0,5119,5119,0,0,5093,0,0,5068,0,0,5034,0,0,5004,0,0,0,0,0,0,0,0,4921,4920,4920,4920,4899,4899,4899,0,0,0,0,4615,4615,0,4455,4455,4431,4431,4431,0,0,0,NaN,NaN
willow-love-scene-same-sex-female-3d-card,30262107469,15,153,153,153,153,153,0,151,151,151,151,151,151,0,0,146,0,145,145,144,144,144,0,0,141,141,141,141,139,139,139,0,0,0,0,134,134,131,131,131,0,129,129,127,127,127,0,0,115,0,0,0,0,111,111,0,0,0,0,0,0,101,101
willow-love-scene-same-sex-male,30163812941,15,0,0,137,137,137,129,128,0,0,125,125,125,119,119,119,117,117,117,0,113,113,0,113,113,110,110,110,0,109,109,0,108,108,0,105,105,0,103,103,103,103,103,100,100,100,0,0,90,88,88,88,0,0,0,0,0,0,0,82,82,0,77
willow-tree-pop-up-card,2037715009,13,0,2136,2136,2136,1944,1944,1944,1848,1848,1848,1848,1848,0,0,3761,3755,3755,3755,3648,3648,3648,3595,3595,3595,0,3509,3509,3474,3474,3474,3408,3408,3408,3339,3339,3339,3260,3260,3260,0,0,0,0,3078,3078,0,2977,2977,0,0,0,2759,2759,2759,2659,2659,2659,2570,2570,2570,0,0
wine-glass-pop-up-card,2037821313,13,397,397,397,397,397,295,290,278,278,278,278,278,0,0,249,0,243,243,221,221,221,0,0,0,193,193,193,0,184,184,0,0,156,0,154,154,135,135,135,0,123,123,0,0,0,0,0,0,0,0,81,0,76,76,0,0,0,0,49,49,22,22
winter-cabin-snowman-pop-up-card,1095371825,10,0,0,787,787,787,787,787,0,787,787,787,787,0,786,786,786,786,786,0,785,785,785,785,785,0,781,781,0,0,780,0,780,780,780,780,780,780,780,780,0,0,780,0,0,0,0,0,0,777,777,777,0,0,0,0,0,0,777,777,777,0,undefined
wisemen-3-pack-christmas-pop-up-cards,10694141185,29,0,51,51,51,51,51,51,0,0,49,49,49,0,0,49,0,49,49,0,0,49,49,49,49,49,49,49,49,49,49,49,49,49,49,49,49,0,0,0,0,48,48,0,46,46,45,45,45,45,45,45,0,45,45,0,0,0,0,45,45,0,undefined
witchs-brew-pop-up-card,7244239553,10,215,215,215,213,213,213,213,212,212,212,212,212,0,212,212,0,0,212,0,0,212,212,212,212,210,210,210,0,210,210,0,0,208,0,207,207,0,0,204,0,204,204,0,0,179,0,0,179,0,0,0,0,0,0,0,0,0,0,0,0,NaN,NaN
wreath-holiday-photo-card,21870470785,13,0,0,5982,5982,5982,5982,5982,0,5982,5982,5982,5982,5982,5982,5982,5982,5982,5982,0,5982,5982,5982,5982,5982,0,5975,5975,0,0,0,0,5975,5975,5975,5975,5975,5975,5975,5975,0,0,0,0,0,0,0,5965,5965,5965,5965,5965,5965,5965,5965,0,0,0,5965,5965,5965,0,undefined
yellow-house-3d-housewarming-card,18577457025,13,0,0,192,192,192,191,191,0,0,190,190,190,190,190,190,0,0,186,0,182,182,0,182,182,0,0,179,0,177,177,175,175,175,0,0,170,0,0,0,0,0,0,0,165,165,149,149,149,0,0,0,0,140,140,0,0,128,128,128,128,NaN,NaN
