Product Name, ID, Price,Fri May 05 2017 23:44:40 GMT-0400 (EDT),Sat May 06 2017 03:44:39 GMT-0400 (EDT),Sat May 06 2017 07:44:38 GMT-0400 (EDT),Sat May 06 2017 11:44:38 GMT-0400 (EDT),Sat May 06 2017 15:44:37 GMT-0400 (EDT),Sat May 06 2017 19:44:36 GMT-0400 (EDT),Sat May 06 2017 23:44:37 GMT-0400 (EDT),Sun May 07 2017 03:44:36 GMT-0400 (EDT),Sun May 07 2017 17:10:22 GMT-0400 (EDT),Sun May 07 2017 22:57:50 GMT+0000 (UTC),Mon May 08 2017 00:03:56 GMT+0000 (UTC),Mon May 08 2017 04:03:56 GMT+0000 (UTC),Mon May 08 2017 08:03:56 GMT+0000 (UTC),Mon May 08 2017 12:03:56 GMT+0000 (UTC),Mon May 08 2017 16:03:56 GMT+0000 (UTC),Tue May 09 2017 00:03:56 GMT+0000 (UTC),Tue May 09 2017 04:03:56 GMT+0000 (UTC),Tue May 09 2017 08:03:56 GMT+0000 (UTC),Tue May 09 2017 12:03:56 GMT+0000 (UTC),Tue May 09 2017 20:03:57 GMT+0000 (UTC),Wed May 10 2017 00:03:57 GMT+0000 (UTC),Wed May 10 2017 08:03:57 GMT+0000 (UTC),Wed May 10 2017 12:03:58 GMT+0000 (UTC),Wed May 10 2017 20:03:57 GMT+0000 (UTC),Thu May 11 2017 02:12:11 GMT+0000 (UTC),Thu May 11 2017 06:12:11 GMT+0000 (UTC),Thu May 11 2017 14:12:11 GMT+0000 (UTC),Thu May 11 2017 18:12:11 GMT+0000 (UTC),Thu May 11 2017 22:12:11 GMT+0000 (UTC),Fri May 12 2017 02:12:11 GMT+0000 (UTC),Fri May 12 2017 06:12:12 GMT+0000 (UTC),Fri May 12 2017 10:12:12 GMT+0000 (UTC),Fri May 12 2017 14:12:12 GMT+0000 (UTC),Fri May 12 2017 18:12:12 GMT+0000 (UTC),Fri May 12 2017 22:12:12 GMT+0000 (UTC),Sat May 13 2017 02:12:12 GMT+0000 (UTC),Sat May 13 2017 06:12:12 GMT+0000 (UTC),Sat May 13 2017 10:12:12 GMT+0000 (UTC),Sat May 13 2017 14:12:13 GMT+0000 (UTC),Sat May 13 2017 18:12:12 GMT+0000 (UTC),Sat May 13 2017 22:12:12 GMT+0000 (UTC),Sun May 14 2017 02:12:13 GMT+0000 (UTC),Sun May 14 2017 06:12:13 GMT+0000 (UTC),Sun May 14 2017 10:12:12 GMT+0000 (UTC),Sun May 14 2017 14:12:14 GMT+0000 (UTC),Sun May 14 2017 18:12:14 GMT+0000 (UTC),Sun May 14 2017 22:12:13 GMT+0000 (UTC),Mon May 15 2017 02:12:13 GMT+0000 (UTC),Mon May 15 2017 06:12:13 GMT+0000 (UTC),Mon May 15 2017 10:12:13 GMT+0000 (UTC),Mon May 15 2017 14:12:13 GMT+0000 (UTC),Mon May 15 2017 18:12:14 GMT+0000 (UTC),Tue May 16 2017 02:12:14 GMT+0000 (UTC),Tue May 16 2017 06:12:14 GMT+0000 (UTC),Tue May 16 2017 10:12:13 GMT+0000 (UTC),Tue May 16 2017 14:12:14 GMT+0000 (UTC),Tue May 16 2017 18:12:14 GMT+0000 (UTC),Tue May 16 2017 22:12:14 GMT+0000 (UTC),Wed May 17 2017 02:12:14 GMT+0000 (UTC),Wed May 17 2017 06:12:14 GMT+0000 (UTC),Wed May 17 2017 10:12:14 GMT+0000 (UTC),Wed May 17 2017 14:12:15 GMT+0000 (UTC),Wed May 17 2017 18:12:15 GMT+0000 (UTC),Wed May 17 2017 22:12:14 GMT+0000 (UTC),Thu May 18 2017 02:12:14 GMT+0000 (UTC),Thu May 18 2017 06:12:15 GMT+0000 (UTC),Thu May 18 2017 10:12:14 GMT+0000 (UTC),Thu May 18 2017 14:12:15 GMT+0000 (UTC),Thu May 18 2017 22:12:15 GMT+0000 (UTC),Fri May 19 2017 02:12:15 GMT+0000 (UTC),Fri May 19 2017 06:12:15 GMT+0000 (UTC),Fri May 19 2017 10:12:15 GMT+0000 (UTC),Fri May 19 2017 22:12:15 GMT+0000 (UTC),Sat May 20 2017 02:12:15 GMT+0000 (UTC),Sat May 20 2017 06:12:15 GMT+0000 (UTC),Sat May 20 2017 10:12:15 GMT+0000 (UTC),Sat May 20 2017 14:12:15 GMT+0000 (UTC),Sat May 20 2017 18:12:15 GMT+0000 (UTC)
12-days-of-christmas-pack-3d-pop-up-christmas-cards,10693857985,99,65,65,65,65,65,65,0,63,62,62,0,62,62,0,62,62,62,0,0,0,0,0,61,0,60,60,0,60,60,60,60,60,0,60,0,59,0,59,0,0,0,0,0,58,0,58,0,58,57,57,0,0,0,0,56,56,56,56,0,56,0,0,0,56,0,0,0,0,0,0,54,54,0,0,0,0,0,undefined
3-santa-pack-3d-pop-up-christmas-cards,10694124289,29,0,42,42,42,42,42,42,42,0,42,0,42,42,0,42,0,42,0,42,42,42,0,42,0,42,42,42,42,0,42,42,42,42,42,0,42,0,42,0,0,42,42,0,42,0,42,0,42,0,42,0,0,0,0,0,42,0,0,0,0,0,0,40,40,0,0,0,0,0,0,0,0,0,0,0,0,0,39
3d-pop-up-shark-tank-christmas-card,10728524481,13,0,573,573,573,573,573,0,572,0,0,0,572,572,572,572,572,572,572,572,0,0,0,572,0,0,570,0,570,0,570,0,0,570,570,569,569,569,569,0,569,569,569,569,569,0,569,0,569,0,0,0,568,0,0,566,566,566,566,566,566,0,0,565,565,0,0,0,0,564,564,0,564,0,0,0,0,564,564
a-bear-for-every-season-card-10-pack,28259322753,99,31,31,31,31,31,31,0,30,30,30,0,30,30,0,29,28,28,0,0,27,27,0,0,0,27,27,0,27,27,27,27,27,0,27,0,27,0,27,0,0,0,27,0,27,0,27,0,27,27,27,0,26,0,0,26,26,26,26,0,0,26,26,0,0,26,26,0,0,0,0,0,0,0,0,0,0,0,undefined
airplane-pop-up-card,30912195853,13,0,205,205,202,202,202,193,193,0,178,176,176,176,170,170,161,161,0,154,0,151,148,148,0,0,132,0,0,0,126,0,124,121,121,118,118,116,116,115,115,111,111,111,111,111,111,111,111,0,108,0,96,0,0,0,0,89,89,0,0,0,74,0,0,0,0,0,0,0,46,0,0,0,25,0,0,NaN,NaN
american-flag-pop-up-card,4863035265,10,1071,1071,1071,1070,1070,1070,0,1061,0,0,0,0,0,1060,1060,1049,1049,0,1046,1043,1043,0,1041,0,0,1026,0,1026,0,1026,1024,1024,1024,1024,1072,1072,1071,1071,0,1071,1071,1071,1071,1071,0,0,0,0,0,1070,1070,1070,0,1051,0,1051,0,1048,1040,1040,0,0,1032,1032,0,0,1026,1026,0,0,0,1017,0,0,0,0,0,undefined
angel-3d-pop-up-christmas-card,7244238593,10,0,0,0,0,0,0,0,0,0,0,0,0,0,0,0,1240,1240,1238,1238,0,1225,0,1225,0,0,1206,0,1206,1190,1190,0,1189,1187,1187,1186,1186,1185,1185,0,0,1183,1183,1182,1182,0,1181,0,1178,1176,1176,0,1174,1173,1173,1155,1155,1153,1153,1142,1142,0,0,1137,1137,1131,1131,1130,1130,0,0,0,1116,0,0,0,0,NaN,NaN
baby-bear-3d-pop-up-card,34276408461,13,0,1996,1996,1980,1980,1980,1924,1924,0,1872,1865,1865,1865,1795,1795,1678,1678,0,1502,0,1430,1407,1407,0,0,1333,0,0,0,1288,0,1280,0,1272,0,1265,0,1261,0,1255,0,1248,0,1246,0,1236,1233,1233,0,1229,0,1225,1167,1167,0,0,0,1115,0,1112,1111,1111,0,0,0,0,1094,1094,1075,1075,1070,1070,0,0,0,0,NaN,NaN
baby-chicks-3d-pop-up-greeting-card,12311549569,10,406,406,406,0,397,397,0,387,373,0,373,373,373,367,367,0,346,341,341,333,333,0,0,0,308,308,305,305,303,303,0,300,299,299,297,297,295,295,295,295,294,294,293,293,293,293,292,292,0,0,0,291,290,290,0,0,0,0,0,288,0,0,0,285,0,0,0,0,0,0,0,0,285,285,0,0,NaN,NaN
baby-its-cold-outside-5-pack,27961379777,60,42,42,42,42,42,42,42,42,0,41,0,41,41,0,41,0,41,0,41,41,41,0,41,0,40,40,39,39,0,39,39,39,0,39,0,38,0,0,0,38,38,38,0,0,0,0,0,37,37,37,37,37,37,37,37,37,0,0,0,0,36,36,0,36,0,0,0,0,0,0,0,0,0,0,0,0,0,undefined
ballerina-pop-up-dance-card,21062778305,13,315,315,315,0,301,301,0,0,283,277,0,270,270,0,258,245,245,225,225,0,211,0,209,0,0,190,0,185,175,175,0,175,0,170,0,192,0,192,0,190,0,189,0,189,0,0,0,183,0,0,0,175,0,164,164,164,156,156,0,0,155,155,0,146,144,144,0,0,0,0,0,0,0,0,0,83,0,undefined
baseball-3d-pop-up-fathers-day-card,18667936769,13,0,0,0,0,0,0,0,0,0,0,0,0,0,0,0,0,0,0,0,0,0,0,0,0,0,0,0,0,0,0,0,0,0,0,0,0,0,0,0,0,0,0,0,0,0,0,0,0,0,0,0,0,810,810,0,0,0,1083,1077,1077,0,0,0,0,1033,1033,0,1028,0,1017,0,0,0,0,983,983,NaN,NaN
beach-day-pop-up-card,32653211917,13,0,77,77,48,48,48,0,0,0,0,0,0,0,0,0,0,0,0,0,0,0,0,0,0,0,0,0,0,0,0,0,0,0,0,0,0,0,0,0,0,0,0,0,0,0,0,0,0,0,0,0,0,0,0,0,0,0,0,0,0,0,0,0,0,0,0,0,0,162,162,140,140,0,0,387,387,NaN,NaN
bears-pop-up-card,1194484957,10,0,106,106,0,73,73,0,34,0,0,0,0,0,0,0,0,0,0,0,0,0,0,0,0,0,0,0,0,0,0,0,0,0,0,0,0,0,0,0,0,0,0,0,0,0,0,0,0,0,0,0,0,547,547,545,545,0,541,0,0,0,0,525,525,0,0,0,509,0,0,0,0,0,0,504,504,503,503
bed-3d-pop-up-love-card,10684378945,10,0,556,556,0,553,553,0,0,538,536,0,532,532,0,530,521,521,517,517,0,510,0,507,0,0,501,0,500,0,498,496,496,0,482,505,505,0,503,0,501,0,0,0,499,0,0,0,496,495,495,495,495,493,493,0,492,0,0,490,490,488,488,0,486,484,484,0,0,0,0,0,0,0,0,0,0,0,undefined
beer-3d-pop-up-greeting-card,11122533121,10,0,0,0,0,0,0,0,0,0,0,0,0,0,0,0,0,0,0,0,0,0,0,0,0,0,0,0,0,0,0,0,0,0,0,0,0,0,0,0,0,0,0,0,0,0,0,0,0,0,0,0,0,1089,1089,1088,1088,0,1064,1054,1054,0,0,1036,1036,1008,1008,0,0,0,0,0,0,0,0,0,0,NaN,NaN
bird-nest-pop-up-card,1330467841,13,0,1480,1480,1462,1462,1462,1400,1400,0,1336,1325,1325,1325,1280,1280,1178,1178,0,1063,0,1013,999,999,0,0,915,0,0,0,856,0,849,0,842,0,836,0,0,0,827,0,0,0,823,0,816,0,0,0,805,0,794,741,741,0,0,0,0,0,663,661,661,657,657,0,0,645,645,0,0,632,632,0,0,0,0,NaN,NaN
birthday-card-5-pack,28522627597,48,53,53,53,0,35,35,27,27,0,0,0,11,11,9,9,0,0,0,0,0,0,0,0,0,0,0,0,0,0,0,0,0,0,0,0,0,0,0,0,0,0,0,0,0,0,0,0,0,0,0,0,0,0,0,0,0,0,0,0,0,0,0,0,0,0,0,0,0,0,0,0,0,0,0,0,0,0,0
birthday-present-pop-up-card,10672129857,10,0,1093,1093,1087,1087,1087,0,0,0,1017,1012,1012,1012,990,990,931,931,0,736,0,0,0,0,639,0,627,0,0,0,615,0,612,609,609,605,605,602,602,601,601,597,597,594,594,591,591,588,588,0,581,0,0,482,482,0,444,0,436,0,429,429,429,0,0,0,0,380,380,353,353,0,0,0,0,341,341,NaN,NaN
blackhawk-helicopter-3d-pop-up-greeting-card,10728484801,13,0,72,72,0,70,70,0,68,63,0,59,59,59,0,26,0,0,0,17,0,9,0,9,0,3,3,0,0,0,0,0,0,0,0,0,0,0,0,0,0,0,0,0,0,0,0,0,0,0,0,0,0,0,0,0,0,0,0,0,0,0,0,0,0,0,0,0,0,0,0,0,0,0,0,0,0,0,0
boston-skyline,32653693645,13,0,251,251,247,247,247,0,234,0,230,229,229,229,226,226,215,215,0,32,28,28,0,0,0,0,0,0,0,0,0,0,0,0,0,0,0,0,0,0,0,0,0,0,0,0,0,0,0,0,0,0,0,0,0,0,0,0,0,0,0,0,0,0,0,0,0,0,0,0,0,0,0,177,177,0,0,0,undefined
buddha-pop-up-card,30859706061,13,761,761,761,0,758,758,0,754,750,0,750,750,750,746,746,0,734,685,685,676,676,673,673,0,657,657,655,655,648,648,0,646,646,646,642,642,642,642,642,642,641,641,637,637,637,637,0,0,0,635,0,619,577,577,0,0,0,0,0,0,0,0,0,531,0,529,529,529,0,0,510,510,506,506,0,0,NaN,NaN
camera-pop-up-card,22637492417,10,578,578,578,0,572,572,568,568,0,0,0,557,557,556,556,549,549,0,506,0,498,496,496,486,478,478,474,474,465,465,464,464,0,463,462,462,0,457,457,457,0,454,452,452,450,450,0,444,444,444,443,443,0,0,0,376,376,376,372,372,372,372,0,353,0,0,0,350,0,0,0,0,0,0,0,0,0,undefined
camping-trip-pop-up-card,18578100737,13,818,818,818,0,807,807,0,797,0,786,784,784,784,780,780,753,753,0,711,1279,1279,1273,1273,0,1221,1221,1211,1211,0,1201,0,1200,1200,1200,1196,1196,1187,1187,1186,1186,0,0,1176,1176,1173,1173,1167,1167,0,1157,0,0,0,2249,2249,2249,2239,2239,0,0,0,2219,2209,2209,2188,2188,0,0,0,0,0,0,0,0,3001,3001,NaN,NaN
canoe,37217245645,13,0,0,0,0,0,0,0,0,0,0,0,0,0,0,0,0,0,0,0,0,0,0,0,0,0,480,460,460,0,397,0,392,0,388,0,377,0,376,0,367,366,366,0,360,356,356,348,348,0,338,0,0,0,1319,1318,1318,1265,1265,0,0,0,1246,0,0,1191,1191,0,1181,0,1164,0,0,0,1147,0,0,NaN,NaN
canoe-3d-pop-up-card,30860358093,13,0,0,0,0,0,0,0,0,0,0,0,0,0,0,0,0,0,0,0,0,0,0,0,778,0,0,0,0,0,0,0,0,0,0,0,0,0,0,0,0,0,0,0,0,0,0,0,0,0,0,0,0,0,0,0,0,0,0,0,0,0,0,0,0,0,0,0,0,0,0,0,0,0,0,0,0,0,0
cat-mom-3d-pop-up-mothers-day-card,16890624257,13,0,0,0,0,0,0,0,0,0,0,0,0,0,0,0,0,0,0,0,0,0,0,0,0,0,444,432,432,0,2668,0,2645,0,2617,0,2594,0,2582,0,2571,2558,2558,0,2542,2540,2540,0,0,0,2526,0,2503,0,2324,2324,2324,2309,2309,0,0,0,2286,2281,2281,0,0,0,0,0,2236,0,0,0,0,2208,2208,NaN,NaN
cat-playhouse-3d-pop-up-greeting-card,5799994049,10,160,160,160,153,153,153,0,144,138,135,0,132,132,0,128,126,126,126,126,125,125,0,124,119,119,119,0,117,116,116,116,116,0,116,0,115,0,115,0,0,0,109,0,107,0,106,0,106,0,0,0,0,0,0,106,106,0,0,0,105,105,105,0,0,0,0,0,0,0,0,101,101,0,0,100,100,0,100
celtic-harp-3d-pop-up-card,18585258433,13,445,445,445,445,445,445,445,445,0,445,0,445,445,0,444,0,443,0,443,443,443,0,436,0,431,431,430,430,0,430,0,0,430,430,0,0,0,430,0,429,428,428,0,0,0,428,0,0,0,427,427,427,0,0,0,0,0,424,423,423,0,422,0,0,420,420,0,0,0,0,0,420,416,416,0,0,0,undefined
champagne-bottle-3d-pop-up-new-year-card,10594542145,10,0,362,362,0,355,355,353,353,348,347,346,346,346,341,341,0,325,312,312,0,0,299,299,293,0,290,0,288,287,287,286,286,285,285,0,0,281,281,280,280,0,0,0,0,277,277,276,276,0,0,0,0,0,0,0,0,0,0,0,205,0,204,0,0,0,0,192,192,188,188,0,0,181,181,0,0,180,180
champagne-ladies-3d-pop-up-new-year-card,10593353473,10,0,1673,1673,0,1668,1668,1661,1661,1656,1654,1653,1653,1653,0,1643,0,1633,1624,1624,0,1616,0,0,1605,0,1596,0,1590,1590,1590,1585,1585,0,0,0,0,1582,1582,1582,1582,0,1579,1579,1579,1579,1579,1576,1576,0,0,0,0,0,0,0,0,0,0,0,0,0,1549,0,0,0,1547,0,0,0,0,0,0,1545,1545,0,0,NaN,NaN
cherry-blossom-tree-3d-pop-up-mothers-day-card,17253170241,13,0,6331,6331,6105,6105,6105,5228,5228,0,4071,3977,3977,3977,3310,3310,1921,1921,0,0,5309,5309,0,0,4176,0,3795,0,5852,0,5535,0,5430,0,5808,0,0,0,5603,0,5521,5470,5470,0,5395,5372,5372,5313,5313,0,5256,0,5187,0,8002,0,0,7915,7915,0,0,0,7842,0,0,0,7754,0,7737,0,7664,0,0,0,0,7587,7587,NaN,NaN
cherry-pie-pop-up-card,17104957633,13,0,76,76,0,72,72,67,67,63,62,62,62,62,0,58,0,47,46,46,0,26,26,26,15,0,11,0,10,8,8,6,6,0,0,0,0,0,0,0,0,0,0,0,0,0,0,0,0,0,0,0,0,0,0,0,0,0,0,0,0,0,0,0,0,0,0,0,0,0,0,0,0,0,0,0,0,0,0
christmas-bear-3d-pop-up-holiday-card,8071693377,13,0,310,310,310,310,310,310,310,0,310,0,310,310,0,310,0,310,0,310,0,0,0,310,0,310,310,310,310,0,309,309,309,0,0,0,309,0,309,0,309,309,309,0,309,0,309,0,309,0,309,309,309,0,0,0,308,0,0,0,0,0,0,0,0,308,308,308,308,0,0,0,0,0,0,0,0,0,undefined
christmas-candle-christmas-card,21851090945,13,0,4559,4559,0,0,0,4559,4559,4557,4557,4557,4557,4557,0,4556,0,4556,4555,4555,0,0,4551,4551,4549,0,4544,0,4544,4544,4544,0,0,0,4544,0,4543,4540,4540,4540,4540,0,4539,0,4539,4539,4539,4538,4538,4537,4537,4537,4537,0,4537,0,0,0,0,0,0,0,4525,0,4524,0,0,0,0,4523,4523,0,4523,0,0,0,4519,NaN,NaN
christmas-character-pack-3d-pop-up-holiday-card,10694136257,29,0,81,81,81,81,81,81,81,0,81,0,81,81,0,81,0,0,0,0,81,81,0,0,81,80,80,79,79,0,78,0,0,0,78,0,77,0,0,0,77,77,77,0,0,0,76,0,76,76,76,0,0,76,76,76,76,0,0,0,0,76,76,0,0,0,0,0,0,0,0,0,0,0,0,0,0,0,undefined
christmas-eiffel-3d-pop-up-christmas-card,10492354881,13,0,154,154,0,0,0,0,154,154,0,154,154,154,0,154,0,0,0,0,0,154,0,0,0,154,154,154,154,154,154,154,154,0,0,154,154,154,154,0,0,0,154,154,154,154,154,0,154,154,154,154,154,0,0,0,154,0,0,152,152,0,0,0,0,0,152,0,152,0,152,0,0,0,152,0,0,0,undefined
christmas-fun-5-pack,27963349889,62,0,161,161,161,161,161,161,161,0,161,0,161,161,0,161,0,161,0,161,161,161,0,161,0,161,161,161,161,0,161,161,161,161,161,0,160,0,160,0,160,0,0,0,0,0,0,0,159,0,0,159,159,0,0,0,0,0,159,0,0,0,0,158,158,156,156,0,0,0,0,0,156,156,156,0,0,0,undefined
christmas-poinsettia-christmas-card,21869798721,13,0,786,786,785,785,785,782,782,0,0,777,777,777,0,0,777,777,777,777,0,756,0,0,0,0,753,0,752,752,752,0,752,752,752,752,752,0,0,0,751,749,749,749,749,0,749,0,749,0,0,0,749,749,749,749,749,743,743,743,743,742,742,0,0,0,0,0,0,0,0,0,0,0,740,0,0,739,739
christmas-tree-blue,8204949441,13,0,281,281,281,281,281,280,280,0,280,0,280,280,0,280,0,280,0,280,280,280,0,280,0,280,280,0,0,0,279,279,279,279,279,0,279,0,279,0,279,279,279,0,0,0,279,0,279,0,279,279,279,0,279,0,0,0,279,279,279,0,0,0,0,279,279,0,0,0,0,0,0,0,0,0,0,0,undefined
christmas-tree-holiday-photo-card,21870489537,13,230,230,230,0,230,230,230,230,0,0,0,229,229,229,229,229,229,229,229,0,0,229,229,0,0,0,229,229,229,229,229,229,0,229,229,229,0,229,0,0,0,229,0,0,0,0,0,229,229,229,0,0,229,229,0,223,0,0,0,0,223,223,0,0,0,223,0,223,0,0,0,0,0,0,0,0,0,undefined
christmas-tree-pop-up-card,1095371785,13,0,4850,4850,0,0,4848,4846,4846,4845,4845,4845,4845,4845,0,4845,0,4844,4844,4844,0,0,4838,4838,4837,0,4835,0,4827,4827,4827,4827,4827,0,4824,0,4823,4816,4816,4816,4816,0,4815,0,4815,4815,4815,4814,4814,4814,4814,4814,4814,0,4814,0,0,0,0,0,0,0,4808,0,0,0,4801,4801,4801,0,0,0,0,0,0,0,0,4790,4790
classic-christmas-7-pack,27962047425,69,63,63,63,63,63,63,0,63,63,63,0,63,63,0,63,62,62,0,0,0,0,0,0,0,62,62,0,62,62,62,0,0,0,62,0,61,0,61,61,61,0,60,0,60,0,0,0,0,0,0,0,59,0,59,59,59,59,59,0,0,59,59,0,0,56,56,0,0,0,0,0,0,0,0,0,0,0,undefined
cornucopia-3d-pop-up-greeting-card,8031960193,13,0,181,181,181,181,181,180,180,0,179,0,179,179,0,0,0,179,0,179,179,179,0,179,0,179,179,179,179,0,179,179,179,179,179,0,179,0,179,0,179,179,179,0,0,0,179,0,179,0,179,179,179,0,179,0,0,0,0,173,173,0,0,173,173,0,0,0,0,0,0,0,0,0,0,0,0,0,172
couple-love-pop-up-card,1095371541,10,0,112,112,0,104,104,0,94,85,0,79,79,79,0,65,0,47,45,45,0,29,0,0,0,5,5,2,2,0,0,0,0,0,0,0,0,0,0,0,0,0,0,0,0,0,0,0,0,0,0,0,0,0,0,0,0,0,0,0,0,0,0,0,0,0,0,0,0,0,0,0,0,0,0,0,0,0,0
cupcake-birthday-pop-up-card,2668806209,10,154,154,154,143,143,143,121,121,0,0,0,79,79,75,75,0,31,0,0,1404,1404,0,0,0,0,1274,1266,1266,0,2092,0,2090,2080,2080,2359,2359,2354,2354,0,0,2332,2332,2327,2327,2324,2324,2313,2313,0,2295,0,0,2462,2462,0,2396,0,2370,0,2355,0,0,0,0,0,2263,2262,2262,2228,2228,2224,2224,0,0,0,0,NaN,NaN
cyclist-pop-up-biking-card,3308267521,10,111,111,111,0,107,107,104,104,0,0,0,97,97,96,96,83,83,81,81,0,0,70,70,0,0,51,49,49,0,0,0,32,31,31,29,29,27,27,0,26,0,0,0,0,21,21,21,21,18,18,0,0,0,2,0,0,0,0,0,0,0,0,0,0,0,0,0,0,0,0,0,0,0,0,0,0,0,0
daisy-pop-up-card,22637362945,13,1735,1735,1735,0,1453,1453,1207,1207,0,0,0,573,573,491,491,0,0,0,0,2147,2147,1824,1824,1563,0,1400,0,3087,0,3003,0,2978,0,2901,0,2854,0,2842,0,2818,2808,2808,0,2782,2773,2773,0,0,0,0,0,2644,0,2371,0,0,2316,2316,0,0,0,2245,0,0,0,2134,0,0,0,0,0,0,0,0,0,0,NaN,NaN
day-of-the-dead,7244238977,13,0,126,126,0,125,125,124,124,121,121,121,121,121,0,115,0,112,112,112,0,108,0,0,106,0,106,0,105,103,103,102,102,102,102,0,99,99,99,99,99,0,97,97,97,97,97,93,93,93,93,93,93,0,92,0,0,0,0,0,0,0,91,0,80,0,0,0,0,68,68,0,0,66,66,0,0,NaN,NaN
democratic-donkey-3d-pop-up-greeting-card,24305785153,10,324,324,324,324,324,324,324,324,0,323,0,323,323,0,299,0,299,0,299,298,298,0,298,0,298,298,298,298,0,298,298,298,298,298,0,296,0,296,0,296,296,296,0,296,0,296,0,0,0,0,296,296,0,296,0,0,0,296,0,0,0,0,296,296,296,296,0,0,0,295,0,0,0,0,0,292,0,undefined
diamond-ring-3d-pop-up-valentines-day-card,10433200065,10,0,576,576,0,573,573,0,0,562,561,0,557,557,0,553,547,547,0,0,0,535,0,0,0,0,524,0,519,0,516,515,515,0,512,526,526,0,525,0,524,0,523,0,523,0,0,0,519,518,518,0,0,0,0,479,479,0,0,0,0,474,474,0,0,453,453,0,452,0,0,0,0,0,0,0,0,0,440
dog-family-pop-up-puppy-card,34276599757,13,0,2037,2037,2009,2009,2009,0,0,0,1735,1722,1722,1722,1648,1648,1505,1505,0,1291,0,1197,1154,1154,0,0,1010,0,972,0,936,0,924,0,898,0,888,0,881,0,874,0,860,0,858,0,846,839,839,0,829,0,815,0,646,646,646,596,596,0,0,0,580,0,0,0,554,0,0,0,0,0,0,0,0,0,0,NaN,NaN
dollhouse-pop-up-card,30942690637,13,115,115,115,0,112,112,0,111,110,0,110,110,110,110,110,0,109,109,109,0,0,107,107,0,103,103,100,100,100,100,0,100,0,0,0,0,0,0,94,94,93,93,0,0,92,92,0,0,0,0,0,89,89,89,0,0,0,88,0,87,0,0,0,0,0,0,0,0,0,0,0,0,0,0,0,0,NaN,NaN
easter-bunny-bear-3d-pop-up-card,12311819009,13,58,58,58,58,58,58,58,58,0,0,0,57,57,57,57,0,57,57,57,0,57,57,57,0,0,64,64,64,0,63,0,0,63,63,63,63,63,63,0,63,0,0,63,63,63,63,63,63,0,0,63,63,0,63,63,63,0,63,63,63,0,0,63,63,0,63,0,0,0,0,0,0,0,0,0,0,0,undefined
easter-bunny-pop-up-card,6735926145,10,99,99,99,0,99,99,99,99,0,0,0,99,99,99,99,0,0,99,99,0,0,99,99,0,0,106,106,106,106,106,0,106,106,106,106,106,106,106,0,106,106,106,106,106,0,0,0,106,0,0,106,106,0,0,106,106,0,0,105,105,0,105,0,0,0,0,0,0,0,104,0,0,0,0,0,0,0,undefined
easter-egg-hunt-3d-pop-up-card,12311980097,13,0,170,170,0,0,170,169,169,169,169,169,169,169,0,169,0,169,169,169,0,0,169,169,0,0,169,0,169,169,169,169,169,0,169,0,197,197,197,197,197,0,197,0,197,196,196,195,195,195,195,195,195,0,0,0,0,0,0,0,195,0,0,0,0,0,0,0,0,0,0,0,194,0,0,0,194,194,194
easter-pack-3d-pop-up-card,16438911297,29,42,42,42,0,42,42,42,42,0,0,0,42,42,42,42,41,41,41,41,0,41,41,41,0,0,41,41,41,41,41,0,41,41,41,41,41,0,40,40,40,0,40,40,40,40,40,0,40,40,40,40,40,0,0,0,38,0,0,38,38,0,0,0,0,0,0,0,38,0,0,0,0,0,0,0,0,0,38
elephant-family-pop-up-card,30552858125,13,0,621,621,596,596,596,475,475,0,349,339,339,339,266,266,117,117,0,0,0,0,0,0,0,0,0,0,0,0,0,0,0,0,0,0,0,0,0,0,0,0,0,0,0,0,0,0,0,0,0,0,0,0,0,0,0,0,0,0,0,0,0,0,0,0,0,0,0,1034,1034,0,0,0,0,0,0,NaN,NaN
everyday-card-5-pack,28539244365,56,67,67,67,0,67,67,0,67,66,0,65,65,65,65,65,0,63,62,62,0,0,0,0,0,54,54,53,53,0,0,51,51,50,50,0,47,47,47,47,47,0,46,45,45,45,45,44,44,42,42,42,42,0,39,0,0,0,38,0,37,0,37,0,0,0,32,0,0,0,0,29,29,0,0,0,0,NaN,NaN
fairy-godmother-pop-up-card,2037804417,10,85,85,85,0,76,76,67,67,0,0,0,58,58,57,57,0,0,49,49,0,0,45,45,0,0,36,35,35,20,20,19,19,0,9,0,0,0,8,8,8,0,5,3,3,NaN,NaN,0,0,0,0,0,0,0,0,0,0,0,0,0,0,0,0,0,0,0,0,0,0,0,0,0,0,0,0,0,0,0,0
fall-bear,7244234113,13,0,565,565,0,565,565,565,565,565,565,565,565,565,0,565,0,565,565,565,0,565,0,0,0,0,564,0,564,564,564,564,564,0,564,0,0,564,564,564,564,0,564,0,0,564,564,564,564,0,0,564,564,0,564,0,564,0,564,0,0,0,0,0,564,0,564,564,564,564,564,0,564,0,0,0,564,NaN,NaN
family-photo-christmas-10-pack,28325509441,99,19,19,19,18,18,18,0,17,17,17,0,17,17,0,16,16,16,16,16,16,16,0,16,0,16,16,0,16,0,0,16,16,0,16,0,16,0,16,0,0,0,16,0,16,0,0,0,0,0,0,16,16,0,0,16,16,0,0,0,0,16,16,0,0,0,0,0,0,0,0,0,0,0,0,0,0,0,undefined
faneuil-hall-pop-up-card,1095371813,13,0,724,724,723,723,723,723,723,0,723,0,723,723,0,723,0,723,0,0,717,717,0,0,0,716,716,0,0,0,716,716,716,716,716,0,716,0,716,0,716,716,716,0,0,0,716,0,716,0,0,0,0,0,716,0,716,0,716,716,716,0,0,715,715,0,0,712,712,0,0,0,0,711,711,0,0,0,undefined
festive-palm-tree-christmas-card,21602196801,13,0,661,661,0,0,661,661,661,0,0,659,659,659,0,659,0,655,654,654,0,654,0,654,654,0,653,0,0,651,651,0,651,0,651,0,650,650,650,650,650,0,650,0,650,650,650,648,648,646,646,0,646,646,646,646,646,0,0,644,644,644,644,643,643,639,639,639,639,0,0,0,0,0,637,0,637,NaN,NaN
fishing-bear-3d-pop-up-card,18669119425,13,0,0,0,0,0,0,0,0,0,0,0,0,0,0,0,0,0,0,0,0,0,0,0,0,0,0,0,0,0,0,0,0,0,0,0,0,0,0,0,0,0,0,0,0,0,0,0,0,0,0,0,0,776,776,0,0,0,1047,0,0,0,0,1037,1037,1015,1015,0,1011,0,993,990,990,0,0,0,0,NaN,NaN
floral-bouquet-grey-pop-up-card,6661357889,13,1292,1292,1292,0,1259,1259,1222,1222,0,0,0,1125,1125,1109,1109,1004,1004,830,830,0,749,724,724,0,0,689,686,686,677,677,0,669,0,667,664,664,0,661,0,0,0,656,655,655,655,655,0,647,647,647,647,647,636,636,0,0,0,0,0,0,598,598,0,594,0,0,0,0,0,0,0,0,0,0,0,0,0,undefined
flower-bear-greeting-card,19570356801,13,0,4227,4227,4175,4175,4175,4071,4071,0,3920,3914,3914,3914,3831,3831,3657,3657,0,3533,0,3418,3386,3386,3322,0,3284,0,3244,0,3221,0,3214,0,3194,0,3186,0,3181,0,3167,3166,3166,0,0,3158,3158,3144,3144,0,3139,0,3126,0,0,3003,3003,2996,2996,0,0,0,2987,0,0,0,2959,0,0,0,2923,0,0,0,0,2899,2899,NaN,NaN
flower-garden-love-pop-up-card,1330200833,10,0,0,0,0,0,0,0,0,0,0,0,0,0,0,0,0,0,0,0,964,964,0,0,787,0,723,0,2395,0,2369,0,2365,0,2341,0,2317,0,2310,0,0,0,2278,0,2272,0,2257,0,0,0,2243,0,2210,0,0,0,0,3259,3259,0,0,0,3233,0,0,0,3193,0,3175,0,3125,0,0,0,0,0,0,NaN,NaN
forest-noel-3d-pop-up-christmas-card,10492706497,13,0,284,284,284,284,284,284,284,0,284,0,284,284,0,284,0,0,0,0,283,283,0,283,0,281,281,281,281,0,281,281,281,281,281,0,0,0,280,0,280,279,279,0,278,0,278,0,278,0,278,0,0,0,278,0,0,0,272,0,0,0,272,0,0,271,271,0,0,0,271,0,0,0,0,0,0,0,undefined
fun-card-5-pack,28540195597,62,10,10,10,0,10,10,0,10,8,0,8,8,8,8,8,0,6,6,6,6,6,3,3,0,3,3,3,3,3,3,0,3,3,3,2,2,0,0,0,0,0,0,0,0,0,0,0,0,0,0,0,0,0,0,0,0,0,0,0,0,0,0,0,0,0,0,0,0,0,0,0,0,0,0,0,0,0,0
gingerbread-house-christmas-card,21793329665,13,0,2868,2868,0,0,2866,2866,2866,2866,2866,2866,2866,2866,0,2865,0,2865,2864,2864,0,2864,0,0,2862,0,2862,0,2862,2862,2862,2861,2861,0,2861,0,2860,2860,2860,2860,2860,0,2859,0,2859,2859,2859,2858,2858,2858,2858,2858,2858,0,2858,0,0,0,0,0,2847,0,2847,0,0,0,0,0,0,0,0,0,2844,0,0,0,0,NaN,NaN
girls-night-out-3d-pop-up-valentines-day-card,11570926913,13,0,316,316,0,314,314,308,308,304,302,300,300,300,0,297,0,290,290,290,0,0,0,0,270,0,264,0,253,246,246,237,237,0,241,0,240,240,240,240,240,0,240,0,240,240,240,239,239,0,0,237,237,0,235,0,0,0,0,0,219,0,0,0,216,0,213,0,0,0,0,0,0,0,0,0,0,NaN,NaN
gma-every-day-collection-steals-and-deals,18090297089,49,0,38,38,0,38,38,0,38,37,0,37,37,37,0,37,0,0,0,37,0,37,0,0,37,37,37,36,36,0,0,36,36,0,36,36,36,0,0,36,36,0,36,36,36,36,36,0,36,36,36,0,0,0,0,0,36,36,36,36,36,0,0,0,0,0,0,0,0,0,0,0,0,0,0,0,0,0,undefined
golf-pop-up-card,18579925441,13,0,0,0,0,0,0,0,0,0,0,0,0,0,0,0,0,0,0,0,0,0,0,0,0,0,0,0,0,0,0,0,0,0,0,0,0,0,0,0,0,0,0,0,0,0,0,0,0,0,0,0,0,1102,1102,1097,1097,0,1087,1053,1053,0,0,0,0,992,992,0,984,0,956,954,954,0,0,3803,3803,NaN,NaN
graduation-hats-black-3d-pop-up-graduation-card,19454645185,10,0,0,0,0,0,0,0,0,0,0,0,0,0,0,0,0,0,0,0,0,0,0,0,0,0,0,0,0,0,0,0,0,0,0,0,0,0,0,0,0,0,0,0,0,0,0,0,0,0,0,0,0,545,545,0,0,0,0,798,798,0,794,776,776,0,0,0,0,0,686,679,679,0,0,0,0,0,undefined
graduation-hats-blue-3d-pop-up-graduation-card,18486110657,10,0,716,716,701,701,701,0,0,0,636,634,634,634,622,622,554,554,0,462,0,423,401,401,382,0,358,0,0,0,336,0,333,320,320,309,309,305,305,301,301,295,295,283,283,282,282,265,265,0,258,0,238,138,138,0,74,0,66,0,57,57,57,45,45,0,0,0,0,NaN,NaN,0,0,0,0,0,0,0,0
graduation-hats-gold-3d-pop-up-graduation-card,18585264961,10,377,377,377,372,372,372,365,365,0,354,0,351,351,346,346,0,311,0,278,265,265,0,245,0,237,237,232,232,0,221,219,219,217,217,209,209,0,207,0,206,204,204,0,201,0,198,194,194,0,190,0,0,0,180,0,176,0,167,0,0,0,0,0,0,0,0,143,143,0,0,0,0,131,131,0,0,0,undefined
graduation-hats-green-3d-pop-up-graduation-card,18585681857,10,974,974,974,0,959,959,0,948,940,0,938,938,938,933,933,0,859,791,791,775,775,758,758,0,743,743,740,740,736,736,0,731,729,729,723,723,0,0,722,722,719,719,715,715,714,714,712,712,0,704,0,702,0,0,0,0,0,553,0,553,553,553,0,545,0,0,542,542,540,540,0,0,535,535,0,0,529,529
graduation-hats-orange-3d-pop-up-graduation-card,18485980417,10,594,594,594,593,593,593,587,587,0,584,0,0,581,0,0,0,547,0,545,544,544,0,535,0,515,515,508,508,0,506,506,506,506,506,498,498,0,497,0,494,494,494,0,0,0,0,490,490,0,490,489,489,0,487,0,487,0,486,0,0,0,485,484,484,0,0,0,0,0,477,0,0,477,477,0,0,0,undefined
graduation-owl-pop-up-card,2037836033,10,0,861,861,852,852,852,844,844,0,835,834,834,834,826,826,803,803,0,712,0,695,688,688,676,0,664,0,653,0,648,0,641,0,635,0,630,0,0,0,619,0,616,0,616,0,0,611,611,0,606,0,586,508,508,0,450,0,443,0,434,0,0,429,429,0,411,411,411,395,395,0,0,0,0,0,0,NaN,NaN
hammock-girl-pop-up-card,6661268289,13,0,5,5,0,0,0,0,0,0,0,0,0,0,0,0,0,0,0,0,0,0,0,0,0,0,0,0,0,0,0,0,0,0,0,0,0,0,0,0,0,0,0,0,0,0,0,0,0,0,0,0,0,0,0,0,0,0,0,0,0,0,0,0,0,0,0,0,0,0,0,0,0,0,0,0,0,0,0
hammock-guy-pop-up-card,4863035137,13,0,0,0,0,0,0,0,0,0,0,0,0,0,0,0,0,0,0,0,0,0,0,0,0,0,0,0,0,0,0,0,0,0,0,12,12,8,8,0,8,8,8,7,7,6,6,3,3,0,0,0,0,0,0,0,0,0,0,0,0,0,0,0,0,0,0,0,0,0,0,0,0,0,0,0,0,0,0
hanukkah-menorah-pop-up-card,1095371693,13,234,234,234,233,233,233,0,232,228,228,0,228,228,0,228,228,228,0,0,226,226,0,226,0,223,223,0,221,0,217,217,217,0,217,0,217,0,217,217,217,0,215,0,215,0,215,0,215,215,215,215,215,0,0,0,0,212,212,0,0,208,208,0,0,0,0,0,0,203,203,0,0,0,0,0,0,0,undefined
haunted-house,7243970625,13,0,0,67,67,67,67,0,64,0,0,0,63,63,63,63,63,63,0,61,0,61,0,61,0,0,59,0,58,0,58,0,58,58,58,0,0,57,57,0,57,0,0,56,56,0,53,0,0,0,0,0,0,0,0,51,51,0,0,0,0,0,0,0,0,50,50,0,0,0,0,0,44,0,0,0,0,0,undefined
heart-bench-pop-up-card,1095371789,13,277,277,277,0,269,269,0,255,237,231,0,219,219,0,210,194,194,0,0,145,145,0,139,0,127,127,0,119,117,117,0,112,0,108,0,107,0,104,104,104,0,94,0,0,0,0,0,82,81,81,0,60,0,58,58,58,55,55,0,33,33,33,0,0,12,12,0,NaN,0,0,0,0,0,0,0,0,0,0
holiday-cactus-pop-up-card,21870768449,13,0,0,600,600,600,600,0,600,0,0,0,598,598,598,598,598,598,0,598,0,598,0,598,0,0,597,0,597,0,597,0,597,597,597,0,0,597,597,0,597,597,597,595,595,0,594,0,0,0,0,0,594,594,594,594,594,0,0,0,0,0,0,594,594,594,594,0,0,0,0,0,0,0,592,0,0,NaN,NaN
holiday-caddy,7244234753,13,0,0,1011,1011,1011,1011,0,1011,0,0,0,1011,1011,0,0,1011,1011,0,1011,0,1011,0,1011,0,0,1011,0,1011,0,0,0,1011,0,0,1011,1011,0,0,0,1011,1011,1011,1011,1011,0,1010,0,0,0,0,0,0,1009,1009,1009,1009,0,0,1009,1009,0,0,0,0,1008,1008,0,0,0,0,0,0,0,1008,0,0,1008,1008
holiday-forest-12-pack-holiday-christmas-pop-up-cards,10694150273,99,0,21,21,0,21,21,0,21,21,0,21,21,21,0,21,0,21,0,21,0,21,0,0,21,21,21,21,21,21,21,21,21,0,0,21,21,20,20,20,20,0,0,20,20,20,20,0,20,20,20,20,20,19,19,0,19,0,0,0,0,19,19,0,18,0,0,0,18,0,0,0,0,0,0,0,0,0,undefined
holiday-moose-pop-up-card,21870730241,13,0,405,405,405,405,405,0,404,0,0,0,403,403,402,402,400,400,0,400,0,400,0,399,0,0,398,0,398,0,398,0,398,0,0,398,398,398,398,0,398,397,397,396,396,0,396,0,395,395,395,0,0,395,395,395,395,395,395,395,395,0,0,0,0,391,391,390,390,0,0,0,0,0,382,0,0,382,382
holiday-train-xmas-card,21869598145,13,0,3403,3403,0,0,3403,3403,3403,3402,3402,3402,3402,3402,0,3394,0,3393,3393,3393,0,0,0,0,3379,0,3378,0,0,3378,3378,0,0,0,0,0,3376,3376,3376,3376,3376,0,3375,0,3375,3375,3375,3375,3375,3374,3374,3374,3374,0,0,0,0,0,3367,0,3355,0,3355,0,3347,0,3346,3346,3346,0,0,0,0,0,0,0,3337,NaN,NaN
hot-dog-stand-3d-pop-up-card,28920822989,13,381,381,381,0,379,379,0,375,374,0,374,374,374,373,373,0,368,367,367,364,364,363,363,0,355,355,350,350,348,348,0,348,348,348,346,346,345,345,345,345,344,344,342,342,342,342,0,0,341,341,341,341,0,315,0,0,0,0,0,305,0,0,0,296,0,0,0,0,0,0,0,0,288,288,0,0,NaN,NaN
house-for-sale-3d-pop-up-housewarming-card,18485046849,15,255,255,255,0,241,241,237,237,0,0,0,230,230,0,201,189,189,0,143,0,0,140,140,0,135,135,135,135,134,134,128,128,0,125,0,0,0,124,124,124,0,124,124,124,124,124,0,122,122,122,121,121,103,103,0,103,0,0,101,101,101,101,0,0,0,0,0,0,0,0,90,90,0,0,0,0,0,undefined
housewarming-gray-3d-pop-up-housewarming-card,18577400129,13,522,522,522,0,518,518,0,0,510,510,0,510,510,0,510,510,510,503,503,0,0,0,496,0,493,493,0,493,492,492,0,491,0,488,0,485,0,485,484,484,0,481,0,481,0,481,0,0,0,0,0,0,0,0,0,0,0,0,0,395,395,395,0,0,387,387,0,0,0,0,0,0,0,0,0,362,0,undefined
jack-o-lantern-pop-up-card,7244239169,10,0,0,1070,1070,1070,1070,0,1069,0,0,0,1068,1068,1068,1068,1067,1067,0,1067,0,1066,0,1066,0,0,1065,0,1065,0,0,0,1064,1064,1064,1064,1064,0,0,0,1063,1063,1063,1062,1062,0,0,0,0,0,0,0,0,0,0,1062,1062,0,0,0,0,0,0,0,0,0,0,0,0,0,1052,0,0,0,0,0,0,0,undefined
jamaican-flag-3d-pop-up-greeting-card,10438102017,10,234,234,234,234,234,234,0,234,0,0,0,0,233,233,233,0,0,0,232,0,0,0,231,0,231,231,231,231,0,231,231,231,231,231,231,231,0,231,0,231,231,231,0,231,0,231,230,230,0,230,228,228,0,228,0,0,0,0,0,0,0,0,228,228,0,0,228,228,0,0,0,227,0,0,0,227,0,undefined
jesus-3d-pop-up-easter-card,12311706177,13,642,642,642,0,640,640,0,638,638,0,637,637,637,635,635,0,0,610,610,610,610,610,610,0,607,607,607,607,607,607,607,607,607,607,0,607,607,607,607,607,607,607,607,607,607,607,0,0,607,607,607,607,0,605,0,0,0,0,0,604,0,604,0,604,0,602,602,602,602,602,0,0,599,599,0,0,NaN,NaN
just-because-card-twelve-pack,28350013057,109,0,26,26,0,25,25,0,25,23,0,22,22,22,0,22,0,22,0,0,0,16,0,0,15,13,13,12,12,12,12,10,10,0,10,10,10,0,7,7,7,0,7,6,6,6,6,0,6,5,5,4,4,3,3,0,2,0,0,2,2,NaN,NaN,0,0,0,0,0,0,0,0,0,0,0,0,0,0,0,0
kevin-o-leary-shark-tank-pop-up-card,10715810433,10,0,311,311,0,309,309,308,308,306,306,306,306,306,0,304,0,301,300,300,0,299,0,0,298,0,297,0,297,297,297,297,297,0,297,0,296,296,296,296,296,0,292,0,0,292,292,292,292,292,292,0,0,0,0,0,284,0,0,0,284,0,284,0,0,0,283,0,0,0,0,0,283,0,0,0,0,282,282
las-vegas-dice-pop-up-card,5461586497,10,0,0,395,394,394,394,0,394,0,0,0,0,394,394,394,394,394,0,394,394,394,0,0,0,0,393,0,393,0,393,393,393,393,393,0,0,393,393,0,393,393,393,393,393,0,392,0,392,0,392,392,392,0,390,0,390,0,390,0,0,0,390,0,0,0,0,0,390,0,0,0,390,0,0,0,0,0,undefined
las-vegas-showgirl-pop-up-card,5461586561,10,0,0,696,696,696,696,0,695,0,0,0,0,693,693,693,693,693,0,693,0,693,0,0,0,0,691,0,691,0,691,0,691,691,691,0,0,689,689,0,689,689,689,688,688,0,688,0,688,0,688,0,0,0,0,688,688,0,0,0,0,0,688,0,0,0,0,0,0,0,0,0,0,0,0,0,0,0,undefined
las-vegas-sign-pop-up-card,5461586689,13,565,565,565,0,562,562,0,0,558,557,0,556,556,0,549,545,545,543,543,0,0,0,0,0,0,527,0,527,0,522,521,521,0,520,0,519,0,518,0,0,0,518,0,517,0,0,0,513,513,513,0,512,0,0,499,499,498,498,0,497,0,0,0,494,0,0,0,492,491,491,491,491,0,0,0,489,0,undefined
laughing-buddha-pop-up-card,30860300557,13,347,347,347,0,345,345,0,343,343,0,343,343,343,343,343,0,336,318,318,317,317,315,315,0,310,310,307,307,299,299,0,299,299,299,296,296,296,296,296,296,296,296,294,294,294,294,294,294,0,0,0,292,0,0,0,249,0,248,0,248,0,0,0,240,0,0,236,236,0,0,0,0,0,0,0,0,NaN,NaN
leprechaun-3d-pop-up-st-patricks-day-greeting-card,11941878145,10,938,938,938,0,937,937,0,936,935,0,935,935,935,935,935,0,935,0,0,934,934,934,934,0,933,933,931,931,931,931,0,931,930,930,930,930,930,930,930,930,930,930,930,930,930,930,0,0,0,930,0,930,930,930,0,0,0,930,0,930,0,0,0,0,0,0,0,0,0,0,0,0,925,925,0,0,925,925
life-events-pop-up-card-ten-pack,10618514689,89,0,46,46,0,44,44,0,43,43,0,43,43,43,0,42,0,40,40,40,0,37,0,0,0,35,35,0,0,0,0,0,0,0,0,0,0,0,0,0,0,0,0,0,0,0,0,0,0,0,0,0,0,0,0,0,0,0,0,0,0,0,0,0,0,0,0,0,0,0,0,0,0,0,0,0,0,0,0
log-cabin-3d-pop-up-card,32653903053,13,0,0,0,0,0,0,0,0,0,0,0,0,0,0,0,0,0,0,0,0,0,0,0,0,0,520,506,506,0,457,0,454,0,459,0,445,0,445,0,0,0,0,0,429,0,426,425,425,0,422,0,416,0,269,0,0,218,218,0,0,0,207,192,192,163,163,0,161,0,0,0,0,0,143,0,0,NaN,NaN
love-bear-valentines-day-3d-pop-up-card,10684538177,13,0,1599,1599,1553,1553,1553,0,0,0,1245,1229,1229,1229,1146,1146,955,955,0,683,0,585,0,0,0,0,400,0,0,0,320,0,310,0,298,0,285,0,278,0,274,0,262,0,257,0,251,243,243,0,238,0,219,212,212,0,201,0,182,0,175,0,0,0,0,0,148,148,148,0,0,98,98,0,0,0,0,NaN,NaN
love-cupcake-pop-up-card,30411995853,13,129,129,129,0,114,114,0,96,80,0,74,74,74,55,55,0,1,0,0,0,0,0,0,0,0,0,0,0,0,0,0,0,0,0,0,0,0,0,0,0,0,0,0,0,0,0,0,0,0,0,0,0,0,0,0,0,0,0,0,0,0,0,0,0,0,0,0,0,0,0,0,0,0,0,0,0,0,0
lovebirds-3d-pop-up-love-card,10684586177,13,72,72,72,0,58,58,0,52,42,0,0,32,32,0,22,0,0,0,7,0,0,0,0,0,0,0,0,0,0,0,0,0,0,0,0,0,0,0,0,0,0,0,0,0,0,0,0,0,0,0,0,0,0,0,0,0,0,0,0,0,0,0,0,0,0,0,0,0,0,0,0,0,0,0,0,0,0,0
lovepop-birthday-cake-pop-up-card,1095371793,10,0,0,0,0,0,0,0,0,0,0,0,0,0,0,0,0,0,0,0,1515,1515,0,0,0,0,1342,0,1847,0,1806,0,1795,0,1764,0,1743,0,1739,0,1727,0,1703,0,0,0,1683,0,0,0,1653,0,1591,0,0,2459,2459,2418,2418,0,2389,0,2385,2340,2340,0,0,0,0,0,2196,0,0,0,0,0,0,0,undefined
lovers-dogwood-tree-pink-pop-up-card,1095371505,10,453,453,453,0,410,410,0,369,335,0,322,322,322,285,285,0,177,0,39,0,0,0,0,0,0,0,0,0,0,0,0,0,0,0,0,0,0,0,0,0,0,0,0,0,0,0,0,0,0,0,0,0,0,0,0,0,0,0,0,0,0,0,0,0,0,0,0,0,0,0,0,0,0,0,0,0,0,0
lovers-dogwood-tree-yellow-pop-up-card,6661436097,10,1255,1255,1255,0,1240,1240,0,1218,1197,0,1193,1193,1193,1177,1177,0,1139,1088,1088,1047,1047,1022,1022,0,953,953,940,940,921,921,0,911,0,0,890,890,881,881,880,880,876,876,867,867,866,866,0,0,0,847,0,829,737,737,0,697,0,0,0,680,678,678,0,0,0,640,0,0,0,0,620,620,597,597,0,0,NaN,NaN
lovers-in-a-dogwood-tree-male-3d-pop-up-gay-valentines-day-card,11643340737,10,0,1148,1148,1144,1144,1144,0,1138,0,1135,1135,1135,1135,1132,1132,1124,1124,0,1122,1117,1117,0,0,0,1108,1108,1107,1107,0,1106,0,1104,1104,1104,1102,1102,1101,1101,1101,1101,1100,1100,0,0,1099,1099,1097,1097,0,0,0,1094,0,0,0,1042,0,1040,0,1038,0,0,0,1033,0,0,1031,1031,0,0,1029,1029,0,1025,0,0,1025,1025
lucky-cat-pop-up-card,32652152141,13,0,986,986,980,980,980,964,964,0,955,955,955,955,948,948,938,938,0,924,0,919,0,0,897,0,889,0,884,0,879,0,878,0,877,0,0,0,873,0,872,0,870,0,865,0,865,865,865,0,863,0,0,830,830,0,767,0,765,0,765,765,765,0,0,0,0,738,738,0,0,0,0,0,711,711,711,NaN,NaN
lucky-clover-3d-pop-up-st-patricks-day-greeting-card,11970182273,10,0,1396,1396,0,1395,1395,0,1393,1392,0,1392,1392,1392,0,1390,0,0,1387,1387,0,1380,0,1380,0,1376,1376,1376,1376,1375,1375,1374,1374,0,0,1367,1367,0,0,1366,1366,0,1363,1363,1363,1362,1362,0,1361,0,0,0,0,0,0,0,1356,0,0,1353,1353,1353,1353,0,0,0,1351,0,0,0,0,0,0,0,0,0,0,0,1340
magnolia-tree-3d-pop-up-love-card,10683955905,13,0,0,0,0,0,0,0,0,0,0,0,0,0,0,0,0,0,0,0,0,0,0,0,0,0,0,0,1025,0,982,0,0,0,0,0,880,0,869,0,848,839,839,0,828,822,822,808,808,0,788,0,767,0,422,421,421,413,413,0,0,0,397,0,0,0,369,0,0,0,0,0,318,0,0,301,301,NaN,NaN
manger-nativity-pop-up-christmas-card,21802648321,13,0,3780,3780,3780,3780,3780,3780,3780,0,3780,0,3780,3780,0,3780,0,3780,0,3780,3780,3780,0,3780,0,3780,3780,3780,3780,0,3780,3780,3780,3780,3780,0,3780,0,3780,0,0,3780,3780,0,3780,0,3780,0,0,0,0,0,0,0,3780,0,0,0,3774,3774,3774,0,3773,0,0,3772,3772,0,0,0,0,0,3769,0,0,0,0,0,undefined
mayflower-ship-3d-pop-up-card,22637467137,13,0,217,217,0,216,216,0,216,215,0,214,214,214,212,212,0,207,195,195,0,0,194,194,0,181,181,180,180,176,176,176,176,176,176,0,172,172,172,170,170,0,168,168,168,168,168,167,167,0,164,0,163,0,157,157,157,154,154,0,0,0,138,0,0,0,0,0,120,0,0,0,117,0,0,112,112,NaN,NaN
mermaid-3d-pop-up-birthday-card,11122396353,10,0,0,0,0,0,0,0,0,0,0,0,0,0,0,0,0,0,0,0,115,115,96,96,89,0,79,76,76,0,56,0,55,0,0,34,34,30,30,0,23,20,20,17,17,14,14,9,9,4,4,0,0,0,0,0,0,0,0,0,0,0,0,0,0,0,0,0,0,0,0,0,0,0,0,0,0,0,0
money-tree-birthday-card,10506322049,13,0,0,0,0,0,0,0,0,0,0,0,0,0,0,0,0,0,0,0,0,0,0,0,0,0,0,0,0,46,46,0,34,41,41,321,321,0,317,316,316,0,308,307,307,307,307,0,296,291,291,290,290,265,265,0,0,0,0,218,218,215,215,0,0,0,182,0,0,0,0,0,0,0,0,0,0,0,121
mothers-day-floral-card-pack,34944477581,49,144,144,144,0,23,23,0,0,0,0,0,0,0,0,0,0,0,0,0,149,149,95,95,23,0,0,0,0,0,0,0,0,0,0,0,0,0,0,0,0,0,0,0,0,0,0,0,0,0,0,0,0,0,0,0,0,0,0,0,0,0,0,0,0,0,0,0,0,0,0,0,0,0,0,0,0,0,0
nativity-christmas-card,7244234945,13,0,1371,1371,0,0,1370,1370,1370,1370,1370,1370,1370,1370,0,1369,0,1369,1369,1369,0,0,1368,1368,1367,0,1367,0,1365,1365,1365,1365,1365,0,1365,0,1364,0,0,1364,1364,0,1364,0,1364,1364,1364,1363,1363,1362,1362,1362,1362,0,0,0,0,0,0,0,1356,0,0,0,0,0,1348,0,0,1339,1339,0,1338,0,0,0,1330,NaN,NaN
nautical-card-5-pack,26630732545,49,46,46,46,0,46,46,0,45,43,0,43,43,43,41,41,0,39,0,0,36,36,0,0,0,35,35,34,34,34,34,0,34,34,34,33,33,31,31,31,31,0,0,29,29,29,29,0,0,0,0,0,28,0,0,0,28,0,28,0,28,28,28,0,0,0,0,23,23,0,0,0,0,0,0,0,0,NaN,NaN
new-baby-card-5-pack,16757002625,39,16,16,16,0,15,15,14,14,0,0,0,12,12,12,12,0,0,11,11,0,11,9,9,5,0,3,0,0,0,0,0,0,0,0,0,0,0,0,0,0,0,0,0,0,0,0,0,0,0,0,0,0,0,0,0,0,0,0,0,0,0,0,0,0,0,0,0,0,0,0,0,0,0,0,0,0,0,0
new-year-tuxedo-bear-3d-pop-up-new-year-card,10508539969,13,0,1288,1288,0,1288,1288,0,1288,1288,0,1288,1288,1288,1288,1288,0,1288,1288,1288,1288,1288,0,0,0,0,1287,1287,1287,1287,1287,1287,1287,1287,1287,0,1287,0,0,1287,1287,0,1287,1287,1287,1287,1287,1287,1287,1287,1287,1287,1287,0,1287,0,0,0,1287,0,0,0,0,0,1287,0,0,1287,1287,1287,1287,1287,1287,0,0,0,0,NaN,NaN
new-york-ball-drop-3d-pop-up-new-year-card,10507486017,10,0,2901,2901,0,2901,2901,2901,2901,2901,2901,2901,2901,2901,0,2901,0,2901,2901,2901,2901,2901,0,0,2901,0,2899,0,2898,2898,2898,2898,2898,2898,2898,0,0,2898,2898,2898,2898,0,2898,2898,2898,2898,2898,2898,2898,2898,2898,0,0,0,0,2898,2898,0,0,0,0,0,2898,0,2897,0,2897,0,0,2897,2897,0,0,2896,2896,0,0,NaN,NaN
new-york-city-3d-pop-up-shark-tank-card,10713992449,13,0,366,366,0,364,364,0,363,362,0,362,362,362,0,360,0,359,335,335,0,332,0,0,0,326,326,325,325,323,323,322,322,0,321,320,320,320,320,320,320,0,314,314,314,312,312,0,309,309,309,309,309,0,0,0,266,0,0,266,266,0,0,0,0,0,0,0,0,0,0,259,259,0,0,0,0,0,257
ninja-card,22637217025,13,0,177,177,174,174,174,164,164,0,156,155,155,155,154,154,149,149,0,143,0,0,136,136,0,0,115,0,0,0,107,0,106,103,103,98,98,97,97,95,95,92,92,91,91,91,91,87,87,0,0,0,81,75,75,0,0,0,69,0,0,0,0,0,56,0,52,51,51,43,43,0,0,0,0,0,0,NaN,NaN
oculus-new-york-pop-up-card,30551811533,15,288,288,288,287,287,287,0,286,286,286,0,286,286,0,286,285,285,279,279,278,278,0,278,0,277,277,0,276,276,276,276,276,0,276,0,275,0,275,275,275,0,274,0,274,0,274,0,0,274,274,0,0,248,248,0,0,248,248,248,248,247,247,0,241,241,241,0,241,0,0,0,0,240,240,0,0,0,undefined
original-lovepop-pop-up-card,1095371809,10,5,5,5,0,0,0,0,0,0,0,0,0,0,0,0,0,0,0,0,0,0,0,0,0,0,0,0,0,0,0,0,0,0,0,0,0,0,0,0,0,0,0,0,0,0,0,0,0,0,0,0,0,0,0,0,0,0,0,0,0,0,0,0,0,0,0,0,0,0,0,0,0,0,0,0,0,0,0
ornament-pop-up-card,1095371577,10,0,0,1331,1331,1331,1331,0,1330,0,0,0,1326,1326,1326,1326,1325,1325,0,1325,0,1325,0,1325,0,0,1314,0,1314,0,1314,0,1314,1314,1314,1314,1314,1314,1314,0,1314,1313,1313,1313,1313,0,1313,0,1313,0,0,0,1313,1313,1313,0,0,1313,1313,0,0,0,0,0,0,0,0,0,0,0,0,0,0,0,1312,0,0,NaN,NaN
ornate-floral-bouquet-blue-pop-up-card,1095371765,13,0,564,564,512,512,512,321,321,0,92,74,74,74,0,0,0,0,0,0,1661,1661,1557,1557,0,0,1386,0,1240,0,1197,0,1183,0,1149,0,1131,0,1126,0,1118,1116,1116,0,1107,1105,1105,1092,1092,0,1088,0,1070,0,2147,0,0,0,0,0,0,0,2129,2125,2125,0,2113,0,0,0,0,0,0,0,0,0,0,NaN,NaN
ornate-floral-bouquet-purple-pop-up-card,6661347905,13,1290,1290,1290,0,1192,1192,1093,1093,0,0,0,778,778,705,705,400,400,0,0,0,0,0,0,0,0,0,0,487,0,0,0,451,446,446,422,422,413,413,0,407,402,402,395,395,393,393,386,386,376,376,374,374,0,0,263,263,0,0,243,243,0,0,0,232,0,0,0,0,0,0,0,0,0,0,178,178,0,undefined
otter-mom-pop-up-animal-card,17376096193,10,646,646,646,0,590,590,548,548,0,0,0,412,412,0,0,305,305,191,191,0,119,0,0,55,0,23,0,0,0,0,0,0,0,0,0,0,0,0,0,0,0,0,0,0,0,0,0,0,0,0,0,0,0,0,0,0,0,0,0,0,0,0,0,0,0,0,0,0,0,0,0,0,0,0,0,0,0,0
paris-love-scene-pop-up-card,30412574861,15,0,1024,1024,1009,1009,1009,984,984,0,938,932,932,932,912,912,853,853,0,0,0,652,639,639,599,0,581,0,544,0,534,0,531,0,526,0,0,0,0,0,508,0,504,0,0,0,496,492,492,0,482,0,475,401,401,0,357,0,354,0,348,348,348,333,333,0,0,301,301,0,0,0,0,0,0,0,0,NaN,NaN
pastel-party-hat-3d-pop-up-birthday-card,10631215169,10,0,0,682,682,682,682,0,681,0,0,0,681,681,681,681,681,681,0,681,0,681,0,0,0,0,680,0,678,0,678,0,0,678,678,678,678,678,678,0,678,0,0,0,0,0,678,0,0,0,0,0,0,0,0,676,676,0,0,675,675,0,0,0,0,0,0,0,674,0,0,0,674,0,0,0,0,0,undefined
peace-sign-3d-pop-up-card,10364942145,10,0,190,190,0,189,189,188,188,184,184,183,183,183,182,182,0,181,181,181,180,180,180,180,177,0,176,0,175,175,175,0,0,175,175,0,212,212,212,211,211,0,211,209,209,209,209,208,208,208,208,207,207,0,206,0,0,0,0,0,206,0,0,0,206,0,206,206,206,205,205,0,0,0,0,0,203,NaN,NaN
penguin-dad-kirgami-card,18482160321,10,0,47,47,32,32,32,0,0,0,0,0,0,0,0,0,0,0,0,0,0,0,0,0,0,0,0,0,0,0,0,0,0,0,0,0,0,0,0,0,0,0,0,0,0,0,0,0,0,0,0,0,0,0,0,0,0,0,0,0,0,0,0,0,0,0,0,0,0,172,172,165,165,0,0,156,156,NaN,NaN
pi-day-pie-3d-pop-up-card,16542272129,13,0,0,61,61,61,61,0,60,0,0,0,59,59,59,59,0,0,0,58,0,58,0,0,0,0,57,0,57,0,56,0,56,56,56,56,56,56,56,0,55,55,55,0,0,0,53,0,52,0,52,0,52,0,0,52,52,52,52,0,0,0,0,47,47,46,46,0,0,0,44,0,0,0,0,44,44,0,undefined
pirate-ship-3d-pop-up-birthday-card,4862966977,13,0,0,0,0,0,0,0,0,0,0,0,0,0,0,0,0,0,0,0,525,525,516,516,0,477,477,474,474,1012,1012,0,1000,992,992,989,989,981,981,979,979,977,977,975,975,974,974,972,972,0,0,0,0,0,813,0,0,805,805,0,785,0,785,777,777,760,760,0,0,0,716,0,0,0,0,0,0,NaN,NaN
pop-up-basketball-birthday-card,10685411329,13,0,194,194,0,191,191,0,190,189,0,188,188,188,0,188,0,0,0,0,0,175,0,0,0,169,169,166,166,165,165,165,165,0,0,194,194,194,194,194,194,0,193,193,193,192,192,0,188,185,185,184,184,0,0,0,173,173,173,172,172,170,170,0,0,0,0,0,0,0,0,0,0,0,152,0,0,0,undefined
pop-up-bear-graduation-card,34276503437,13,0,96,96,87,87,87,56,56,0,18,15,15,15,0,0,0,0,0,0,0,0,0,0,0,0,0,0,0,0,0,0,0,0,0,0,0,0,0,0,0,0,0,0,0,0,0,0,0,0,0,0,0,0,0,0,0,0,0,0,0,0,0,0,0,0,0,0,0,1007,1007,0,0,0,980,0,0,NaN,NaN
pop-up-boxing-card,23488222081,13,419,419,419,0,418,418,0,416,415,0,415,415,415,414,414,0,410,410,410,0,0,410,410,0,409,409,409,409,408,408,0,408,0,0,405,405,404,404,404,404,403,403,403,403,403,403,0,0,403,403,403,403,0,390,0,0,0,389,0,389,0,389,0,0,0,382,0,0,0,0,0,0,0,0,0,0,NaN,NaN
pop-up-diwali-card,8130209921,13,0,2149,2149,2148,2148,2148,2147,2147,0,0,2145,2145,2145,0,0,2141,2141,2141,2141,0,2139,0,2137,0,0,0,2132,2132,2132,2132,0,2131,2131,2131,2145,2145,2145,2145,0,2145,2145,2145,2144,2144,0,2144,0,2144,2143,2143,0,2143,2143,2143,2143,2143,2142,2142,2142,2142,0,0,2142,2142,2142,2142,2141,2141,0,0,0,0,0,2138,0,0,2136,2136
pug-cake-smash-3d-pop-up-birthday-card,10672158017,10,183,183,183,0,167,167,153,153,0,0,0,127,127,125,125,105,105,0,92,0,57,0,0,21,0,12,0,5,0,0,0,0,0,0,0,0,0,0,0,0,0,0,0,0,0,0,0,0,0,0,0,0,0,0,0,0,0,0,0,0,0,0,0,0,0,0,0,0,0,0,0,0,0,0,0,0,0,0
puppy-bath-time-3d-card,17577391681,10,0,82,82,0,74,74,0,66,61,0,59,59,59,0,51,0,0,0,0,0,27,0,0,0,11,11,9,9,0,6,5,5,0,0,0,0,0,0,0,0,0,0,0,0,0,0,0,0,0,0,0,0,0,0,0,0,0,0,0,0,0,0,0,0,0,0,0,0,0,0,0,0,0,0,0,0,0,0
racing-runner-pop-up-card,17544925953,10,924,924,924,0,919,919,0,0,912,912,0,910,910,0,902,899,899,890,890,888,888,0,884,0,0,877,0,870,869,869,0,861,0,858,0,857,0,856,0,0,0,854,0,853,0,0,0,0,849,849,0,847,0,831,0,0,828,828,0,0,825,825,0,813,0,0,0,811,810,810,0,0,0,0,0,803,0,802
rainbow-bridge-card,30412383437,13,195,195,195,0,187,187,184,184,171,0,0,169,169,0,166,0,0,0,153,0,138,131,131,0,111,111,105,105,103,103,102,102,0,93,92,92,0,87,87,87,0,78,75,75,73,73,0,69,65,65,0,0,0,0,0,43,41,41,0,0,32,32,0,0,0,0,0,12,0,10,NaN,NaN,0,0,0,0,0,0
reindeer-with-presents-3d-pop-up-christmas-card,10492399361,13,0,917,917,917,917,917,917,917,0,917,0,917,917,0,917,0,917,0,917,916,916,0,0,0,914,914,914,914,0,914,914,914,914,914,0,914,0,914,0,914,913,913,0,0,0,913,0,913,0,913,913,913,0,0,0,907,0,0,0,0,0,0,906,906,906,906,906,906,0,0,0,0,897,897,0,897,0,undefined
release-the-kraken-pop-up-birthday-card,10728548993,13,3,3,3,0,0,0,0,0,0,0,0,0,0,0,0,0,0,0,0,0,0,0,0,0,0,0,0,0,0,0,0,0,0,0,0,0,0,0,0,0,0,0,0,0,0,0,0,0,0,0,0,0,0,0,0,0,0,0,0,0,0,0,0,0,0,0,0,0,154,154,0,0,0,142,0,0,NaN,NaN
republican-elephant-3d-pop-up-greeting-card,24305920513,10,362,362,362,362,362,362,362,362,0,362,0,362,362,0,362,0,361,0,361,361,361,0,361,0,361,361,361,361,0,361,361,361,361,361,0,361,0,0,0,361,361,361,0,361,0,361,0,0,0,361,361,361,0,361,0,361,0,0,361,361,0,0,361,361,0,0,0,0,0,361,0,0,0,0,0,0,0,undefined
rocket-ship-3d-pop-up-fathers-day-card,18482776321,13,0,186,186,183,183,183,176,176,0,159,157,157,157,151,151,119,119,0,116,0,112,0,0,97,0,91,0,78,0,68,0,67,0,65,0,63,0,0,0,57,0,51,0,0,0,47,0,0,0,37,0,16,0,11,11,11,0,0,0,0,0,NaN,0,0,0,0,0,0,0,0,0,0,0,0,0,0,0,0
rose-bouquet-3d-pop-up-valentines-day-card,10684449089,13,219,219,219,0,0,0,0,0,0,0,0,0,0,0,0,0,0,0,0,1594,1594,1404,1404,1224,0,1110,0,1695,0,1635,0,1609,0,1562,0,1525,0,1519,0,1494,0,0,0,1468,1465,1465,1444,1444,0,1434,0,0,0,1252,1249,1249,1204,1204,0,0,0,1181,0,0,0,1127,0,0,0,0,0,0,0,0,0,0,NaN,NaN
saguaro-cactus-3d-pop-up-card,22534066177,13,19,19,19,16,16,16,10,10,0,0,0,1,1,0,0,0,0,0,0,0,0,0,0,0,0,0,0,0,0,0,0,0,0,0,0,0,0,0,0,0,0,0,0,0,0,0,0,0,0,0,0,0,0,0,0,0,0,0,0,0,0,0,0,0,0,0,0,0,0,0,0,0,0,0,0,0,0,0
sailboat-3d-pop-up-card,18668618497,13,75,75,75,0,69,69,0,0,59,56,0,54,54,0,54,46,46,40,40,0,0,0,NaN,0,0,0,0,0,0,0,0,0,0,0,0,0,0,0,0,0,0,0,0,0,0,0,0,0,0,0,0,0,0,0,0,0,0,0,0,0,0,0,0,0,0,0,0,0,0,0,0,0,0,0,0,0,0,0
santa-hammock-christmas-card,7244238401,13,0,417,417,0,0,417,416,416,0,0,416,416,416,0,415,0,414,414,414,0,414,0,414,0,0,413,0,411,411,411,411,411,0,411,0,410,410,410,410,410,0,410,0,410,410,410,410,410,0,0,0,0,0,0,409,409,0,0,0,0,0,0,403,403,0,397,397,397,0,0,0,0,0,0,0,0,395,395
santa-motorcycle-christmas-card,21799441409,13,35,35,35,35,35,35,0,31,31,30,0,30,30,30,30,29,29,0,28,26,26,0,0,0,25,25,0,24,24,24,24,24,0,24,0,24,0,0,24,24,0,24,0,23,0,23,0,23,23,23,23,23,0,0,23,23,0,0,0,0,23,23,0,23,23,23,0,0,0,0,22,22,0,0,0,0,0,21
santa-on-the-move-3-pack,26634449025,33,38,38,38,38,38,38,0,38,38,38,0,38,38,0,38,38,38,38,38,38,38,0,0,0,38,38,0,38,0,0,0,0,0,0,0,38,0,38,38,38,0,38,0,38,0,0,0,38,37,37,37,37,36,36,36,36,36,36,0,0,36,36,0,0,0,0,0,35,0,0,34,34,0,0,0,0,0,34
santa-sleigh-christmas-card,7244234689,13,0,3111,3111,0,0,3105,3104,3104,3103,3099,3099,3099,3099,0,3098,0,3098,3098,3098,0,0,3077,3077,3084,0,3074,0,3065,0,0,3064,3064,0,3064,0,3063,3063,3063,3063,3063,0,3062,0,3062,3062,3062,3060,3060,3060,3060,3060,3060,0,0,0,3054,0,0,0,0,0,0,0,0,0,0,0,0,3047,3047,0,0,0,0,0,0,NaN,NaN
scaredy-cat-3d-pop-up-greeting-card,11122699905,10,0,272,272,0,271,271,0,269,262,0,261,261,261,0,257,0,254,0,254,0,252,0,0,0,245,245,240,240,240,240,238,238,0,238,238,238,236,236,236,236,0,233,232,232,231,231,0,228,228,228,228,228,227,227,0,227,0,0,221,221,0,0,0,0,0,0,0,0,0,212,0,0,0,0,0,0,0,205
shark-pop-up-card,10929755585,13,0,0,0,0,0,0,0,0,0,0,0,0,0,0,0,0,0,0,0,0,0,0,0,0,0,0,0,0,0,0,0,0,0,0,0,0,0,0,0,0,0,0,0,0,0,0,0,0,0,0,0,0,0,0,0,0,0,0,0,0,0,0,0,0,0,0,0,0,141,141,131,131,0,0,0,0,0,undefined
shark-tank-roberts-sports-car-3d-pop-up-birthday-card,10724571521,13,40,40,40,0,32,32,0,28,19,0,0,12,12,0,6,0,0,0,0,0,0,0,0,0,0,0,0,0,0,0,0,0,0,0,0,0,0,0,0,0,0,0,0,0,0,0,0,0,0,0,0,0,1123,1123,1118,1118,0,0,1107,1107,0,0,1092,1092,1069,1069,0,0,0,0,0,0,0,0,1011,1011,0,1005
slot-machine-pop-up-card,5461585729,10,0,0,313,313,313,313,0,312,0,0,0,0,0,312,312,310,310,0,309,308,308,0,0,0,0,305,0,305,0,304,304,304,304,304,0,0,303,303,0,303,302,302,0,0,0,302,0,302,0,302,302,302,0,284,0,0,0,0,284,284,0,0,284,284,0,0,0,0,0,0,0,283,280,280,0,0,0,undefined
snake-3d-pop-up-birthday-card,18585141633,13,141,141,141,0,139,139,0,136,135,0,0,0,0,0,133,0,0,0,131,0,130,129,129,0,124,124,124,124,123,123,123,123,0,0,123,123,0,123,123,123,0,120,120,120,120,120,0,119,118,118,0,0,117,117,0,117,0,0,117,117,117,117,0,0,0,0,0,112,0,0,0,0,0,0,0,0,0,undefined
snowflake-blizzard-12-pack-3d-pop-up-holiday-winter-cards,10694153921,99,0,4,4,0,3,3,0,3,3,0,3,3,3,0,2,0,2,0,2,0,1,0,0,1,1,1,1,1,1,1,1,1,0,0,1,1,0,0,1,1,0,1,0,0,1,1,0,1,1,1,0,0,0,0,0,1,1,1,1,1,1,1,0,0,0,0,0,0,0,0,0,0,0,0,0,0,0,0
snowflake-tree-holiday-card,21869606273,13,0,257,257,0,0,257,256,256,253,253,253,253,253,0,252,0,249,248,248,0,246,0,0,245,0,0,0,243,243,243,242,242,0,242,0,240,240,240,240,240,0,240,0,240,240,240,240,240,239,239,239,239,0,0,0,0,0,237,0,0,0,0,0,236,0,0,0,0,0,0,0,0,0,0,0,0,233,233
snowman-christmas-card,21800557441,13,0,4654,4654,0,0,4654,4652,4652,0,4652,4652,4652,4652,0,0,0,4651,4651,4651,0,0,4630,4630,4637,0,4636,0,4636,4636,4636,4636,4636,0,4636,0,4635,0,0,4635,4635,0,4635,0,4635,4635,4635,4635,4635,0,0,4635,4635,0,0,0,0,0,0,0,0,0,0,0,4629,0,0,0,0,4628,4628,0,4628,0,0,0,0,4628,4628
sparkling-snowflake-pop-up-card,1095371525,13,3,3,3,2,2,2,2,2,0,0,0,0,0,0,0,0,0,0,0,0,0,0,0,0,0,0,0,0,0,0,0,0,0,0,0,0,0,0,0,0,0,0,0,0,0,0,0,0,0,0,0,0,0,0,0,0,0,0,0,0,0,0,0,0,0,0,0,0,0,0,0,0,0,0,0,0,0,0
spooky-halloween,7244238785,13,154,154,154,153,153,153,0,151,151,151,0,151,151,0,127,126,126,0,0,104,104,0,104,0,109,109,0,109,0,109,109,109,0,109,0,108,0,108,108,108,0,108,0,0,0,107,0,0,106,106,106,106,0,0,105,105,99,99,0,0,93,93,0,87,0,0,0,0,0,0,0,0,0,0,0,0,0,79
springtime-picnic-3d-pop-up-greeting-card,17290392705,15,575,575,575,0,551,551,0,527,487,0,482,482,482,453,453,0,361,89,89,0,0,0,0,0,0,0,0,0,0,0,0,0,0,0,0,0,0,0,0,0,0,0,0,0,0,0,0,0,0,0,0,0,0,0,0,0,0,0,0,0,0,0,0,0,0,0,0,0,0,0,0,0,0,0,0,0,0,0
statue-of-liberty-3d-pop-up-card,29056442061,13,0,36,36,0,32,32,0,31,30,0,29,29,29,0,24,0,17,17,17,0,12,0,0,0,0,0,0,0,0,0,0,0,0,0,0,0,0,0,0,0,0,0,0,0,0,0,0,0,0,0,0,0,0,0,0,0,0,0,0,0,0,0,0,0,0,0,0,0,462,462,0,0,0,0,459,459,0,undefined
steamboat-3d-pop-up-greeting-card,10607692417,13,190,190,190,0,186,186,184,184,0,0,0,178,178,178,178,169,169,165,165,0,0,158,158,0,0,155,153,153,146,146,0,146,0,144,151,151,0,0,148,148,0,146,146,146,146,146,0,144,143,143,143,143,0,0,0,0,0,0,129,129,0,0,0,0,0,0,0,0,0,0,0,0,0,0,0,0,0,undefined
stork-blue-pop-up-card,1095372853,10,0,109,109,0,0,0,0,102,96,0,94,94,94,0,90,0,79,79,79,0,73,0,71,0,58,58,55,55,49,49,45,45,0,43,42,42,42,42,42,42,0,42,42,42,42,42,0,40,40,40,33,33,0,0,0,32,0,0,29,29,0,0,0,0,0,23,0,19,0,0,17,17,0,0,0,0,0,0
stork-pink-pop-up-card,6662291841,10,651,651,651,0,643,643,0,0,631,630,0,626,626,0,620,618,618,0,0,608,608,0,0,0,594,594,0,591,588,588,0,587,0,586,0,584,0,584,0,0,0,584,0,583,0,0,0,581,0,0,0,571,0,0,568,568,567,567,0,565,565,565,0,0,559,559,0,555,0,0,0,0,0,0,0,0,0,undefined
super-mom-pop-up-mothers-day-card,21415885633,13,0,0,0,0,0,0,0,0,0,0,0,0,0,0,0,0,0,0,0,69,69,0,0,0,0,0,0,0,0,0,0,0,0,0,0,0,0,0,0,0,0,0,0,0,0,0,0,0,0,0,0,0,0,0,0,0,0,0,0,0,0,0,0,0,0,0,0,0,458,458,455,455,0,0,0,0,0,undefined
surfer-pop-up-card,3308268481,13,0,91,91,0,88,88,79,79,77,76,76,76,76,0,72,0,68,68,68,0,0,0,0,60,0,58,0,58,57,57,57,57,0,56,0,0,0,0,55,55,0,54,54,54,54,54,54,54,51,51,51,51,0,0,0,47,0,46,0,44,0,0,0,32,0,0,30,30,26,26,0,24,23,23,0,0,NaN,NaN
swans-3d-pop-up-love-card,10684719617,10,0,110,110,0,106,106,0,97,82,0,79,79,79,0,69,0,58,0,57,0,0,0,0,0,13,13,6,6,0,0,0,0,0,0,0,0,0,0,0,0,0,0,0,0,0,0,0,0,0,0,0,0,0,0,0,0,0,0,0,0,0,0,0,0,0,0,0,0,0,0,0,0,0,0,0,0,0,0
t-rex-dad-pop-up-dinosaur-card,18481611137,13,249,249,249,0,241,241,0,236,233,0,231,231,231,231,231,0,212,212,212,202,202,198,198,0,190,190,188,188,178,178,0,176,169,169,167,167,165,165,0,0,162,162,0,0,154,154,0,0,0,138,0,130,0,123,122,122,0,0,0,0,0,93,0,0,0,0,0,0,0,0,0,0,0,13,0,0,11,11
t-rex-dinosaur-christmas-card,21870388801,13,74,74,74,74,74,74,0,73,73,73,0,73,73,0,0,73,73,73,73,73,73,0,72,0,72,72,0,72,72,72,72,72,0,72,0,72,0,72,72,72,0,72,0,72,0,72,0,0,72,72,0,0,72,72,0,0,0,0,0,0,72,72,0,0,0,0,0,72,0,0,0,0,0,0,0,0,0,undefined
t-rex-pop-up-dinosaur-card,18581784385,13,244,244,244,0,227,227,221,221,0,0,0,210,210,210,210,193,193,0,132,0,119,114,114,0,95,95,88,88,69,69,64,64,0,52,50,50,0,49,49,49,0,42,41,41,39,39,0,30,0,0,28,28,19,19,0,0,11,11,0,0,NaN,NaN,0,0,0,0,0,0,0,0,0,0,0,0,0,0,0,0
taxi-3d-pop-up-card,23625256257,13,0,146,146,0,144,144,0,143,142,0,142,142,142,0,140,0,139,115,115,0,112,0,0,0,109,109,0,0,0,0,106,106,0,105,105,105,0,0,105,105,0,104,102,102,102,102,0,102,102,102,102,102,102,102,0,102,0,0,102,102,0,0,0,0,0,0,0,97,0,0,0,0,0,0,0,0,0,undefined
teachers-apple-pop-up-card,18669557185,13,282,282,282,0,267,267,0,249,241,0,237,237,237,224,224,0,180,173,173,156,156,134,134,0,106,106,103,103,73,73,0,68,66,66,61,61,54,54,52,52,50,50,46,46,46,46,41,41,0,0,0,0,27,27,0,0,0,13,0,2,2,2,0,0,0,0,0,0,0,0,0,0,0,0,0,0,0,0
thanksgiving-card,7244239361,10,0,0,191,191,191,191,0,189,0,0,0,189,189,189,189,188,188,0,188,0,188,0,188,0,0,186,0,186,0,186,0,186,186,186,186,186,186,186,0,186,186,186,186,186,0,186,0,186,0,0,0,185,185,185,0,0,0,0,0,0,0,0,177,177,0,0,0,0,0,0,0,0,0,0,0,0,173,173
the-beatles-abbey-road-pop-up-card,37702116685,15,0,0,0,0,0,0,0,0,0,0,0,0,0,0,0,0,0,0,0,0,0,0,0,0,0,0,0,0,0,0,0,0,0,0,0,0,0,0,0,0,0,0,0,0,0,0,0,0,0,0,0,0,0,0,0,0,0,0,0,0,0,0,549,549,0,0,0,0,0,0,0,0,1629,1629,0,0,NaN,NaN
the-beatles-yellow-submarine-pop-up-card,37701283917,15,0,0,0,0,0,0,0,0,0,0,0,0,0,0,0,0,0,0,0,0,0,0,0,0,0,0,0,0,0,0,0,0,0,0,0,0,0,0,0,0,0,0,0,0,0,0,0,0,0,0,0,0,0,0,0,0,0,0,0,0,0,864,0,0,0,0,0,343,0,188,0,0,0,0,1257,1257,NaN,NaN
the-reason-for-the-season-10-pack,28258568385,99,7,7,7,7,7,7,0,7,7,7,0,7,7,0,7,7,7,7,7,7,7,0,7,0,6,6,0,6,6,6,6,6,0,6,0,6,0,6,0,0,0,6,0,6,0,0,0,6,6,6,0,6,0,0,6,6,6,6,0,6,0,0,0,0,0,0,0,4,3,3,0,0,3,3,0,0,0,undefined
the-seasons-greetings-christmas-10-pack-1,28325783361,99,0,102,102,102,102,102,0,101,0,0,0,101,101,0,0,101,101,0,0,0,99,0,99,0,0,98,0,98,98,98,0,0,98,98,98,98,95,95,0,95,94,94,0,0,0,94,0,94,0,0,0,0,94,94,94,94,93,93,93,93,92,92,92,92,92,92,0,0,92,92,0,92,0,91,0,0,NaN,NaN
the-young-america-clipper-ship-pop-up-card,1095371557,13,357,357,357,352,352,352,343,343,0,338,0,334,334,0,330,0,321,0,315,312,312,0,310,0,291,291,287,287,0,285,285,285,0,0,0,282,0,281,0,280,280,280,0,278,0,273,0,0,0,269,0,261,0,245,244,244,240,240,0,236,0,235,231,231,0,0,0,0,0,0,0,0,0,0,0,0,0,undefined
train-3d-pop-up-birthday-card,18669645697,15,139,139,139,0,127,127,0,114,98,0,96,96,96,88,88,0,69,61,61,54,54,45,45,0,13,13,7,7,0,0,0,0,0,0,0,0,0,0,0,0,0,0,0,0,0,0,0,0,0,0,0,0,0,0,0,0,0,0,0,0,0,0,0,0,0,0,0,0,0,0,0,0,0,0,0,0,0,0
tropical-christmas-3-pack,27962949505,33,0,51,51,51,51,51,51,51,0,51,0,51,51,0,50,0,50,0,50,0,0,0,50,0,49,49,49,49,0,49,49,49,49,49,0,49,0,49,0,0,0,0,0,0,0,49,0,49,0,49,49,49,0,0,0,49,0,0,49,49,0,0,49,49,0,0,0,0,0,0,0,0,0,0,0,0,0,undefined
tulip-pop-up-card,32654102797,13,0,0,0,0,0,0,0,0,0,0,0,0,0,0,0,0,0,0,0,0,0,0,0,0,0,0,0,1557,0,1527,0,1515,0,1506,0,1496,0,1493,0,1485,1480,1480,0,0,1471,1471,1460,1460,0,1450,0,0,0,1269,0,0,0,0,0,1211,0,1210,0,0,0,0,0,1184,0,0,0,0,0,0,0,0,NaN,NaN
tulip-pop-up-gift-card,32652949069,10,0,0,0,0,0,0,0,0,0,0,0,0,0,0,0,0,0,0,0,0,0,0,0,0,0,0,0,549,0,545,0,544,540,540,534,534,532,532,0,526,0,0,523,523,523,523,521,521,520,520,0,0,0,0,450,450,0,399,399,399,0,398,0,0,0,0,0,0,0,364,0,0,0,0,0,0,0,undefined
turkey-3d-pop-up-thanksgiving-card,8078102209,10,0,0,377,377,377,377,0,373,0,0,0,372,372,372,372,370,370,0,370,0,349,0,349,0,0,351,0,349,0,347,0,0,346,346,346,346,345,345,0,345,345,345,345,345,0,345,0,345,0,0,0,0,0,0,341,341,334,334,0,0,315,315,315,315,309,309,309,309,0,0,0,298,0,0,0,0,NaN,NaN
turtle-3d-pop-up-love-card,10684760641,13,0,3177,3177,3157,3157,3157,3089,3089,0,2988,2982,2982,2982,2921,2921,2795,2795,0,2707,0,2636,0,0,2585,0,2566,0,2546,0,2532,0,2522,0,2516,0,2513,0,0,0,2503,0,2492,0,0,0,2486,0,0,0,2481,0,2474,2443,2443,0,2394,0,0,0,2380,2380,2380,2371,2371,0,2363,2363,2363,0,0,2354,2354,0,0,0,0,NaN,NaN
unicorn-3d-pop-up-greeting-card,11970264897,13,0,0,0,0,0,0,0,0,0,0,0,0,0,0,0,0,0,0,0,0,0,0,0,1050,0,1027,1024,1024,0,975,0,971,0,952,0,945,0,943,0,939,936,936,0,930,927,927,921,921,0,913,0,911,0,709,0,0,690,690,0,0,0,666,644,644,0,0,0,0,0,558,0,0,0,0,0,0,0,undefined
usa-bear,20632494401,13,138,138,138,0,134,134,0,133,132,0,132,132,132,132,132,0,130,130,130,130,130,129,129,0,128,128,128,128,127,127,0,127,127,127,163,163,162,162,162,162,161,161,161,161,156,156,0,0,155,155,0,0,0,0,0,0,0,153,0,153,0,0,0,0,0,146,0,0,146,146,146,146,0,0,0,128,NaN,NaN
uscg-eagle-military-card,18669934977,13,121,121,121,120,120,120,117,117,0,114,0,113,113,0,111,0,109,0,109,107,107,0,106,103,99,99,0,97,0,96,95,95,0,94,0,91,0,91,91,91,0,91,0,91,0,91,0,0,0,90,0,0,0,0,0,0,89,89,0,88,0,88,85,85,0,0,0,0,0,74,0,0,0,0,0,0,0,undefined
uss-constitution-pop-up-card,1095372825,13,0,0,0,0,0,0,0,0,0,0,0,0,0,0,0,0,0,0,0,0,0,0,0,0,0,0,0,0,0,0,0,0,0,0,0,0,0,0,0,0,0,0,0,0,0,0,0,0,0,0,0,0,0,0,0,0,0,0,0,0,0,0,0,0,0,0,0,0,166,166,0,0,0,0,0,0,NaN,NaN
vampire-coffin-pop-up-card,7244233985,10,0,260,260,260,260,260,259,259,0,259,0,259,259,0,259,0,0,0,259,258,258,0,258,0,258,258,257,257,0,257,257,257,256,256,0,255,0,255,0,255,254,254,0,0,0,254,0,0,0,254,0,0,0,252,0,0,0,252,252,252,0,0,0,0,0,0,248,248,0,0,0,0,246,246,0,246,0,undefined
vibrant-party-hat-3d-pop-up-birthday-card,10632744513,10,0,0,553,553,553,553,0,553,0,0,0,553,553,553,553,0,0,0,552,0,0,0,0,0,0,552,0,552,0,0,0,0,551,551,551,551,551,551,0,0,551,551,551,551,0,551,0,0,0,0,0,551,0,0,551,551,0,0,0,0,0,550,0,0,0,0,0,0,0,0,0,548,548,548,0,0,0,undefined
viking-pop-up-card,30860166285,13,1277,1277,1277,0,1268,1268,0,1256,1248,0,1244,1244,1244,1240,1240,0,1223,0,1184,1174,1174,1170,1170,0,1137,1137,1134,1134,1126,1126,0,1122,1119,1119,0,0,1111,1111,1110,1110,1109,1109,1108,1108,1107,1107,1103,1103,0,1100,0,1092,0,1022,1021,1021,1018,1018,0,0,0,0,1009,1009,0,0,0,0,0,0,0,0,0,2124,0,0,0,undefined
wedding-car-brides-wedding-card,22189992897,13,152,152,152,151,151,151,149,149,0,148,0,147,147,0,145,0,141,0,0,140,140,0,138,0,135,135,135,135,0,133,0,0,132,132,131,131,0,128,0,128,0,0,0,127,0,127,126,126,0,125,0,0,0,121,0,0,0,121,0,0,0,0,116,116,114,114,0,0,0,0,0,0,0,0,0,0,0,undefined
wedding-chapel-brides-wedding-card,21167323905,13,138,138,138,138,138,138,138,138,0,138,0,138,138,0,138,0,138,0,0,138,138,0,137,0,137,137,137,137,0,137,137,137,137,137,0,0,0,137,0,137,137,137,0,137,0,137,137,137,0,137,0,0,0,137,0,137,0,135,0,0,0,135,135,135,0,0,0,0,0,0,0,0,0,0,0,0,0,undefined
wedding-chapel-grooms-wedding-card,21167498177,13,97,97,97,97,97,97,96,96,0,95,0,95,95,0,93,0,93,0,93,93,93,0,93,0,92,92,92,92,0,92,92,92,92,92,92,92,0,92,0,92,92,92,0,92,0,0,92,92,0,0,91,91,0,91,0,91,0,91,91,91,0,91,91,91,0,0,0,0,0,89,0,0,89,89,0,0,0,undefined
wedding-chapel-wedding-card,21167243841,13,199,199,199,0,193,193,0,0,178,178,0,174,174,0,146,143,143,141,141,0,135,0,133,0,0,119,0,100,0,0,0,90,0,89,0,82,0,81,0,81,0,80,0,80,0,0,0,73,73,73,0,60,0,56,56,56,51,51,0,43,0,0,0,0,35,35,0,0,0,0,0,0,0,0,0,0,0,5
wedding-day-grooms-pop-up-card,2668805633,10,0,0,0,100,100,100,0,97,0,0,0,96,96,96,96,95,95,0,95,0,0,0,94,0,0,90,0,88,0,88,0,88,81,81,0,0,81,81,0,0,80,80,80,80,0,80,0,0,0,0,0,0,71,71,71,71,70,70,0,0,0,0,0,0,67,67,0,0,0,65,0,0,0,0,0,0,0,undefined
wedding-day-pop-up-card,2668805249,10,0,64,64,0,57,57,0,47,43,0,40,40,40,0,26,0,10,10,10,0,574,0,570,0,554,554,551,551,0,0,523,523,0,504,494,494,0,0,490,490,0,483,483,483,483,483,0,476,475,475,0,0,0,0,0,312,303,303,301,301,301,301,0,273,269,269,0,0,0,0,0,0,0,0,0,0,0,undefined
wedding-season-3d-pop-up-card-pack,16440438849,29,47,47,47,0,40,40,39,39,0,0,0,29,29,29,29,23,23,22,22,0,0,15,15,0,0,11,10,10,0,5,0,4,3,3,0,0,0,0,0,0,0,0,0,0,0,0,0,0,0,0,0,0,0,0,0,0,0,0,0,0,0,0,0,0,0,0,0,0,0,0,0,0,0,0,0,0,0,0
whale-mother-pop-up-card,1194512853,10,348,348,348,0,320,320,0,284,254,0,247,247,247,225,225,0,164,159,159,127,127,105,105,0,76,76,69,69,59,59,0,50,47,47,41,41,33,33,33,33,32,32,0,0,30,30,28,28,0,0,0,0,23,23,0,22,0,19,0,16,0,0,0,3,0,0,0,0,0,0,0,0,0,0,0,0,0,0
whimsical-christmas-card-5-pack,26633365761,49,11,11,11,11,11,11,0,11,11,11,0,11,11,11,11,10,10,10,10,0,0,0,0,0,10,10,0,10,10,10,9,9,0,0,0,9,0,9,9,9,0,9,0,9,0,9,0,9,0,0,9,9,9,9,9,9,0,0,0,0,9,9,0,0,7,7,0,0,0,0,0,0,0,0,0,0,0,7
white-elephant-christmas-10-pack,28257915073,97,0,0,2,2,2,2,0,2,0,0,0,2,2,2,2,2,2,0,2,0,2,0,2,0,0,2,0,2,0,2,0,0,2,2,2,2,0,0,0,0,0,0,0,0,0,0,0,0,0,0,0,0,0,0,0,0,0,0,0,0,0,0,0,0,0,0,0,0,0,0,0,0,0,0,0,0,0,0
white-house-3d-pop-up-greeting-card,6026684161,13,0,134,134,0,134,134,0,132,131,0,0,130,130,0,0,0,0,0,126,0,124,0,0,123,121,121,118,118,118,118,117,117,0,0,117,117,0,116,115,115,0,115,115,115,115,115,0,112,111,111,111,111,0,0,0,0,0,0,107,107,0,0,0,0,0,0,0,0,0,0,0,0,0,0,0,0,0,undefined
willow-love-scene-pop-up-card,10607874753,15,0,3406,3406,3381,3381,3381,0,0,0,3248,3241,3241,3241,3204,3204,3089,3089,0,0,0,2821,2797,2797,2751,0,2723,0,2675,0,2637,0,2631,0,2597,0,2576,0,2572,0,2562,0,2548,0,0,0,0,2529,2529,0,2510,0,2474,2419,2419,0,0,0,0,0,2315,0,0,0,0,0,2278,2275,2275,0,0,2204,2204,0,0,0,0,NaN,NaN
willow-love-scene-same-sex-female-3d-card,30262107469,15,0,35,35,0,34,34,0,32,28,0,27,27,27,0,25,0,24,0,0,0,0,0,0,8,4,4,2,2,1,1,0,0,0,0,0,0,0,0,0,0,0,0,0,0,0,0,0,0,0,0,0,0,0,0,0,0,0,0,0,0,0,0,0,0,0,0,0,0,0,0,0,0,0,0,0,0,0,0
willow-love-scene-same-sex-male,30163812941,15,19,19,19,0,16,16,13,13,0,0,0,11,11,0,9,6,6,0,2,0,0,0,0,0,0,0,0,0,0,0,0,0,0,0,0,0,0,0,0,0,0,0,0,0,0,0,0,0,0,0,0,0,0,0,0,0,0,0,0,0,0,0,0,0,0,0,0,0,0,0,0,0,0,0,0,0,0,0
willow-tree-pop-up-card,2037715009,13,872,872,872,0,831,831,0,780,0,723,715,715,715,673,673,586,586,0,0,411,411,364,364,0,307,307,293,293,272,272,0,251,0,0,223,223,215,215,214,214,202,202,0,0,194,194,187,187,0,0,0,0,158,158,0,0,0,0,0,0,0,0,0,129,0,119,119,119,99,99,0,0,89,89,0,0,NaN,NaN
winter-cabin-snowman-pop-up-card,1095371825,10,0,742,742,742,742,742,0,742,0,0,0,742,742,742,742,741,741,0,741,0,0,0,741,0,0,740,0,739,0,739,0,739,739,739,739,739,738,738,0,0,738,738,738,738,0,738,0,0,738,738,0,0,737,737,737,737,0,0,0,0,0,0,0,0,725,725,0,0,725,725,0,0,0,0,0,0,NaN,NaN
wisemen-3-pack-christmas-pop-up-cards,10694141185,29,58,58,58,57,57,57,0,57,57,57,0,57,57,0,57,57,57,0,0,57,57,0,0,57,57,57,0,57,57,57,57,57,0,57,0,57,0,57,0,0,0,0,0,56,0,56,0,56,0,0,0,0,0,0,56,56,56,56,0,0,56,56,0,54,0,0,0,54,0,0,0,0,0,0,0,0,0,54
witchs-brew-pop-up-card,7244239553,10,161,161,161,160,160,160,159,159,0,155,0,154,154,0,153,0,152,0,151,0,0,0,150,0,148,148,147,147,0,146,146,146,146,146,0,0,0,146,0,146,146,146,0,146,0,144,144,144,0,143,143,143,0,143,0,0,0,136,0,0,0,0,128,128,0,0,125,125,0,0,0,0,121,121,0,0,0,undefined
wreath-holiday-photo-card,21870470785,13,0,0,0,0,0,5972,5972,5972,0,0,5972,5972,5972,0,0,5948,5948,5948,5948,0,5946,0,5946,0,0,5946,0,5945,5945,5945,0,5945,5945,5945,5944,5944,5944,5944,5944,5944,0,0,0,0,5943,5943,5943,5943,0,0,0,0,0,0,5943,5943,0,0,5937,5937,0,0,0,0,5937,5937,5937,5937,0,0,0,0,0,0,0,5931,NaN,NaN
yellow-house-3d-housewarming-card,18577457025,13,0,0,41,41,41,41,0,34,0,0,0,30,30,30,30,0,0,0,26,0,26,0,0,0,0,21,0,15,0,15,0,14,14,14,12,12,12,12,0,0,12,12,9,9,0,9,0,7,0,7,0,0,0,0,3,3,2,2,0,0,NaN,NaN,0,0,0,0,0,0,0,0,0,0,0,0,0,0,0,0
