Product Name, ID, Price,Sat May 20 2017 19:39:33 GMT+0000 (UTC),Sat May 20 2017 23:39:33 GMT+0000 (UTC),Sun May 21 2017 03:39:33 GMT+0000 (UTC),Sun May 21 2017 07:39:33 GMT+0000 (UTC),Sun May 21 2017 11:39:33 GMT+0000 (UTC),Sun May 21 2017 15:39:33 GMT+0000 (UTC),Sun May 21 2017 19:39:33 GMT+0000 (UTC),Sun May 21 2017 23:39:33 GMT+0000 (UTC),Mon May 22 2017 03:39:34 GMT+0000 (UTC),Mon May 22 2017 07:39:33 GMT+0000 (UTC),Mon May 22 2017 11:39:33 GMT+0000 (UTC),Mon May 22 2017 15:39:34 GMT+0000 (UTC),Mon May 22 2017 23:39:34 GMT+0000 (UTC),Tue May 23 2017 03:39:34 GMT+0000 (UTC),Tue May 23 2017 11:39:34 GMT+0000 (UTC),Tue May 23 2017 15:39:34 GMT+0000 (UTC),Tue May 23 2017 19:39:34 GMT+0000 (UTC),Tue May 23 2017 23:39:34 GMT+0000 (UTC),Wed May 24 2017 03:39:34 GMT+0000 (UTC),Wed May 24 2017 07:39:34 GMT+0000 (UTC),Wed May 24 2017 11:39:34 GMT+0000 (UTC),Wed May 24 2017 15:39:35 GMT+0000 (UTC),Wed May 24 2017 23:39:35 GMT+0000 (UTC),Thu May 25 2017 03:39:36 GMT+0000 (UTC),Thu May 25 2017 11:39:35 GMT+0000 (UTC),Thu May 25 2017 15:39:35 GMT+0000 (UTC),Fri May 26 2017 03:39:35 GMT+0000 (UTC),Fri May 26 2017 07:39:36 GMT+0000 (UTC),Fri May 26 2017 15:39:35 GMT+0000 (UTC),Fri May 26 2017 19:39:35 GMT+0000 (UTC),Tue May 30 2017 14:34:23 GMT+0000 (UTC),Tue May 30 2017 15:51:55 GMT+0000 (UTC),Tue May 30 2017 19:51:54 GMT+0000 (UTC),Tue May 30 2017 23:51:54 GMT+0000 (UTC),Wed May 31 2017 03:51:55 GMT+0000 (UTC),Wed May 31 2017 07:51:55 GMT+0000 (UTC),Wed May 31 2017 11:51:55 GMT+0000 (UTC),Wed May 31 2017 15:51:55 GMT+0000 (UTC),Wed May 31 2017 19:51:55 GMT+0000 (UTC),Wed May 31 2017 23:51:55 GMT+0000 (UTC),Thu Jun 01 2017 03:51:55 GMT+0000 (UTC),Thu Jun 01 2017 07:51:55 GMT+0000 (UTC),Thu Jun 01 2017 11:51:55 GMT+0000 (UTC),Thu Jun 01 2017 15:51:56 GMT+0000 (UTC),Thu Jun 01 2017 19:51:56 GMT+0000 (UTC),Thu Jun 01 2017 23:51:56 GMT+0000 (UTC),Fri Jun 02 2017 03:51:56 GMT+0000 (UTC),Fri Jun 02 2017 07:51:56 GMT+0000 (UTC),Fri Jun 02 2017 11:51:56 GMT+0000 (UTC),Fri Jun 02 2017 15:51:56 GMT+0000 (UTC),Fri Jun 02 2017 19:51:56 GMT+0000 (UTC),Fri Jun 02 2017 23:51:56 GMT+0000 (UTC),Sat Jun 03 2017 03:51:56 GMT+0000 (UTC),Sat Jun 03 2017 07:51:57 GMT+0000 (UTC),Sat Jun 03 2017 11:51:56 GMT+0000 (UTC),Sat Jun 03 2017 15:51:56 GMT+0000 (UTC),Sat Jun 03 2017 19:51:56 GMT+0000 (UTC),Sat Jun 03 2017 23:51:56 GMT+0000 (UTC),Sun Jun 04 2017 03:51:57 GMT+0000 (UTC),Sun Jun 04 2017 07:51:56 GMT+0000 (UTC),Sun Jun 04 2017 11:51:56 GMT+0000 (UTC),Sun Jun 04 2017 15:51:57 GMT+0000 (UTC),Sun Jun 04 2017 19:51:57 GMT+0000 (UTC),Sun Jun 04 2017 23:51:57 GMT+0000 (UTC),Mon Jun 05 2017 03:51:57 GMT+0000 (UTC),Mon Jun 05 2017 07:51:57 GMT+0000 (UTC),Mon Jun 05 2017 11:51:57 GMT+0000 (UTC),Mon Jun 05 2017 15:51:57 GMT+0000 (UTC),Mon Jun 05 2017 19:51:57 GMT+0000 (UTC),Mon Jun 05 2017 23:51:58 GMT+0000 (UTC),Tue Jun 06 2017 03:51:57 GMT+0000 (UTC),Tue Jun 06 2017 07:51:57 GMT+0000 (UTC),Tue Jun 06 2017 11:51:58 GMT+0000 (UTC),Tue Jun 06 2017 15:51:58 GMT+0000 (UTC),Tue Jun 06 2017 19:51:58 GMT+0000 (UTC),Tue Jun 06 2017 23:51:58 GMT+0000 (UTC),Wed Jun 07 2017 03:51:58 GMT+0000 (UTC),Wed Jun 07 2017 07:51:58 GMT+0000 (UTC),Wed Jun 07 2017 11:51:58 GMT+0000 (UTC),Wed Jun 07 2017 15:51:58 GMT+0000 (UTC),Wed Jun 07 2017 19:51:58 GMT+0000 (UTC),Wed Jun 07 2017 23:51:58 GMT+0000 (UTC),Thu Jun 08 2017 03:51:58 GMT+0000 (UTC),Thu Jun 08 2017 07:52:00 GMT+0000 (UTC),Thu Jun 08 2017 11:51:58 GMT+0000 (UTC),Thu Jun 08 2017 15:51:59 GMT+0000 (UTC),Thu Jun 08 2017 19:51:59 GMT+0000 (UTC),Thu Jun 08 2017 23:51:59 GMT+0000 (UTC),Fri Jun 09 2017 03:51:59 GMT+0000 (UTC),Fri Jun 09 2017 07:51:59 GMT+0000 (UTC),Fri Jun 09 2017 11:51:59 GMT+0000 (UTC),Fri Jun 09 2017 15:51:59 GMT+0000 (UTC),Fri Jun 09 2017 19:51:59 GMT+0000 (UTC),Fri Jun 09 2017 23:51:59 GMT+0000 (UTC),Sat Jun 10 2017 03:51:59 GMT+0000 (UTC),Sat Jun 10 2017 07:52:00 GMT+0000 (UTC),Sat Jun 10 2017 11:51:59 GMT+0000 (UTC),Sat Jun 10 2017 15:51:59 GMT+0000 (UTC)
12-days-of-christmas-pack-3d-pop-up-christmas-cards,10693857985,99,0,53,53,53,0,53,0,53,0,53,0,53,0,0,0,53,0,53,53,53,53,53,0,0,0,0,0,0,0,0,52,52,52,0,52,52,0,0,0,0,51,51,51,51,51,0,0,0,0,51,51,0,0,0,51,51,51,0,51,51,0,0,0,0,0,0,50,50,50,0,0,0,49,49,49,0,49,49,0,47,47,0,0,0,0,0,0,46,46,46,0,0,0,44,44,44,44,44
3-santa-pack-3d-pop-up-christmas-cards,10694124289,29,0,39,39,39,0,39,0,38,0,38,38,38,38,38,0,0,0,38,0,0,0,0,38,38,0,0,0,0,0,0,38,38,38,0,38,38,0,38,38,0,38,38,0,38,38,0,0,0,0,38,38,0,0,0,0,0,0,0,0,0,0,38,38,0,38,38,0,38,38,0,0,0,0,0,0,0,0,0,0,0,37,0,0,0,0,0,0,0,0,0,0,37,37,0,0,NaN,0,0
3d-pop-up-shark-tank-christmas-card,10728524481,13,0,564,0,564,0,564,564,564,564,564,0,564,0,563,563,563,563,563,562,562,0,562,562,562,0,561,0,0,0,0,0,560,560,0,560,560,560,560,560,559,559,559,0,559,559,0,559,559,0,0,0,0,559,559,0,559,559,557,557,557,0,0,557,0,0,0,0,0,0,0,0,0,0,0,0,0,0,0,0,0,0,0,556,556,0,0,0,0,0,0,0,0,0,0,0,0,0,undefined
a-bear-for-every-season-card-10-pack,28259322753,99,0,0,0,0,0,0,0,0,0,0,0,0,0,0,0,0,0,0,0,0,0,0,0,0,0,0,24,24,0,0,0,24,24,0,24,24,0,0,24,0,0,0,24,24,24,0,0,0,0,24,24,24,24,24,0,0,0,0,23,23,23,23,23,0,0,0,0,0,0,23,23,23,23,23,23,0,23,23,0,23,23,23,23,23,0,0,0,23,23,23,0,23,23,0,0,0,NaN,NaN
acoustic-guitar-pop-up-card,18089441537,13,0,0,0,0,0,0,0,0,0,0,0,0,0,0,0,0,0,0,0,0,0,0,0,0,0,0,0,0,0,0,0,0,0,0,0,0,0,0,118,107,107,107,99,99,99,0,0,363,0,357,357,0,0,345,0,0,0,0,0,319,0,0,0,0,0,0,0,0,0,236,236,236,0,0,0,0,0,0,0,0,0,135,135,135,0,116,116,0,0,0,0,0,0,0,37,37,NaN,NaN
airplane-pop-up-card,30912195853,13,24,24,0,22,22,22,0,19,18,18,16,16,0,7,0,1,0,0,0,0,0,0,0,0,0,0,0,0,0,0,0,0,0,0,0,0,0,0,0,0,0,0,0,0,0,163,163,163,151,151,151,140,140,140,137,137,137,132,132,132,129,129,129,126,126,126,120,120,120,0,0,0,0,53,53,0,0,0,0,0,0,309,309,309,0,289,289,0,0,0,0,0,0,0,0,0,NaN,NaN
american-flag-pop-up-card,4863035265,10,0,985,985,985,985,985,983,983,0,982,0,982,0,963,0,958,0,957,0,0,0,955,0,949,0,949,0,0,946,946,911,911,911,0,911,911,911,911,911,894,894,894,0,892,892,0,892,892,0,0,890,890,890,890,0,0,0,0,872,872,0,870,870,0,870,870,0,870,870,0,0,0,0,0,0,780,780,780,0,0,0,0,0,0,0,0,0,0,0,0,0,0,0,0,0,0,0,1034
angel-3d-pop-up-christmas-card,7244238593,10,0,1106,0,1104,0,1104,1104,1104,1099,1099,0,0,0,1086,1085,1085,1083,1083,0,0,0,1078,1076,1076,0,1071,0,0,0,0,0,1049,1049,0,1040,1040,1040,1040,1040,1036,1036,1036,0,1019,1019,0,1018,1018,0,0,0,0,1014,1014,0,1014,1014,1013,1013,1013,0,0,1008,0,0,0,0,999,999,0,0,0,0,0,0,975,975,975,0,0,0,0,973,973,0,970,970,0,952,952,0,0,0,0,0,0,0,undefined
apple-tree-3d-pop-up-card,22637453505,13,0,0,0,0,0,0,0,0,0,0,0,0,0,0,0,0,0,0,0,0,0,0,0,0,0,0,0,0,0,0,0,0,0,0,0,0,0,0,0,0,0,0,0,0,0,0,0,0,0,0,269,0,0,0,0,0,269,0,0,0,0,0,0,0,0,0,0,0,0,0,0,0,0,0,0,0,0,0,265,265,265,0,261,261,0,0,0,0,257,257,0,249,249,0,0,NaN,0,0
baby-bear-3d-pop-up-card,34276408461,13,1047,1047,0,1046,1045,1045,1042,1042,0,1038,0,0,1035,1035,923,923,0,0,0,920,920,920,1195,1195,0,0,0,0,0,0,1245,1245,1245,1237,1237,1237,1234,1234,1234,1228,1228,1228,0,0,0,1214,1214,1214,1210,1210,1210,0,1201,1201,1201,1201,1201,0,0,0,0,0,0,0,0,0,0,0,0,1178,1178,1178,1166,1166,1166,0,0,0,0,0,0,0,0,0,1122,1122,1122,0,0,0,0,1107,1107,0,0,0,0,undefined
baby-chicks-3d-pop-up-greeting-card,12311549569,10,284,284,284,284,284,284,283,283,0,282,0,282,0,280,0,279,0,0,278,278,0,278,0,0,273,273,0,0,0,0,0,267,267,265,265,265,0,263,263,0,0,0,262,262,262,262,262,262,262,262,262,0,546,546,546,546,546,0,0,0,546,546,546,0,0,0,0,0,830,0,0,0,829,829,829,0,0,0,0,0,0,0,0,0,828,828,828,0,828,828,0,0,0,827,827,827,0,826
baby-its-cold-outside-5-pack,27961379777,60,0,35,34,34,0,34,0,34,0,33,33,33,33,33,0,0,0,33,33,33,33,33,33,33,0,33,0,0,0,0,32,32,32,0,32,32,0,32,32,0,32,32,0,32,32,32,32,32,0,32,32,32,32,32,0,0,0,0,31,31,31,31,31,0,31,31,31,31,31,0,31,31,0,0,0,0,0,0,0,0,0,0,0,0,0,0,31,0,0,0,0,0,0,0,0,NaN,0,0
ballerina-pop-up-dance-card,21062778305,13,0,75,74,74,0,74,0,71,58,58,58,58,54,54,0,0,47,47,0,40,0,0,0,0,23,23,0,0,0,0,0,2,2,0,0,0,0,0,0,0,0,0,0,0,188,0,0,0,0,177,177,0,0,171,0,0,0,0,0,0,0,0,169,0,168,168,0,0,0,0,124,124,0,121,121,121,121,121,0,107,107,0,103,103,103,103,103,0,0,0,0,0,0,0,0,0,NaN,NaN
balloon-bouquet-birthday-pop-up-card,3308269249,10,0,0,0,0,0,0,0,0,0,0,0,0,0,0,0,0,0,0,0,0,0,0,206,206,0,0,155,155,0,0,0,562,562,511,511,511,0,0,0,0,0,462,0,0,437,0,0,430,0,422,422,0,0,414,0,0,0,0,0,397,0,0,0,0,382,382,0,0,0,0,0,0,0,0,0,0,0,0,225,225,225,0,0,0,0,180,180,0,0,0,161,161,161,0,145,145,0,undefined
balloon-bouquet-blue-pop-up-card,30412847181,10,0,0,0,0,0,0,0,0,0,0,0,0,0,0,0,0,0,0,0,0,0,0,0,0,0,0,0,0,0,0,0,0,0,0,0,0,0,0,0,0,0,0,0,0,0,0,0,0,0,0,0,0,0,0,0,0,0,0,0,0,0,0,0,0,0,0,0,0,0,0,257,257,0,0,0,0,0,0,248,248,248,0,0,0,0,0,0,0,211,211,0,0,0,0,0,NaN,0,0
balloon-bouquet-pink-pop-up-card,30412942029,10,0,0,0,0,0,0,0,0,0,0,0,0,0,0,0,0,0,0,0,0,0,0,0,0,0,0,0,0,0,0,0,0,0,0,0,0,0,0,0,0,0,0,0,0,0,0,0,0,0,0,0,0,0,0,0,0,0,0,0,0,0,0,0,0,0,0,0,238,238,0,0,0,227,227,227,0,0,0,216,216,216,0,193,193,0,0,0,0,0,0,0,0,0,0,0,NaN,0,0
barrel-cactus-pop-up-card,24305571009,13,0,0,0,0,0,0,0,0,0,0,0,0,0,0,0,0,0,0,0,0,0,0,0,0,0,0,0,0,0,0,0,0,0,0,0,0,0,0,0,0,0,0,0,0,0,0,0,0,0,0,0,0,0,0,0,0,0,0,0,0,0,0,0,0,0,0,0,0,0,0,0,0,0,0,0,0,0,0,0,0,0,0,0,0,0,0,245,244,244,244,244,244,244,0,0,0,NaN,NaN
baseball-3d-pop-up-fathers-day-card,18667936769,13,973,973,0,966,966,966,0,951,0,0,938,938,0,2576,0,2567,2559,2559,2545,2545,2542,2542,0,2501,0,2489,0,0,0,0,0,2271,2271,2245,2245,2245,0,2231,2231,2195,2195,2195,2183,2183,2183,2151,2151,2151,2140,2140,2140,2114,2114,2114,0,2098,2098,0,0,0,0,2077,2077,0,0,0,2048,2048,2048,0,0,0,0,1865,1865,0,0,0,0,0,1806,1803,1803,1803,0,1777,1777,0,0,0,0,0,0,0,2536,2536,NaN,NaN
beach-day-pop-up-card,32653211917,13,375,375,0,369,369,369,0,348,343,343,342,342,0,265,0,251,245,245,224,224,220,220,0,0,0,434,0,0,0,0,0,819,819,813,813,813,0,788,788,732,732,732,0,0,0,0,0,0,678,678,678,637,637,637,0,613,613,0,0,0,0,599,599,0,0,0,582,582,582,0,0,0,0,411,411,0,0,0,0,0,0,330,330,330,0,0,0,0,0,251,251,251,251,0,0,0,NaN,NaN
bears-pop-up-card,1194484957,10,501,501,0,495,495,495,494,494,0,0,492,492,488,488,480,480,0,0,0,0,465,465,740,740,0,0,0,0,0,0,988,988,988,984,984,984,982,982,982,966,966,966,0,958,958,953,953,953,948,948,948,947,947,947,943,943,943,934,934,934,934,934,934,929,929,929,925,925,925,0,0,0,0,877,877,0,0,0,0,0,0,0,0,0,0,0,0,1130,1130,1130,0,0,0,0,0,0,1117,1117
bed-3d-pop-up-love-card,10684378945,10,0,473,473,473,0,473,0,473,470,470,469,469,464,464,461,461,0,0,0,456,456,456,0,0,0,0,441,441,0,0,0,0,0,0,424,424,0,0,423,0,0,0,420,420,420,0,419,419,0,419,419,0,0,416,0,0,0,0,414,414,0,0,0,0,0,0,413,413,413,410,410,410,410,410,410,0,0,0,0,0,0,406,406,406,0,0,0,403,403,403,0,0,0,0,0,0,NaN,NaN
beer-3d-pop-up-greeting-card,11122533121,10,2641,2641,0,2634,2634,2634,0,2610,2604,2604,2603,2603,0,0,0,2455,2445,2445,2426,2426,2424,2424,0,2364,0,2351,0,2302,0,0,0,2105,2105,2087,2087,2087,0,2068,2068,2023,2023,2023,2011,2011,2011,1967,1967,1967,1953,1953,1953,1918,1918,1918,1890,1890,1890,1852,1852,1852,1843,1843,1843,1807,1807,1807,1793,1793,1793,2804,2804,2804,0,2668,2668,0,0,0,0,0,0,2544,2544,2544,0,2513,2513,0,0,0,0,0,0,0,0,0,NaN,NaN
bird-nest-pop-up-card,1330467841,13,592,592,0,587,587,587,0,585,0,585,585,585,580,580,0,0,0,504,0,500,500,500,485,485,0,0,0,470,0,0,0,343,343,342,342,342,0,327,327,0,320,320,320,320,320,303,303,303,302,302,302,0,284,284,284,284,284,0,280,280,279,279,279,278,278,278,0,0,0,554,554,554,0,0,0,0,0,0,0,0,0,0,0,0,509,509,509,0,0,0,0,0,0,0,0,0,0,undefined
birthday-present-pop-up-card,10672129857,10,337,337,0,335,335,335,0,329,0,319,319,319,313,313,307,307,0,297,0,294,292,292,276,276,0,0,0,0,0,0,0,733,733,725,725,725,0,707,707,0,686,686,683,683,683,661,661,661,651,651,651,0,637,637,0,0,0,0,624,624,0,0,0,616,616,616,0,0,0,593,593,593,0,0,0,0,0,0,0,0,0,0,441,441,0,0,0,0,0,0,0,0,0,3291,3291,3291,0,undefined
blackhawk-helicopter-3d-pop-up-greeting-card,10728484801,13,0,0,0,0,0,0,0,0,0,0,0,0,0,0,0,0,0,0,0,0,0,0,0,0,0,0,0,0,0,0,0,0,178,171,171,171,169,169,169,158,158,158,0,150,150,0,0,0,138,138,138,0,0,0,135,135,135,0,0,0,125,125,125,119,119,119,115,115,115,82,82,82,0,0,0,0,0,0,0,0,0,0,0,0,0,0,0,0,0,0,0,0,0,0,284,284,283,283
blue-birthday-bear-3d-pop-up-birthday-card,10633357953,13,0,0,0,0,0,0,0,0,0,0,0,0,0,0,0,0,0,0,0,0,0,0,0,0,0,0,0,0,0,0,0,0,0,0,0,0,0,0,0,0,0,0,0,0,0,0,0,0,0,0,0,0,0,0,0,0,0,0,0,0,0,0,0,0,0,0,0,0,0,0,0,0,0,0,0,0,0,0,0,0,0,0,0,0,0,0,0,0,0,0,0,0,0,0,0,NaN,0,0
boston-skyline,32653693645,13,167,167,162,162,161,161,0,158,156,156,155,155,145,145,0,0,0,0,0,0,0,0,0,0,0,0,0,0,0,0,387,387,387,386,386,386,0,383,383,0,307,307,303,303,303,278,278,278,273,273,273,0,267,267,266,266,266,0,0,0,0,0,0,257,257,257,0,0,0,239,239,239,0,0,0,0,0,0,0,0,0,0,0,0,164,164,164,0,0,0,0,0,0,145,145,145,0,145
buddha-pop-up-card,30859706061,13,0,0,0,0,0,0,0,0,0,0,0,0,0,0,0,0,0,0,0,0,0,0,0,0,0,0,0,0,0,0,0,360,360,360,360,360,0,352,352,0,0,0,348,348,348,348,348,348,348,348,348,0,347,347,347,347,347,0,346,346,0,0,0,344,344,344,0,0,0,0,0,0,292,292,292,0,0,0,0,0,0,0,0,0,260,260,260,0,0,0,0,0,0,0,0,0,0,undefined
bun-in-the-oven-3d-pop-up-mothers-day-card,17688200513,13,0,0,0,0,0,0,0,0,0,0,0,0,165,165,0,0,159,159,0,156,0,155,0,0,152,152,150,150,0,0,139,139,139,0,139,139,139,139,139,0,0,138,0,0,137,0,137,137,0,136,136,0,118,118,0,118,118,0,0,0,0,115,115,0,0,114,0,0,0,0,0,0,0,0,0,0,0,0,112,112,112,0,0,0,0,97,97,0,0,0,94,94,94,0,93,93,0,undefined
camera-pop-up-card,22637492417,10,0,330,0,329,0,328,0,328,326,326,326,326,322,322,254,254,0,251,0,246,0,0,0,0,0,0,222,222,0,0,0,158,158,0,157,157,156,156,156,0,0,146,0,0,140,0,139,139,0,138,138,0,136,136,0,135,135,133,133,133,0,0,0,0,0,0,0,0,0,0,0,0,0,0,0,97,97,97,0,0,0,0,0,0,0,0,0,0,0,61,0,0,0,0,0,0,343,343
camping-trip-pop-up-card,18578100737,13,2978,2978,0,2965,2965,2965,0,2943,2933,2933,2931,2931,0,3464,0,3449,0,0,3417,3417,3415,3415,0,0,0,0,0,3285,0,0,0,5358,5358,5346,5346,5346,0,5317,5317,5285,5285,5285,5278,5278,5278,0,0,0,5231,5231,5231,5201,5201,5201,0,5185,5185,5173,5173,5173,0,5151,5151,0,0,0,5120,5120,5120,5033,5033,5033,0,4913,4913,0,0,4869,0,0,0,4798,4798,4798,0,0,0,0,0,0,0,0,0,0,0,0,NaN,NaN
canoe,37217245645,13,1134,1134,0,1129,1127,1127,0,1122,1117,1117,1116,1116,0,2755,0,2747,2746,2746,2735,2735,0,0,0,2687,0,0,0,2665,0,0,0,2610,2610,2600,2600,2600,0,2584,2584,0,0,0,0,0,0,0,0,0,0,0,0,0,0,0,0,0,0,0,0,0,0,0,0,0,0,0,0,0,0,0,0,0,0,0,0,0,0,0,0,0,0,0,0,0,0,0,0,0,0,0,0,0,0,0,0,0,0,0
canoe-pop-up-card,37217245645,13,0,0,0,0,0,0,0,0,0,0,0,0,0,0,0,0,0,0,0,0,0,0,0,0,0,0,0,0,0,0,0,0,0,0,0,0,0,0,0,2552,2552,2552,2547,2547,2547,2533,2533,2533,2512,2512,2512,2495,2495,2495,0,2481,2481,2474,2474,2474,0,2469,2469,0,0,0,2452,2452,2452,2403,2403,2403,0,0,0,0,0,0,0,0,0,2172,2172,2172,0,2157,2157,0,0,0,0,0,0,0,2073,2073,NaN,NaN
cat-mom-3d-pop-up-mothers-day-card,16890624257,13,2204,2204,0,2199,2198,2198,2195,2195,2190,2190,2187,2187,2181,2181,2090,2090,0,2082,0,0,2078,2078,2067,2067,2065,2065,0,0,0,0,1874,1874,1874,1857,1857,1857,1853,1853,1853,1831,1831,1831,0,1819,1819,1817,1817,1817,1814,1814,1814,1807,1807,1807,1805,1805,1805,1801,1801,1801,1801,1801,1801,1797,1797,1797,1796,1796,1796,1790,1790,1790,0,1728,1728,0,1714,1714,0,0,0,0,0,0,0,0,0,0,0,0,0,0,0,1630,1630,1630,NaN,NaN
cat-playhouse-3d-pop-up-greeting-card,5799994049,10,0,97,97,97,0,97,0,97,0,97,0,97,97,97,0,97,0,94,0,0,94,94,92,92,0,0,0,0,0,0,82,82,82,0,81,81,0,0,81,0,81,81,81,81,81,0,81,81,0,0,0,78,78,78,78,78,78,0,77,77,0,0,0,0,75,75,75,75,75,75,75,75,75,75,75,0,73,73,0,0,0,71,71,71,0,0,0,354,354,354,0,354,354,0,0,0,352,352
celtic-harp-3d-pop-up-card,18585258433,13,0,416,416,416,0,416,415,415,0,415,0,414,0,414,0,414,0,0,0,412,0,412,0,408,0,406,0,0,404,404,402,402,402,402,402,402,0,402,402,0,400,400,0,400,400,0,400,400,0,0,399,399,399,399,0,399,399,0,399,399,0,399,399,0,399,399,0,398,398,0,0,0,397,397,397,0,0,0,0,0,0,0,0,390,0,0,389,0,389,389,0,389,389,0,NaN,NaN,0,0
champagne-bottle-3d-pop-up-new-year-card,10594542145,10,177,177,176,176,175,175,174,174,0,171,0,169,0,162,0,0,159,159,154,154,0,0,0,150,0,0,0,0,0,0,0,0,132,0,130,130,129,129,129,0,103,103,101,101,101,0,0,91,0,91,91,0,87,87,87,87,87,0,82,82,0,0,0,79,79,79,0,0,0,0,74,74,0,0,0,0,61,61,0,60,60,51,51,51,49,49,49,0,45,45,0,0,0,0,0,0,0,43
champagne-ladies-3d-pop-up-new-year-card,10593353473,10,1544,1544,1543,1543,1543,1543,1543,1543,0,1542,0,1542,0,1504,0,1500,0,0,1498,1498,0,1498,0,1497,1496,1496,0,0,0,0,0,0,1475,0,1475,1475,1475,1475,1475,0,1473,1473,0,1473,1473,0,0,1471,0,0,0,0,1469,1469,0,0,0,0,1469,1469,1468,1468,1468,1466,1466,1466,0,0,1462,0,0,0,0,0,0,0,0,0,0,1461,1461,0,0,0,0,0,0,0,0,0,0,0,1450,0,0,0,0,undefined
cherry-blossom-tree-3d-pop-up-mothers-day-card,17253170241,13,7571,7571,0,7547,7547,7547,0,7529,7523,7523,7517,7517,0,0,7095,7095,7077,7077,7037,7037,7026,7026,0,6962,0,6946,0,0,0,0,6529,6529,6529,6502,6502,6502,6492,6492,6492,6446,6446,6446,0,6415,6415,6396,6396,6396,6379,6379,6379,6355,6355,6355,6337,6337,6337,6323,6323,6323,6310,6310,6310,6299,6299,6299,6290,6290,6290,0,0,0,0,6079,6079,0,6062,6062,0,0,0,0,0,0,0,0,0,5892,5892,5892,0,0,0,0,0,0,NaN,NaN
cherry-pie-pop-up-card,17104957633,13,0,0,0,0,0,0,0,0,0,0,0,0,0,0,0,0,0,0,0,0,0,0,0,0,0,0,0,0,0,0,0,0,0,0,0,0,0,0,0,0,0,0,0,0,180,180,180,180,180,180,180,0,0,166,0,0,166,0,0,166,0,0,0,0,0,0,0,0,153,0,153,153,0,0,0,0,0,0,153,153,153,0,0,0,153,153,153,0,0,0,0,0,0,0,NaN,NaN,0,0
christmas-bear-3d-pop-up-holiday-card,8071693377,13,308,308,308,308,0,308,0,308,0,308,0,0,308,308,0,0,0,307,0,0,307,307,306,306,0,0,0,0,0,0,306,306,306,0,305,305,0,305,305,0,305,305,0,0,0,0,298,298,0,0,298,0,0,0,0,0,0,0,298,298,0,298,298,0,297,297,0,297,297,0,297,297,297,297,297,0,0,0,0,0,0,0,0,0,0,0,0,0,0,0,0,0,0,0,0,290,0,0
christmas-candle-christmas-card,21851090945,13,0,4517,0,4514,0,4513,4513,4513,4512,4512,0,4511,0,4508,4508,4508,4507,4507,4506,4506,0,0,0,0,0,4499,0,0,0,0,0,4433,4433,0,0,4431,0,4431,4431,0,4425,4425,0,4425,4425,0,4425,4425,0,4425,4425,0,4425,4425,4425,4425,4425,0,0,4422,4422,4422,4422,0,0,0,0,0,0,0,0,0,0,0,4417,0,4416,4416,0,0,0,0,4407,4407,0,0,0,0,4384,4384,0,0,0,0,0,0,0,4384
christmas-character-pack-3d-pop-up-holiday-card,10694136257,29,0,75,75,75,0,0,0,75,0,75,75,75,0,0,75,75,0,74,0,0,74,74,0,0,0,73,0,0,0,0,73,73,73,0,73,73,0,73,73,0,73,73,0,73,73,0,0,0,0,0,0,73,73,73,73,73,73,0,72,72,0,0,0,0,70,70,0,0,0,0,70,70,0,0,0,0,0,0,0,0,0,0,0,0,0,0,0,0,0,0,0,69,69,0,0,NaN,0,0
christmas-eiffel-3d-pop-up-christmas-card,10492354881,13,0,152,0,152,0,152,0,152,152,152,152,152,152,152,152,152,0,152,0,151,151,151,0,150,0,0,0,0,0,0,0,149,149,0,149,149,0,0,149,0,149,149,149,149,149,0,0,0,0,149,149,0,149,149,0,149,149,0,0,0,0,148,148,0,0,148,0,0,0,147,147,147,147,147,147,0,147,147,0,0,0,0,0,0,0,0,0,146,146,146,0,146,146,0,0,0,NaN,NaN
christmas-fun-5-pack,27963349889,62,0,156,156,156,0,156,156,156,0,156,0,156,0,156,0,156,0,0,0,155,0,155,0,154,0,0,0,0,154,154,153,153,153,0,153,153,0,153,153,0,153,153,0,153,153,0,153,153,0,0,153,153,153,153,0,0,0,0,151,151,0,151,151,0,151,151,0,151,151,0,151,151,151,151,151,0,151,151,0,0,0,0,0,0,0,0,0,0,0,0,0,0,0,0,NaN,NaN,0,0
christmas-poinsettia-christmas-card,21869798721,13,0,738,0,738,0,738,738,738,737,737,0,737,0,737,737,737,737,737,735,735,0,735,0,0,0,733,0,733,0,0,0,729,729,0,728,728,728,728,728,728,728,728,0,728,728,0,728,728,0,0,0,0,727,727,0,726,726,0,0,0,0,0,0,721,721,721,0,721,721,0,0,721,0,0,0,0,0,0,0,720,720,0,720,720,0,0,0,0,0,0,0,0,0,0,0,718,0,undefined
christmas-tree-blue,8204949441,13,279,279,279,279,0,279,0,279,0,279,0,0,279,279,279,279,0,279,279,279,0,0,0,0,0,0,0,0,0,0,277,277,277,0,277,277,0,277,277,0,277,277,0,277,277,0,0,0,0,0,0,277,277,277,0,0,0,0,277,277,0,277,277,0,277,277,0,277,277,0,277,277,0,0,0,0,277,277,0,0,0,0,0,0,0,0,0,0,0,0,0,0,0,0,0,NaN,0,0
christmas-tree-holiday-photo-card,21870489537,13,0,216,0,216,0,216,0,216,214,214,214,214,0,0,214,214,0,0,0,213,213,213,0,213,0,0,0,0,0,0,212,212,212,0,212,212,212,212,212,0,0,212,0,0,212,0,212,212,0,212,212,0,212,212,0,212,212,0,0,0,0,0,0,0,0,211,0,0,0,0,0,0,0,211,211,0,0,0,211,211,211,0,0,0,0,0,0,0,0,0,211,211,211,0,0,0,0,211
christmas-tree-pop-up-card,1095371785,13,0,4790,0,4790,0,4790,4790,4790,4790,4790,0,4790,0,4788,4788,4788,4788,4788,4788,4788,0,4788,0,0,0,0,0,0,0,0,0,4704,4704,0,0,4703,0,0,0,0,4699,4699,0,4684,4684,0,0,0,0,0,0,0,0,0,0,0,0,0,0,0,4682,4682,4682,4680,4680,4680,0,0,0,0,4667,4667,0,0,4666,0,4666,4666,0,4665,4665,0,4651,4651,0,0,0,0,4639,4639,0,0,0,0,0,0,0,4637
classic-christmas-7-pack,27962047425,69,0,52,52,52,0,52,0,52,0,52,0,0,0,0,0,50,0,49,0,0,49,49,49,49,0,0,0,0,0,0,0,43,43,0,43,43,0,0,0,0,42,42,42,42,42,0,42,42,0,42,42,0,0,0,41,41,41,0,40,40,0,0,0,0,39,39,0,0,0,39,39,39,0,0,0,0,0,0,0,37,37,36,36,36,0,0,0,36,36,36,0,34,34,0,0,0,34,34
coffee-cup-pop-up-card,3308269697,10,0,0,0,0,0,0,0,0,0,0,0,0,0,0,0,0,0,0,0,0,0,0,0,0,0,0,0,0,0,0,0,0,0,0,0,0,0,0,0,0,0,0,0,0,0,0,0,0,0,0,275,0,0,265,0,0,260,0,0,0,0,0,0,0,0,0,0,0,0,0,0,0,174,174,174,0,0,0,153,153,153,0,0,0,0,0,0,0,109,109,0,0,0,0,NaN,NaN,0,0
construction-bear-3d-pop-up-card,38241705357,13,0,0,0,0,0,0,0,0,0,0,0,0,0,0,0,0,0,0,0,0,0,0,915,915,890,890,848,848,0,0,0,810,810,805,805,805,0,801,801,276,276,276,275,275,275,272,272,272,267,267,267,262,262,262,0,258,258,254,254,254,0,248,248,0,0,0,242,242,242,220,220,220,0,191,191,0,0,0,0,0,0,0,0,0,0,116,116,0,0,0,0,0,0,0,77,77,NaN,NaN
copy-of-construction-bear,38241705357,13,0,0,0,0,0,0,0,0,0,0,0,0,0,0,0,0,0,0,0,0,0,1104,0,0,0,0,0,0,0,0,0,0,0,0,0,0,0,0,0,0,0,0,0,0,0,0,0,0,0,0,0,0,0,0,0,0,0,0,0,0,0,0,0,0,0,0,0,0,0,0,0,0,0,0,0,0,0,0,0,0,0,0,0,0,0,0,0,0,0,0,0,0,0,0,0,0,0,0
cornucopia-3d-pop-up-greeting-card,8031960193,13,172,172,172,172,0,171,0,171,0,171,171,171,171,171,0,0,0,171,0,0,0,0,0,0,0,168,0,0,0,0,159,159,159,0,0,0,0,158,158,0,158,158,0,0,0,0,158,158,0,0,0,155,155,155,0,0,155,0,0,0,0,154,154,0,154,154,0,154,154,0,154,154,0,0,0,0,153,153,0,0,0,0,0,0,0,0,0,0,0,0,0,0,0,0,0,NaN,0,0
couple-love-pop-up-card,1095371541,10,0,0,0,0,0,0,0,0,0,0,0,0,0,0,0,0,0,0,0,0,0,0,0,0,0,0,0,0,0,0,0,0,0,0,0,0,0,0,272,270,270,270,266,266,266,0,0,258,0,257,257,0,0,254,0,0,254,0,0,252,0,0,0,0,246,246,0,0,0,0,0,0,0,220,220,218,218,218,0,0,0,0,0,0,0,0,0,0,0,0,196,196,196,0,NaN,NaN,0,0
cupcake-birthday-pop-up-card,2668806209,10,2156,2156,0,2142,2142,2142,2128,2128,0,2113,2111,2111,2069,2069,1976,1976,0,0,0,1944,0,0,1911,1911,0,0,0,0,0,0,1817,1817,1817,1762,1762,1762,0,1739,1739,0,1677,1677,1676,1676,1676,1645,1645,1645,1631,1631,1631,0,1610,1610,1608,1608,1608,0,1590,1590,0,0,0,1579,1579,1579,0,1558,1558,1523,1523,1523,0,0,0,0,0,0,0,0,0,0,1149,1149,1136,1136,1136,0,0,0,0,1082,1082,1072,1072,1072,0,1066
cyclist-pop-up-biking-card,3308267521,10,0,0,0,0,0,0,0,0,0,0,0,0,0,0,0,0,0,0,0,0,0,0,0,0,0,0,0,0,0,0,0,167,167,0,156,156,155,155,155,88,88,88,0,0,0,0,73,73,0,0,58,0,43,43,0,38,38,0,0,0,0,0,0,22,22,22,0,18,18,0,0,0,0,0,0,0,0,0,0,0,0,0,0,0,0,0,0,0,0,0,0,0,0,0,0,0,0,0
daisy-pop-up-card,22637362945,13,3909,3909,0,3886,3886,3886,3865,3865,3834,3834,3830,3830,3798,3798,3587,3587,0,3547,0,3521,3520,3520,3448,3448,0,0,0,0,0,0,2928,2928,2928,2881,2881,2881,2867,2867,2867,2696,2696,2696,0,2636,2636,2618,2618,2618,2596,2596,2596,2559,2559,2559,2543,2543,2543,2524,2524,2524,2510,2510,2510,2491,2491,2491,2485,2485,2485,2414,2414,2414,0,2266,2266,0,0,0,0,0,0,0,0,0,0,0,0,0,0,0,0,0,0,0,0,0,NaN,NaN
day-of-the-dead,7244238977,13,64,64,62,62,62,62,61,61,0,60,0,60,0,59,0,0,56,56,0,0,0,50,0,0,47,47,0,37,0,0,0,0,0,0,0,0,0,0,0,0,0,0,0,0,0,0,0,0,0,0,275,0,0,274,0,0,0,0,0,0,0,0,0,0,0,0,0,0,0,0,0,0,253,253,253,249,249,249,248,248,248,0,0,0,0,0,0,0,0,0,0,0,222,0,NaN,NaN,0,0
democratic-donkey-3d-pop-up-greeting-card,24305785153,10,0,292,0,0,0,292,292,292,0,290,0,290,0,290,0,0,0,0,0,289,0,0,0,288,0,0,0,0,288,288,286,286,286,286,286,286,0,286,286,0,286,286,0,0,0,0,286,286,0,0,330,330,330,330,0,0,0,0,330,330,0,330,330,0,330,330,0,330,330,0,0,0,330,330,330,0,0,0,0,0,0,0,0,0,0,0,0,0,0,0,0,327,327,0,327,327,0,0
diamond-ring-3d-pop-up-valentines-day-card,10433200065,10,0,439,438,438,0,438,0,437,436,436,436,436,430,430,423,423,422,422,0,416,416,416,0,0,408,408,0,0,0,0,0,372,372,0,369,369,0,0,0,0,361,361,360,360,360,0,352,352,0,345,345,0,0,0,0,344,344,0,0,0,0,0,341,0,340,340,340,340,340,336,336,336,320,320,320,0,306,306,0,0,0,286,286,286,0,0,0,283,283,283,0,280,280,0,0,0,NaN,NaN
dog-family-pop-up-puppy-card,34276599757,13,1040,1040,0,1032,0,0,1023,1023,0,1013,1013,1013,1004,1004,890,890,0,874,0,863,863,863,0,0,1699,1699,0,0,2520,2520,2430,2430,2430,2418,2418,2418,2416,2416,2416,2385,2385,2385,0,2374,2374,2370,2370,2370,2367,2367,2367,0,2353,2353,2351,2351,2351,0,2342,2342,2342,2342,2342,2334,2334,2334,0,0,0,2297,2297,2297,2278,2278,2278,0,0,0,0,0,0,0,0,0,2204,2204,2204,0,0,0,0,2166,2166,0,0,0,0,2146
dog-house-3d-pop-up-greeting-card,16343809473,13,0,0,0,0,0,0,0,0,0,0,0,0,0,0,0,0,0,0,0,0,0,0,0,0,0,0,0,0,0,0,0,0,0,0,0,0,0,0,0,0,0,0,0,0,0,0,0,0,0,0,0,0,0,0,0,0,0,0,0,0,0,0,0,0,0,0,0,0,0,0,0,0,0,0,0,0,0,0,0,0,0,0,0,0,0,0,198,0,0,0,97,97,97,0,0,0,NaN,NaN
dogwood-tree-pop-up-card,1095371489,10,0,0,0,0,0,0,0,0,0,0,0,0,0,0,0,0,0,0,0,0,0,0,0,0,0,0,0,0,0,0,0,0,0,0,0,0,0,0,0,0,0,0,0,0,0,0,0,0,0,0,0,0,0,235,0,0,0,0,0,0,0,0,0,0,0,0,0,0,0,0,0,0,0,0,0,0,0,0,206,206,206,0,0,0,0,0,0,0,194,194,0,193,193,0,0,NaN,0,0
dollhouse-pop-up-card,30942690637,13,59,59,58,58,58,58,56,56,0,0,0,54,0,49,0,47,47,47,46,46,0,0,0,0,38,38,0,0,0,0,0,29,29,29,29,29,0,29,29,0,24,24,0,0,0,0,0,0,14,14,14,0,11,11,11,11,11,0,8,8,0,0,0,0,0,0,0,0,NaN,0,0,0,0,0,0,0,0,0,0,0,0,0,0,0,0,0,0,0,0,0,0,0,0,0,0,0,0,0
duckling-pop-up-card,1194513181,10,0,0,0,0,0,0,0,0,0,0,0,0,467,467,0,464,0,0,0,462,0,462,0,460,460,460,456,456,0,0,435,435,435,0,432,432,432,432,432,0,0,0,0,0,0,0,421,421,0,413,413,0,413,413,0,0,0,411,411,411,0,0,0,0,0,409,0,409,409,0,0,0,0,397,397,393,393,393,393,393,393,0,0,0,0,0,0,0,0,0,0,0,0,0,0,0,0,379
easter-bunny-bear-3d-pop-up-card,12311819009,13,63,63,63,63,63,63,0,62,62,62,62,62,0,0,0,62,0,0,0,0,0,62,0,62,62,62,62,62,0,0,61,61,61,0,61,61,61,61,61,0,0,0,0,0,61,0,61,61,0,61,61,0,61,61,0,61,61,61,61,61,0,0,0,0,0,0,0,0,0,0,0,0,0,61,61,0,0,0,61,61,61,0,0,0,0,0,0,0,0,0,0,0,0,0,0,0,0,undefined
easter-bunny-pop-up-card,6735926145,10,0,0,0,0,0,0,0,0,0,0,0,0,0,0,0,0,0,0,0,0,0,0,0,0,0,0,0,0,0,0,98,98,98,0,98,98,98,98,98,0,0,0,0,0,0,0,98,98,0,98,98,0,98,98,0,98,98,0,0,0,0,0,0,0,0,98,0,98,98,0,0,0,0,0,0,0,0,0,98,98,98,0,0,0,0,0,0,0,0,0,0,0,0,0,385,385,0,undefined
easter-egg-hunt-3d-pop-up-card,12311980097,13,0,194,0,194,0,194,194,194,194,194,0,0,0,194,194,194,0,0,193,193,0,0,192,192,0,0,0,0,0,0,0,190,190,0,0,190,190,190,190,0,0,0,0,190,190,0,0,0,0,190,190,0,190,190,0,0,0,0,0,190,0,0,0,0,0,0,0,0,189,0,189,189,0,0,0,0,189,189,0,189,189,0,0,0,0,0,0,0,474,474,0,0,0,473,473,473,0,undefined
easter-pack-3d-pop-up-card,16438911297,29,0,0,0,0,0,0,0,0,0,0,0,0,0,0,0,0,0,0,0,0,0,0,0,0,37,37,0,0,0,0,37,37,37,0,37,37,0,0,0,0,0,36,0,0,36,0,36,36,0,36,36,0,35,35,0,35,35,0,0,0,0,35,35,0,0,35,0,0,0,0,0,0,0,0,0,34,34,34,0,0,0,0,0,0,0,0,0,0,0,34,0,0,0,0,34,34,0,undefined
elephant-family-pop-up-card,30552858125,13,983,983,0,976,976,976,0,971,963,963,963,963,0,809,0,0,791,791,785,785,0,0,0,0,0,734,0,0,0,0,0,555,555,548,548,548,0,541,541,497,497,497,491,491,491,0,0,0,471,471,471,454,454,454,0,448,448,445,445,445,0,442,442,0,0,0,436,436,436,402,402,402,0,311,311,0,292,292,0,0,0,245,245,245,0,228,228,0,0,0,0,0,0,0,448,448,NaN,NaN
everyday-card-5-pack,28539244365,56,24,24,23,23,23,23,23,23,0,21,0,21,0,19,0,18,18,18,16,16,0,0,0,13,13,13,0,13,0,0,0,0,6,0,4,4,4,4,4,0,1,1,0,0,0,0,0,1,1,1,1,0,0,0,0,0,0,0,0,0,0,0,0,0,0,0,0,0,0,0,0,0,0,0,0,0,0,0,0,0,0,0,0,0,0,0,0,0,0,0,0,0,0,0,0,0,0,0
excavator-3d-pop-up-card,38232429581,13,0,0,0,0,0,0,0,0,0,0,0,0,0,0,0,0,0,0,0,0,0,0,0,0,0,0,0,0,0,0,0,461,461,385,385,385,0,375,375,345,345,345,337,337,337,319,319,319,313,313,313,588,588,588,0,569,569,560,560,560,0,549,549,0,0,0,0,0,0,1640,1640,1640,0,1513,1513,0,0,1486,0,0,1432,1426,1426,1426,0,0,0,0,0,0,0,0,0,0,1308,1308,1306,1306
fairy-godmother-pop-up-card,2037804417,10,0,0,0,0,0,0,0,0,0,0,0,0,0,0,0,0,0,0,0,0,0,0,0,0,0,0,0,0,0,0,0,0,183,182,182,182,0,173,173,169,169,169,168,168,168,0,0,0,0,167,167,0,0,0,0,0,165,0,0,163,0,0,0,0,158,158,0,0,0,0,0,0,0,0,0,0,0,0,103,103,103,0,0,0,0,0,0,0,0,0,0,0,0,0,79,79,0,undefined
fall-bear,7244234113,13,564,564,564,564,564,564,564,564,0,0,0,564,0,564,0,0,564,564,564,564,0,564,0,562,561,561,0,0,0,0,0,560,560,0,0,0,560,560,560,0,560,560,0,560,560,0,0,0,0,560,560,0,560,560,560,560,560,0,0,0,0,0,0,560,560,560,0,0,560,0,553,553,0,0,553,0,0,0,0,0,0,0,0,0,0,0,0,0,552,552,0,0,0,552,552,552,0,undefined
family-photo-christmas-10-pack,28325509441,99,0,15,15,15,0,15,0,15,0,15,0,15,15,15,0,15,0,0,15,15,15,15,14,14,0,14,0,0,0,0,0,0,14,0,14,14,0,0,0,0,0,0,14,14,14,0,14,14,0,14,14,0,0,0,14,14,14,0,14,14,0,0,0,0,14,14,0,0,0,0,0,0,0,0,0,0,0,0,0,14,14,0,0,0,0,0,14,14,14,14,0,0,0,14,14,14,NaN,NaN
fancy-lobster-3d-pop-up-birthday-card,17985170881,13,0,0,0,0,0,0,0,0,0,0,0,0,0,0,0,0,0,0,0,0,0,0,0,0,0,0,0,0,0,0,0,0,0,0,0,0,0,0,0,0,0,0,0,0,0,412,412,412,409,409,409,404,404,404,396,396,396,392,392,392,390,390,390,387,387,387,0,0,0,375,375,375,0,321,321,0,311,311,0,0,0,0,0,0,0,0,0,0,0,0,0,0,0,0,0,0,NaN,NaN
faneuil-hall-pop-up-card,1095371813,13,710,710,710,710,0,710,0,710,0,710,710,710,709,709,0,0,0,685,684,684,684,684,0,0,0,0,0,0,0,0,640,640,640,0,640,640,0,640,640,0,633,633,0,633,633,633,633,633,0,0,633,633,633,633,0,0,0,0,633,633,0,633,633,0,0,0,0,0,0,0,633,633,633,633,633,0,0,0,0,0,0,0,0,0,0,0,0,0,0,0,0,0,0,0,0,NaN,0,0
festive-palm-tree-christmas-card,21602196801,13,0,637,0,636,0,636,635,635,634,634,0,634,0,634,634,634,633,633,631,631,0,631,630,630,0,629,0,0,0,0,0,627,627,0,0,620,0,619,619,0,617,617,0,617,617,0,616,616,0,0,609,0,601,601,0,600,600,0,0,0,0,0,0,0,0,0,0,598,598,0,0,598,0,0,598,598,598,598,0,0,0,0,0,0,0,597,597,0,0,0,0,0,0,0,0,0,0,591
fishing-bear-3d-pop-up-card,18669119425,13,2690,2690,0,2684,2683,2683,0,2677,2676,2676,2674,2674,0,0,0,2608,2606,2606,2600,2600,2596,2596,0,2553,0,2542,0,0,0,0,0,2347,2347,2327,2327,2327,0,2299,2299,2278,2278,2278,2268,2268,2268,2239,2239,2239,2218,2218,2218,2199,2199,2199,0,2189,2189,2175,2175,2175,0,0,0,0,0,0,2137,2137,2137,0,0,0,0,1910,1910,0,0,0,0,0,0,1798,1798,1798,0,0,0,0,0,1638,1635,1635,1635,0,1581,1581,1576,1576
floral-bouquet-grey-pop-up-card,6661357889,13,0,565,0,565,0,565,0,562,559,559,0,0,550,550,530,530,0,526,0,522,0,521,0,0,0,0,0,0,0,0,485,485,485,0,482,482,482,482,482,0,0,477,0,0,0,0,466,466,0,465,465,0,463,463,0,463,463,463,463,463,0,0,0,0,0,458,0,450,450,0,0,0,0,437,437,0,0,0,436,436,436,0,0,0,0,0,0,0,0,0,419,419,419,0,415,415,0,undefined
flower-bear-greeting-card,19570356801,13,2891,2891,0,2886,2886,2886,2883,2883,2877,2877,2876,2876,2872,2872,2830,2830,0,2825,0,2820,0,0,2799,2799,2795,2795,0,0,2773,2773,2694,2694,2694,2680,2680,2680,2678,2678,2678,2668,2668,2668,0,2663,2663,2659,2659,2659,2655,2655,2655,0,2644,2644,2644,2644,2644,0,2638,2638,2638,2638,2638,0,0,0,0,0,0,2616,2616,2616,0,0,0,0,0,0,2605,2605,2605,0,0,0,2581,2581,2581,0,0,0,0,0,0,0,0,0,NaN,NaN
flower-garden-love-pop-up-card,1330200833,10,3092,3092,0,3086,3086,3086,3079,3079,0,3074,3074,3074,3050,3050,2988,2988,0,2981,0,2978,0,0,2952,2952,0,0,0,0,0,0,2740,2740,2740,2724,2724,2724,2719,2719,2719,2679,2679,2679,0,2655,2655,2646,2646,2646,2640,2640,2640,0,2617,2617,2617,2617,2617,0,2607,2607,2607,2607,2607,2595,2595,2595,0,0,0,0,0,0,2462,2462,2462,0,0,0,2431,2431,2431,0,0,0,0,0,0,0,0,0,0,0,0,0,0,0,NaN,NaN
football-3d-pop-up-card,38674018509,13,0,0,0,0,0,0,0,0,0,0,0,0,0,0,0,0,0,0,0,0,0,0,0,0,0,0,0,0,0,0,0,0,0,0,0,0,0,1,1,255,255,255,231,231,231,1330,1330,1330,1309,1309,1309,1286,1286,1286,0,1272,1272,1263,1263,1263,0,0,0,0,0,0,1234,1234,1234,0,0,0,0,1031,1031,0,0,0,0,0,0,1758,1758,1758,0,1741,1741,0,0,0,0,0,0,0,0,0,NaN,NaN
forest-noel-3d-pop-up-christmas-card,10492706497,13,271,271,270,270,0,270,0,0,0,269,0,0,0,269,269,269,0,269,0,269,0,269,0,268,0,268,0,0,0,0,267,267,267,0,267,267,0,267,267,0,267,267,0,267,267,0,0,0,0,0,267,0,0,0,0,0,0,0,0,0,0,267,267,0,0,0,0,0,0,0,0,0,0,0,0,0,252,252,0,0,0,0,0,0,0,0,0,0,0,0,0,0,0,0,0,NaN,0,0
french-flower-cart-3d-pop-up-love-card,10683955841,13,0,0,0,0,0,0,0,0,0,0,0,0,0,0,0,0,0,0,0,0,0,0,0,0,0,0,0,0,0,0,0,0,0,0,0,0,0,0,0,0,0,0,0,0,0,0,0,0,0,78,78,0,0,76,0,0,74,0,0,0,0,0,0,0,0,0,0,60,60,0,0,0,0,47,47,40,40,40,0,0,0,0,0,0,30,30,30,21,21,21,0,0,0,0,0,0,NaN,NaN
game-controller,38956562381,13,0,0,0,0,0,0,0,0,0,0,0,0,0,0,0,0,0,0,0,0,0,0,0,0,0,0,0,0,0,0,0,0,0,0,0,0,0,0,0,0,0,0,0,0,0,0,0,0,0,0,0,0,0,0,0,0,0,0,0,0,0,0,0,0,0,0,0,0,0,0,0,0,0,0,0,0,0,0,0,0,0,0,883,883,0,0,0,0,1350,1350,0,0,0,0,0,NaN,0,0
gingerbread-house-christmas-card,21793329665,13,0,2843,0,2842,0,2842,2842,2842,2842,2842,0,2842,0,2841,2841,2841,2841,2841,2841,2841,0,0,0,2837,0,0,0,2830,0,0,0,2828,2828,0,0,2825,2825,2825,2825,0,2823,2823,0,0,0,0,0,2815,0,2815,2815,0,0,0,2815,2815,2815,0,2813,2813,2813,2813,2813,0,0,0,0,0,2811,0,2798,2798,0,0,0,0,0,0,0,2795,2795,0,0,0,0,0,0,0,0,0,0,0,0,0,0,0,0,undefined
giraffe-family-pop-up-card,3308268097,10,0,0,0,0,0,0,0,0,0,0,0,0,0,0,0,0,0,0,0,0,0,0,0,0,0,0,0,0,0,0,0,0,0,0,0,0,0,0,0,0,0,0,0,0,0,0,0,77,0,75,75,0,0,0,0,0,0,0,0,0,0,0,0,0,57,57,0,0,0,0,0,0,0,36,36,0,0,0,0,28,28,0,25,25,24,24,24,0,0,0,0,0,0,0,8,8,NaN,NaN
girls-night-out-3d-pop-up-valentines-day-card,11570926913,13,211,211,211,211,211,211,211,211,0,211,0,211,0,211,0,0,210,210,210,210,0,0,0,210,0,0,0,209,0,0,0,201,201,0,0,200,200,200,200,0,194,194,0,193,193,0,0,0,0,192,192,0,0,0,0,0,0,0,188,188,188,188,188,0,0,0,0,0,185,0,0,0,0,0,0,0,182,182,0,182,182,0,0,0,0,0,0,0,0,0,0,0,0,181,181,181,0,undefined
gma-every-day-collection-steals-and-deals,18090297089,49,0,33,0,33,0,33,0,33,33,33,33,33,33,33,33,33,0,0,0,0,33,33,0,33,0,0,0,0,0,0,0,31,31,0,31,31,31,31,31,31,31,31,0,0,30,0,30,30,0,30,30,0,30,30,0,0,0,0,0,0,0,0,0,0,0,28,0,0,0,0,0,0,0,28,28,0,0,0,28,28,28,0,0,0,0,0,0,26,26,26,0,26,26,0,0,0,NaN,NaN
gold-birthday-bear-3d-pop-up-birthday-card,12311303297,13,0,0,0,0,0,0,0,0,0,0,0,0,0,0,0,0,0,0,0,0,0,0,0,0,0,0,0,0,0,0,0,0,0,0,0,0,0,0,0,0,0,0,0,0,123,119,119,119,108,108,108,0,0,101,0,0,100,0,0,0,0,0,0,0,0,0,0,0,80,0,73,73,74,74,74,69,69,69,0,65,65,0,0,0,0,0,0,0,0,0,0,0,0,0,NaN,NaN,0,0
gold-christmas-tree-pop-up-holiday-card,8205056321,13,0,0,0,0,0,0,0,0,0,0,0,0,0,0,0,0,0,0,0,0,0,0,0,0,0,0,0,0,0,0,0,0,0,0,0,0,0,0,0,0,0,0,0,0,0,0,0,0,0,0,0,0,0,0,0,0,0,0,0,0,0,0,0,0,0,0,0,0,0,0,0,0,0,0,0,0,0,0,0,0,0,0,0,0,0,0,0,0,0,0,0,0,0,0,0,NaN,0,0
golf-pop-up-card,18579925441,13,3793,3793,0,3789,3788,3788,0,3769,3760,3760,3760,3760,0,3656,0,0,3639,3639,0,0,3618,3618,0,3586,0,3577,0,0,0,0,0,3333,3333,3307,3307,3307,0,3285,3285,3252,3252,3252,3242,3242,3242,3212,3212,3212,3201,3201,3201,3165,3165,3165,0,3138,3138,3126,3126,3126,0,3098,3098,0,0,0,3060,3060,3060,2900,2900,2900,0,2769,2769,0,0,0,0,0,0,2663,2663,2663,0,0,0,0,0,0,0,0,0,0,2504,2504,NaN,NaN
gondola-love-scene-pop-up-card,30412739725,15,0,0,0,0,0,0,0,0,0,0,0,0,0,0,0,0,0,0,0,0,0,0,0,0,0,0,0,0,0,0,0,0,0,0,0,0,0,0,0,0,0,0,0,0,0,0,0,0,0,0,0,0,0,0,0,0,0,0,0,0,0,0,0,0,0,0,0,0,0,0,0,0,0,0,0,0,0,0,0,0,0,0,0,0,0,0,0,376,376,376,0,0,0,0,372,372,372,372
graduation-hats-black-3d-pop-up-graduation-card,19454645185,10,0,633,0,629,0,627,0,612,594,594,0,0,0,0,226,226,0,0,0,117,117,117,0,0,0,0,0,0,0,0,0,265,265,255,255,255,0,246,246,0,0,0,228,228,228,222,222,222,218,218,218,205,205,205,0,194,194,189,189,189,0,188,188,0,0,0,182,182,182,168,168,168,0,156,156,0,145,145,0,0,0,132,132,132,0,127,127,0,0,0,0,0,0,0,689,689,NaN,NaN
graduation-hats-blue-3d-pop-up-graduation-card,18486110657,10,0,0,0,0,0,0,0,0,0,0,0,0,0,0,0,0,0,0,0,0,0,0,180,180,174,174,0,0,0,0,412,412,412,0,406,406,405,405,405,0,0,0,0,0,392,0,392,392,0,0,0,0,411,411,0,411,411,0,0,0,0,0,0,0,0,405,0,404,404,0,0,393,0,0,389,387,387,387,386,386,386,0,0,0,0,378,378,0,0,0,368,368,368,0,0,0,0,undefined
graduation-hats-gold-3d-pop-up-graduation-card,18585264961,10,0,122,121,121,0,119,116,116,0,112,0,112,0,106,0,101,0,94,0,0,0,88,0,0,0,76,0,0,66,66,52,52,52,48,48,48,0,43,43,0,37,37,0,35,35,0,33,33,0,0,70,70,70,70,0,70,70,0,69,69,0,69,69,0,68,68,0,354,354,0,351,351,351,351,351,0,349,349,0,0,0,0,0,0,0,0,0,0,0,0,0,0,0,0,0,0,0,undefined
graduation-hats-green-3d-pop-up-graduation-card,18585681857,10,528,528,526,526,525,525,523,523,0,517,0,517,0,470,0,462,456,456,0,0,0,450,0,0,0,0,0,0,0,0,0,406,406,405,405,405,0,402,402,0,0,391,391,391,391,388,388,388,387,387,387,0,0,0,424,424,424,0,423,423,423,423,423,421,421,421,0,0,0,0,0,396,396,396,396,0,0,0,390,390,390,0,0,0,389,389,389,0,0,0,0,0,0,0,0,0,0,undefined
graduation-hats-orange-3d-pop-up-graduation-card,18485980417,10,0,474,474,474,0,472,468,468,0,465,0,465,0,463,0,462,0,0,0,460,0,0,0,453,0,453,0,0,449,449,434,434,434,434,434,434,0,0,0,0,432,432,0,0,0,0,430,430,0,0,0,455,455,455,0,453,453,0,452,452,0,451,451,0,448,448,0,447,447,0,0,0,0,0,0,0,0,0,0,0,0,0,0,0,0,0,0,0,0,0,0,0,0,0,0,0,0,undefined
graduation-hats-red-3d-pop-up-graduation-card,18486212801,10,0,0,0,0,0,0,0,0,0,0,0,0,0,0,0,0,0,0,0,0,0,0,431,431,0,0,0,0,0,0,384,384,384,0,376,376,375,375,375,0,0,0,0,0,0,0,349,349,0,368,368,0,0,0,0,362,362,0,0,359,0,359,359,0,0,356,0,356,356,0,0,0,0,0,0,0,0,0,338,338,338,0,0,0,0,0,0,0,0,0,325,325,325,0,0,0,0,undefined
graduation-owl-pop-up-card,2037836033,10,386,386,0,384,384,384,379,379,0,372,0,0,369,369,237,237,0,168,0,0,165,165,157,157,0,0,0,0,0,0,114,114,114,110,110,110,0,107,107,0,97,97,97,97,97,95,95,95,95,95,95,0,94,94,94,94,94,0,94,94,94,94,94,93,93,93,0,0,0,0,0,0,0,0,0,0,0,0,0,0,0,0,0,0,71,71,71,0,0,0,0,0,0,643,643,643,0,undefined
hammock-girl-pop-up-card,6661268289,13,0,0,0,0,0,0,0,0,0,0,0,0,0,0,0,0,0,0,0,0,0,0,0,0,0,0,0,0,0,0,0,0,0,0,0,0,0,0,0,0,0,0,0,0,0,0,0,0,0,0,0,0,0,0,0,0,0,0,0,0,0,0,0,0,0,0,0,0,0,0,0,0,0,0,0,0,0,0,223,223,223,0,0,0,0,0,0,0,214,214,0,0,0,0,0,NaN,0,0
hammock-guy-pop-up-card,4863035137,13,0,0,0,0,0,0,0,0,0,0,0,0,0,0,0,0,0,0,0,0,0,0,0,0,0,0,0,0,0,0,0,0,0,0,0,0,0,0,0,0,0,0,0,0,0,0,0,0,0,0,0,0,0,0,0,0,0,0,0,0,0,0,0,0,0,0,0,0,0,0,0,0,0,0,0,0,0,0,0,0,0,0,0,0,0,0,0,0,0,0,0,0,0,0,0,NaN,0,0
hanukkah-menorah-pop-up-card,1095371693,13,0,203,203,203,0,202,0,199,0,198,0,0,198,198,0,0,0,192,0,0,192,192,192,192,0,192,0,0,0,0,177,177,177,0,174,174,0,174,174,0,174,174,0,0,0,173,173,173,0,0,0,0,0,0,0,0,0,0,172,172,0,0,0,0,172,172,172,172,172,171,171,171,0,0,0,0,0,0,0,0,164,0,0,0,0,0,0,0,0,0,0,0,0,0,0,NaN,0,0
haunted-house,7243970625,13,0,42,42,42,0,0,41,41,0,39,0,39,0,38,0,36,0,0,35,35,0,35,35,35,0,0,0,0,0,0,29,29,29,0,20,20,20,20,20,0,0,0,0,0,0,0,0,0,0,0,39,0,0,39,0,0,0,0,0,0,0,0,0,0,0,0,0,0,0,0,0,0,36,36,36,0,0,0,0,0,0,0,26,26,0,0,0,0,0,0,0,0,0,0,312,312,0,0
heart-bench-pop-up-card,1095371789,13,0,0,0,0,0,0,0,0,0,0,0,0,0,0,0,0,0,0,0,0,0,0,0,0,0,0,0,0,0,0,0,0,443,443,443,443,0,0,0,433,433,433,432,432,432,0,0,0,0,423,423,0,0,418,0,0,415,0,0,414,0,0,413,0,411,411,411,411,411,0,0,0,0,0,0,0,0,0,366,366,366,0,0,0,0,340,340,0,0,0,336,336,336,0,0,0,0,undefined
hedgehog-pop-up-card,30412169549,13,0,0,0,0,0,0,0,0,0,0,0,0,0,0,0,0,0,0,0,0,0,0,0,0,0,0,0,0,0,0,0,0,289,287,287,287,0,275,275,0,0,238,0,0,0,0,0,223,223,223,223,0,214,214,213,213,213,0,0,0,211,211,211,0,0,0,0,0,0,0,0,0,0,156,156,0,0,0,0,0,0,0,0,0,0,0,0,0,0,0,0,0,0,66,66,66,0,undefined
holiday-cactus-pop-up-card,21870768449,13,0,592,0,0,0,592,592,592,0,0,0,0,0,592,592,592,592,592,592,592,0,592,591,591,0,0,0,0,0,0,0,587,587,0,587,587,587,587,587,587,587,587,0,586,586,0,585,585,0,0,0,0,585,585,0,584,584,583,583,583,0,0,0,0,0,0,0,583,583,0,0,582,0,0,0,582,582,582,0,0,0,0,582,582,0,581,581,0,579,579,0,0,0,0,0,0,0,undefined
holiday-caddy,7244234753,13,0,1008,0,1008,0,1008,1008,1008,1008,1008,0,1008,0,1008,1008,1008,1008,1008,0,0,0,0,0,0,0,0,0,0,0,0,1004,1004,1004,0,1004,1004,1004,1004,1004,1004,1004,1004,0,1004,1004,0,1004,1004,0,0,0,0,1004,1004,0,1004,1004,1004,1004,1004,0,0,0,1004,1004,1004,0,1004,1004,0,0,0,0,0,0,0,0,0,0,0,0,0,1004,1004,0,0,0,0,0,0,0,0,0,0,0,0,0,undefined
holiday-forest-12-pack-holiday-christmas-pop-up-cards,10694150273,99,0,17,0,17,0,17,0,17,17,17,17,17,17,17,17,17,0,16,0,16,16,16,0,0,16,16,0,0,0,0,0,14,14,0,14,14,13,13,13,13,13,13,0,13,13,0,0,0,0,12,12,0,12,12,0,12,12,0,0,0,0,12,12,0,0,12,0,0,0,0,0,0,12,12,12,0,11,11,0,11,11,0,0,0,0,0,0,10,10,10,0,0,0,0,0,0,9,9
holiday-moose-pop-up-card,21870730241,13,0,382,0,382,0,382,382,382,382,382,0,382,0,382,0,0,382,382,381,381,0,381,0,0,0,0,0,0,0,0,0,377,377,0,376,376,376,376,376,376,376,376,0,376,376,0,376,376,0,0,0,0,0,0,0,375,375,374,374,374,0,0,374,374,374,374,0,0,0,0,0,373,0,0,0,373,373,373,0,0,0,0,0,0,0,0,0,0,0,0,0,0,0,0,0,0,0,undefined
holiday-train-xmas-card,21869598145,13,0,3337,3337,3337,3337,3337,3337,3337,0,0,0,3335,0,3333,3333,3333,0,0,3333,3333,0,0,0,3329,3329,3329,0,0,0,0,0,3231,3231,0,0,3196,3196,3196,3196,0,3195,3195,0,3195,3195,0,0,0,0,3187,3187,0,0,0,0,0,0,0,0,0,3186,3186,3186,0,0,0,0,0,0,0,0,0,0,0,3183,0,3183,3183,0,0,0,0,0,0,0,0,0,0,0,0,0,0,0,0,0,0,0,3164
horses-running-pop-up-card,1095372857,13,0,0,0,0,0,0,0,0,0,0,0,0,0,0,0,0,0,0,0,0,0,0,0,0,0,0,0,0,0,0,0,0,0,0,0,0,0,0,0,0,0,0,0,0,0,0,0,0,0,0,0,0,0,0,0,0,0,0,0,0,0,0,0,0,0,0,0,0,0,0,0,0,0,0,0,0,0,0,0,0,0,0,0,0,0,0,0,0,109,109,0,87,87,0,0,NaN,0,0
hot-dog-stand-3d-pop-up-card,28920822989,13,287,287,287,287,286,286,286,286,0,286,0,285,0,247,0,247,246,246,240,240,0,240,0,0,230,230,0,0,0,0,0,178,178,178,178,178,0,176,176,0,0,0,0,0,0,0,0,165,165,165,165,0,160,160,0,0,0,0,157,157,157,157,157,0,0,0,0,0,0,0,0,147,0,147,147,0,0,0,146,146,146,0,0,0,142,142,142,0,0,0,0,0,0,136,136,136,0,undefined
house-for-sale-3d-pop-up-housewarming-card,18485046849,15,0,86,0,85,0,85,0,83,82,82,81,81,0,0,73,73,0,0,0,62,0,0,0,55,54,54,0,0,0,0,0,32,32,0,32,32,31,31,31,0,0,0,0,0,19,0,11,11,0,330,330,0,319,319,0,317,317,317,317,317,0,0,0,0,0,0,0,0,0,0,0,301,0,0,0,292,292,292,0,0,0,0,0,0,0,0,0,256,256,256,0,256,256,0,0,0,253,253
housewarming-gray-3d-pop-up-housewarming-card,18577400129,13,0,361,361,361,0,360,0,359,359,359,358,358,351,351,327,327,0,320,0,317,316,316,0,0,0,0,303,303,0,0,0,265,265,0,263,263,0,0,0,0,0,0,253,253,253,0,187,187,0,760,760,0,0,0,0,0,0,0,756,756,0,0,0,0,755,755,0,0,0,0,0,0,740,740,740,0,737,737,0,710,710,696,696,696,0,0,0,687,687,687,0,686,686,678,678,678,678,678
jack-o-lantern-pop-up-card,7244239169,10,0,1051,1051,1051,1051,1051,1050,1050,0,1050,0,1050,0,0,0,1049,0,1049,0,1049,0,0,0,1048,0,1046,0,0,0,0,1021,1021,1021,0,1020,1020,1020,1020,1020,1019,1019,1019,0,1012,1012,0,1012,1012,0,0,1012,0,0,0,0,1011,1011,1011,1011,1011,0,0,1010,0,0,0,0,1010,1010,0,0,0,0,0,0,1009,1009,1009,0,0,0,0,1009,1009,0,1009,1009,0,0,0,0,0,0,0,0,0,0,undefined
jamaican-flag-3d-pop-up-greeting-card,10438102017,10,0,226,226,226,0,225,0,0,0,225,0,225,0,0,0,217,0,217,0,0,0,216,0,216,0,216,0,0,216,216,216,216,216,216,216,216,0,216,216,0,0,0,0,0,0,0,216,216,0,0,0,216,216,216,0,216,216,0,216,216,0,216,216,0,216,216,0,216,216,0,0,0,0,0,0,216,216,216,0,0,0,0,216,216,0,0,0,0,0,0,0,0,0,0,0,0,0,undefined
jesus-3d-pop-up-easter-card,12311706177,13,599,599,599,599,599,599,598,598,0,598,0,0,0,591,0,591,591,591,0,0,0,591,0,0,0,0,0,0,0,0,0,0,581,581,581,581,0,580,580,0,0,579,579,579,579,0,0,572,572,572,572,0,596,596,596,596,596,0,0,0,596,596,596,596,596,596,0,0,592,0,592,592,0,0,0,0,592,592,0,0,0,0,0,0,0,0,0,0,0,0,0,0,0,586,586,586,0,585
jungle-animals-pop-up-card,3308269505,13,0,0,0,0,0,0,0,0,0,0,0,0,77,77,0,0,0,0,0,63,0,62,0,0,44,44,0,0,0,0,0,0,0,0,0,0,0,0,0,0,0,0,0,0,567,0,0,565,0,0,0,0,0,562,0,0,0,0,0,558,0,0,558,0,0,0,0,0,0,0,508,508,0,507,507,0,0,0,0,448,448,0,0,0,443,443,443,0,0,0,0,0,0,0,430,430,NaN,NaN
kangaroos-pop-up-card,1194513433,10,0,0,0,0,0,0,0,0,0,0,0,0,0,0,0,0,0,0,0,0,0,0,0,0,0,0,0,0,0,0,0,0,0,0,0,0,0,0,0,0,0,0,0,0,0,0,0,0,0,0,0,0,0,0,0,0,0,0,0,0,0,0,0,0,0,0,0,0,0,0,272,272,272,272,272,0,0,0,271,271,271,0,0,0,0,0,0,0,0,0,0,0,0,0,0,NaN,0,0
kevin-o-leary-shark-tank-pop-up-card,10715810433,10,282,282,282,282,282,282,282,282,0,0,0,281,0,280,0,0,0,0,276,276,0,0,0,271,271,271,0,0,0,0,0,0,263,0,0,261,261,261,261,0,261,261,0,247,247,0,0,246,0,246,246,0,246,246,246,246,246,0,0,0,246,246,246,246,246,246,0,0,246,0,0,0,0,0,0,0,0,0,0,245,245,0,0,0,0,0,0,0,0,0,0,0,0,241,241,241,0,237
las-vegas-dice-pop-up-card,5461586497,10,0,388,388,388,387,387,387,387,0,387,0,387,0,387,0,387,0,387,0,387,0,386,0,385,0,0,0,0,385,385,383,383,383,0,383,383,383,383,383,0,0,0,0,0,0,0,0,0,0,0,0,0,0,383,0,383,383,0,0,0,0,0,0,0,383,383,0,382,382,0,0,382,0,0,0,0,0,0,0,0,0,0,0,0,0,0,0,0,380,380,0,0,0,0,0,0,0,undefined
las-vegas-showgirl-pop-up-card,5461586561,10,0,683,683,683,683,683,683,683,0,682,0,682,0,682,0,681,0,681,0,681,0,681,0,0,0,0,0,0,680,680,676,676,676,0,676,676,676,676,676,675,675,675,0,674,674,0,672,672,0,0,671,0,0,0,0,0,0,0,0,0,0,0,670,0,670,670,0,0,0,0,0,0,0,0,0,670,670,670,0,0,0,0,670,670,0,0,0,0,670,670,0,0,0,0,0,0,0,undefined
las-vegas-sign-pop-up-card,5461586689,13,0,488,487,487,0,487,0,487,487,487,487,487,480,480,478,478,0,0,0,473,473,473,0,0,0,0,0,0,0,0,0,447,447,0,446,446,0,0,444,0,440,440,440,440,440,0,0,0,0,434,434,0,0,430,0,0,0,0,427,427,0,0,423,0,422,422,422,422,422,420,420,420,409,409,409,0,407,407,0,407,407,406,406,406,0,0,0,0,0,0,0,0,0,0,0,0,NaN,NaN
laughing-buddha-pop-up-card,30860300557,13,221,221,221,221,220,220,218,218,0,218,0,218,0,186,0,0,183,183,181,181,0,0,0,0,175,175,0,0,0,0,0,152,152,146,146,146,0,145,145,0,138,138,137,137,137,136,136,136,136,136,136,0,998,998,998,998,998,0,997,997,996,996,996,996,996,996,0,0,0,995,995,995,0,0,0,0,0,0,972,972,972,0,0,0,957,957,957,0,0,0,0,0,0,948,948,948,0,undefined
lawn-mower,38672745421,13,0,0,0,0,0,0,0,0,0,0,0,0,0,0,0,0,0,0,0,0,0,0,0,0,0,0,0,0,0,0,0,0,0,0,0,0,0,0,628,596,596,596,0,0,0,829,829,829,812,812,812,0,0,0,0,780,780,772,772,772,0,762,762,0,0,0,751,751,751,0,0,0,0,550,550,0,0,0,0,0,0,332,332,332,0,0,0,0,0,0,0,0,0,0,0,0,0,0
lawn-mower-pop-up-card,38672745421,13,0,0,0,0,0,0,0,0,0,0,0,0,0,0,0,0,0,0,0,0,0,0,0,0,0,0,0,0,0,0,0,0,0,0,0,0,0,0,0,0,0,0,0,0,0,0,0,0,0,0,0,0,0,0,0,0,0,0,0,0,0,0,0,0,0,0,0,0,0,0,0,0,0,0,0,0,0,0,0,0,0,0,0,0,0,0,0,0,0,0,1361,1361,1361,0,0,0,1331,1331
leprechaun-3d-pop-up-st-patricks-day-greeting-card,11941878145,10,925,925,924,924,924,924,0,0,0,924,0,924,0,921,0,921,921,921,0,0,920,920,920,920,0,0,920,920,0,0,0,915,915,915,915,915,0,915,915,0,914,914,914,914,914,907,907,907,907,907,907,0,906,906,905,905,905,0,905,905,0,0,0,0,0,0,0,0,0,905,905,905,0,0,0,0,0,903,0,0,0,0,0,0,903,903,903,0,0,0,0,0,0,0,0,0,0,undefined
log-cabin-3d-pop-up-card,32653903053,13,136,136,0,130,130,130,0,118,117,117,117,117,0,109,0,106,104,104,100,100,0,0,0,649,0,647,0,1215,0,0,0,1179,1179,1168,1168,1168,0,1163,1163,1150,1150,1150,1145,1145,1145,1138,1138,1138,1136,1136,1136,1128,1128,1128,1127,1127,1127,1123,1123,1123,1122,1122,1122,1118,1118,1118,1115,1115,1115,1086,1086,1086,0,1060,1060,0,0,0,0,0,1019,1017,1017,1017,0,1005,1005,0,0,0,0,0,0,0,0,0,NaN,NaN
love-bear-valentines-day-3d-pop-up-card,10684538177,13,73,73,0,71,70,70,0,0,0,53,53,53,47,47,39,39,0,32,0,0,30,30,16,16,0,0,0,0,0,0,0,398,398,399,399,399,0,384,384,380,380,380,377,377,377,360,360,360,349,349,349,333,333,333,0,324,324,0,0,0,0,0,0,0,0,0,0,0,0,0,0,0,0,0,0,0,179,179,0,0,0,0,0,0,0,109,109,0,0,0,96,96,96,0,0,0,NaN,NaN
love-cupcake-pop-up-card,30411995853,13,0,0,0,0,0,0,0,0,0,0,0,0,0,0,0,0,0,0,0,0,0,0,0,0,0,0,0,0,0,0,0,0,170,170,170,170,0,168,168,0,0,0,158,158,158,0,0,150,0,148,148,0,0,144,0,0,0,0,0,0,0,0,0,0,0,0,141,141,141,0,135,135,0,128,128,126,126,126,0,0,0,0,0,0,0,410,410,0,0,0,404,404,404,0,NaN,NaN,0,0
love-explosion-pop-up-valentines-day-card,10684679425,10,0,0,0,0,0,0,0,0,0,0,0,0,0,0,0,0,0,0,0,0,0,0,0,0,0,0,0,0,0,0,0,0,0,0,0,0,0,0,0,0,0,0,0,0,0,0,0,351,0,350,350,0,0,0,0,0,335,0,0,335,0,0,0,0,0,0,0,332,332,0,0,0,0,314,314,307,307,307,0,303,303,0,0,0,294,294,294,0,0,0,0,0,0,0,0,0,NaN,NaN
love-toaster-3d-pop-up-valentines-day-card,11571135809,10,0,0,0,0,0,0,0,0,0,0,0,0,0,0,0,0,0,0,0,0,0,0,0,0,0,0,0,0,0,0,0,0,0,0,0,0,0,0,0,0,0,0,0,0,169,169,169,169,168,168,168,0,0,165,0,0,164,0,0,0,0,0,0,0,0,0,0,153,153,0,149,149,0,148,148,0,0,0,0,142,142,0,138,138,0,0,0,0,0,0,0,0,0,0,0,0,128,128
lovebirds-3d-pop-up-love-card,10684586177,13,0,0,0,0,0,0,0,0,0,0,0,0,0,0,0,0,0,0,0,0,0,0,0,0,0,0,0,0,0,0,0,0,0,439,439,439,0,436,436,431,431,431,428,428,428,0,0,418,0,417,417,0,0,411,0,0,410,0,0,0,0,0,0,0,0,0,403,403,403,0,334,334,0,0,0,0,0,0,329,329,329,0,0,0,0,0,0,0,0,0,224,224,224,0,0,0,0,undefined
lovepop-birthday-cake-pop-up-card,1095371793,10,2088,2088,0,2070,2070,2070,0,2033,2009,2009,2001,2001,0,0,1738,1738,1712,1712,0,0,0,0,0,1596,0,1579,0,0,0,0,1332,1332,1332,1841,1841,1841,1827,1827,1827,1744,1744,1744,0,1705,1705,2548,2548,2548,2511,2511,2511,2443,2443,2443,2432,2432,2432,2394,2394,2394,0,0,0,2360,2360,2360,2351,2351,2351,0,0,0,0,2111,2111,0,2053,2053,2049,2049,2049,0,0,0,0,1936,1936,1861,1861,1861,0,0,0,0,0,0,NaN,NaN
lovers-dogwood-tree-pink-pop-up-card,1095371505,10,0,0,0,0,0,0,0,0,0,0,0,0,0,0,0,0,0,0,0,0,0,0,0,0,0,0,0,0,0,0,0,139,139,0,0,0,0,0,0,0,0,0,0,0,107,0,102,102,0,0,0,0,0,0,0,88,88,0,0,79,0,79,79,0,0,75,0,0,0,0,0,0,0,0,0,49,49,49,46,46,46,0,0,0,0,0,0,0,0,0,0,0,0,0,0,0,0,undefined
lovers-dogwood-tree-yellow-pop-up-card,6661436097,10,583,583,578,578,577,577,0,0,0,547,0,542,0,413,0,397,389,389,376,376,0,369,353,353,343,343,325,325,0,0,0,243,243,233,233,233,0,227,227,0,218,218,217,217,217,209,209,209,202,202,202,0,199,199,197,197,197,0,192,192,0,0,0,182,182,182,0,0,0,0,0,0,0,0,0,0,0,139,0,0,0,0,0,0,0,0,0,0,0,0,0,122,122,0,0,0,0,undefined
lovers-in-a-dogwood-tree-brown-wedding-card,21976583617,10,0,0,0,0,0,0,0,0,0,0,0,0,0,0,0,0,0,0,0,0,0,0,0,0,0,0,0,0,0,0,0,0,0,0,0,0,0,0,0,0,0,0,0,0,0,0,0,0,0,0,0,0,0,0,0,0,0,0,0,0,0,0,0,0,0,0,0,0,0,0,0,0,0,0,0,0,0,0,0,0,0,0,0,0,0,0,127,0,0,0,116,116,116,0,0,0,NaN,NaN
lovers-in-a-dogwood-tree-gray,20738411457,10,0,0,0,0,0,0,0,0,0,0,0,0,0,0,0,0,0,0,0,0,0,0,0,0,0,0,0,0,0,0,0,0,0,0,0,0,0,0,0,0,0,0,0,0,406,406,406,406,402,402,402,0,0,397,0,0,395,0,0,392,0,392,392,0,388,388,0,0,383,0,347,347,0,345,345,343,343,343,0,0,0,0,0,0,311,311,311,0,0,0,0,0,0,0,NaN,NaN,0,0
lovers-in-a-dogwood-tree-male-3d-pop-up-gay-valentines-day-card,11643340737,10,0,0,0,0,0,0,0,0,0,0,0,0,0,0,0,0,0,0,0,0,0,0,0,0,0,0,0,0,0,0,0,964,964,964,964,964,0,961,961,0,955,955,955,955,955,954,954,954,952,952,952,0,946,946,0,0,0,0,944,944,944,944,944,0,0,0,0,0,941,941,941,941,0,0,0,0,0,0,928,928,928,0,0,0,921,921,921,0,0,0,0,917,917,0,0,0,0,undefined
lovers-in-a-dogwood-tree-pop-up-lesbian-greeting-card,11643851265,10,0,0,0,0,0,0,0,0,0,0,0,0,0,0,0,0,0,0,0,0,0,0,0,0,0,0,0,0,0,0,0,0,0,0,0,0,0,0,0,0,0,0,0,0,188,188,188,188,188,188,188,0,0,0,0,0,0,0,0,0,0,0,0,0,0,0,0,183,183,0,0,0,0,167,167,167,167,167,0,160,160,0,157,157,0,0,0,0,0,0,0,0,0,0,NaN,NaN,0,0
lucky-cat-pop-up-card,32652152141,13,707,707,0,704,704,704,703,703,0,700,700,700,696,696,627,627,0,620,0,619,0,0,603,603,0,0,0,586,0,0,0,538,538,530,530,530,0,528,528,0,514,514,514,514,514,508,508,508,0,0,0,0,494,494,493,493,493,0,488,488,488,488,488,0,0,0,0,0,0,467,467,467,0,0,0,0,0,436,0,0,0,0,425,425,423,423,423,0,0,0,0,413,413,411,411,411,0,411
lucky-clover-3d-pop-up-st-patricks-day-greeting-card,11970182273,10,0,1338,0,1337,0,1335,0,1334,1333,1333,1333,1333,1331,1331,0,0,1329,1329,0,1327,1327,1327,0,1326,1326,1326,0,0,0,0,0,1300,1300,0,1299,1299,0,0,1297,0,1297,1297,1297,1297,1297,0,1294,1294,0,1294,1294,0,0,0,0,1289,1289,0,1289,1289,0,0,1287,0,1287,1287,0,0,0,1286,1286,1286,1286,1286,1286,0,0,0,0,1286,1286,1284,1284,1284,0,0,0,0,0,0,0,1280,1280,0,0,0,1279,1279
magnolia-tree-3d-pop-up-love-card,10683955905,13,299,299,0,295,295,295,291,291,277,277,277,277,270,270,139,139,0,0,0,127,126,126,0,0,0,0,0,0,0,0,38,38,38,596,596,596,594,594,594,571,571,571,0,565,565,0,0,0,555,555,555,547,547,547,544,544,544,540,540,540,536,536,536,534,534,534,529,529,529,0,0,0,0,462,462,0,0,0,0,0,0,0,0,0,0,398,398,0,0,0,0,0,0,0,0,0,NaN,NaN
manger-nativity-pop-up-christmas-card,21802648321,13,3768,3768,3768,3768,0,3768,0,3768,0,3768,3768,3768,3768,3768,0,0,0,3767,0,0,0,3767,0,3767,0,0,0,0,0,0,3763,3763,3763,0,3763,3763,0,3763,3763,0,3762,3762,0,3755,3755,0,3755,3755,0,0,3755,0,0,0,0,0,0,0,3755,3755,0,3753,3753,0,3752,3752,0,0,0,0,3751,3751,0,0,0,0,3751,3751,0,0,0,0,0,0,0,0,3743,0,0,0,0,0,0,0,0,NaN,0,0
mayflower-ship-3d-pop-up-card,22637467137,13,111,111,0,110,110,110,0,104,104,104,104,104,0,0,0,0,101,101,101,101,101,101,0,0,0,90,0,88,0,78,0,71,71,64,64,64,0,62,62,59,59,59,59,59,59,58,58,58,57,57,57,47,47,47,47,47,47,44,44,44,44,44,44,42,42,42,42,42,42,0,0,0,0,0,0,0,0,0,0,0,0,0,NaN,NaN,0,0,0,0,0,0,0,0,0,0,0,0,0,0
mermaid-3d-pop-up-birthday-card,11122396353,10,0,0,0,0,0,0,0,0,0,0,0,0,109,109,0,0,0,0,0,0,0,0,0,0,0,0,0,0,0,0,0,0,156,155,155,155,0,132,132,97,97,97,0,0,0,0,0,78,0,67,67,0,0,54,0,0,50,0,0,47,0,0,0,0,40,40,40,40,40,0,0,0,0,0,0,0,0,0,0,0,0,0,0,0,0,0,177,0,0,0,0,0,0,0,0,NaN,0,0
money-tree-birthday-card,10506322049,13,121,121,117,117,0,0,0,107,102,102,102,102,98,98,0,0,0,0,0,0,0,0,0,0,0,0,0,0,0,0,0,0,0,0,0,0,0,0,133,127,127,127,126,126,126,0,0,104,0,102,102,0,0,75,0,0,0,0,0,63,0,0,0,0,57,57,0,0,0,0,34,34,0,19,19,0,0,0,0,0,0,0,0,0,0,0,0,0,0,0,0,0,0,0,0,0,0,0
nativity-christmas-card,7244234945,13,0,1330,0,1329,0,1327,1327,1327,1323,1323,0,1323,0,1322,1322,1322,1320,1320,0,0,0,1319,1319,1319,0,1318,0,0,0,0,0,1243,1243,0,0,1234,1234,1234,1234,0,1233,1233,0,1219,1219,0,0,1219,0,1212,1212,0,1212,1212,0,0,0,0,0,1205,0,0,0,1195,1195,1195,0,0,1192,0,0,0,0,0,0,0,0,0,0,1163,1163,0,0,0,0,0,0,0,1129,1129,0,0,0,0,0,0,0,1128
nautical-card-5-pack,26630732545,49,21,21,19,19,19,19,19,19,0,0,0,19,0,0,0,17,0,0,16,16,0,16,0,0,15,15,0,0,0,0,0,6,6,4,4,4,0,4,4,0,3,3,2,2,2,1,1,1,1,1,1,0,1,1,1,1,1,0,0,0,0,0,0,0,0,0,0,0,0,0,0,0,0,0,0,0,0,0,0,0,0,0,0,0,0,0,0,0,0,0,0,0,0,0,0,0,0,0
new-home-3d-pop-up-new-home-card,18582248513,15,0,0,0,0,0,0,0,0,0,0,0,0,0,0,0,0,0,0,0,0,0,0,0,0,0,0,0,0,0,0,0,0,0,0,0,0,0,0,0,0,0,0,0,0,0,0,0,0,0,0,21,0,0,20,0,0,20,0,0,0,0,0,0,0,0,0,0,0,0,0,0,0,11,11,11,9,9,9,9,9,9,0,176,176,0,0,0,0,118,118,0,0,0,0,0,NaN,0,0
new-year-tuxedo-bear-3d-pop-up-new-year-card,10508539969,13,1287,1287,1287,1287,1287,1287,1287,1287,0,1287,0,1287,0,1287,0,1287,1287,1287,1287,1287,0,1287,0,0,1287,1287,0,0,0,0,0,0,1286,0,1286,1286,1286,1286,1286,0,1286,1286,0,0,0,0,0,1286,1286,1286,1286,0,1286,1286,1286,1286,1286,0,1286,1286,1286,1286,1286,1286,1286,1286,0,0,1286,0,1286,1286,0,0,1286,0,0,0,0,1286,1286,0,0,0,0,0,0,0,0,0,0,0,0,1286,1286,1286,0,undefined
new-york-ball-drop-3d-pop-up-new-year-card,10507486017,10,2896,2896,2896,2896,2896,2896,2895,2895,0,2895,0,2895,0,0,0,2895,2895,2895,2895,2895,0,2895,0,2895,2895,2895,0,0,0,0,0,0,2894,0,2894,2894,2894,2894,2894,0,2893,2893,2893,2893,2893,0,0,2893,0,2893,2893,0,2893,2893,2893,2893,2893,0,0,0,0,0,0,2893,2893,2893,0,0,0,0,2893,2893,0,0,0,0,0,0,0,2892,2892,0,0,0,0,0,0,0,0,0,0,0,2892,2892,2892,2892,0,2892
new-york-city-3d-pop-up-shark-tank-card,10713992449,13,0,255,254,254,0,254,0,254,254,254,254,254,252,252,0,0,161,161,0,159,0,0,0,156,0,0,0,0,0,0,0,134,134,0,133,133,0,0,0,0,131,131,131,131,131,0,127,127,0,124,124,0,0,122,0,121,121,0,121,121,0,0,0,0,109,109,0,0,0,109,109,109,107,107,107,0,104,104,0,103,103,0,0,0,0,0,0,0,0,0,0,0,0,0,0,0,100,100
ninja-card,22637217025,13,33,33,0,29,28,28,0,23,0,21,21,21,17,17,11,11,0,0,0,0,0,0,0,0,0,0,0,0,0,0,147,147,147,106,106,106,105,105,105,93,93,93,0,85,85,0,0,0,81,81,81,75,75,75,73,73,73,67,67,67,65,65,65,63,63,63,60,60,60,0,0,0,0,304,304,0,0,0,0,0,0,0,0,0,0,277,277,0,0,0,0,0,0,0,0,0,NaN,NaN
oak-tree-3d-pop-up-card,26770736769,13,0,0,0,0,0,0,0,0,0,0,0,0,103,103,0,0,0,0,0,99,0,98,0,89,89,89,0,0,0,0,39,39,39,0,11,11,10,10,10,0,0,0,0,0,0,0,0,0,0,0,0,0,0,0,0,0,0,0,0,0,0,0,0,0,0,0,0,0,0,0,0,0,0,0,0,0,0,0,0,0,0,0,0,0,0,0,0,0,0,0,0,0,0,0,0,0,0,0
oculus-new-york-pop-up-card,30551811533,15,0,239,239,239,0,239,0,239,0,238,0,238,0,0,0,208,0,207,206,206,205,205,203,203,0,203,0,0,0,0,196,196,196,0,0,0,0,0,192,0,192,192,192,192,192,0,192,192,0,192,192,0,0,0,190,190,190,0,190,190,0,0,0,0,190,190,0,0,0,0,0,0,186,186,186,0,186,186,0,0,0,184,184,184,0,0,182,0,0,0,0,0,0,0,0,NaN,0,0
original-lovepop-pop-up-card,1095371809,10,0,0,0,0,0,0,0,0,0,0,0,0,0,0,0,0,0,0,0,0,0,0,0,0,0,0,0,0,0,0,0,0,0,0,0,0,0,0,0,0,0,0,0,0,427,0,0,0,0,415,415,0,0,0,0,0,0,0,0,0,0,0,0,0,406,406,0,0,0,0,376,376,0,367,367,0,0,0,0,356,356,0,0,0,355,355,355,0,0,0,0,0,0,0,334,334,NaN,NaN
ornament-pop-up-card,1095371577,10,0,1311,0,1311,0,1311,1311,1311,1311,1311,0,1311,0,0,1311,1311,0,0,0,0,0,1311,0,0,0,1310,0,0,0,0,0,1309,1309,0,1308,1308,1308,1308,1308,1284,1284,1284,0,0,0,0,1282,1282,0,0,1282,0,0,0,0,1281,1281,1281,1281,1281,0,0,1280,0,0,0,0,0,0,0,0,1280,0,0,0,1280,1280,1280,0,0,0,0,0,0,0,1280,1280,0,0,0,0,0,0,0,0,0,0,undefined
ornate-floral-bouquet-blue-pop-up-card,1095371765,13,2073,2073,0,2072,2072,2072,2070,2070,2069,2069,2069,2069,2058,2058,0,0,0,1979,0,0,1978,1978,1974,1974,0,0,0,0,0,0,1843,1843,1843,1827,1827,1827,1825,1825,1825,1810,1810,1810,0,1799,1799,1796,1796,1796,1788,1788,1788,1780,1780,1780,1779,1779,1779,0,0,0,1771,1771,1771,1771,1771,1771,1771,1771,1771,1765,1765,1765,0,1749,1749,0,1742,1742,0,0,0,0,0,0,0,0,0,1699,1699,1699,0,0,0,0,0,0,NaN,NaN
ornate-floral-bouquet-gold-blue-pop-up-card,6661343361,13,0,0,0,0,0,0,0,0,0,0,0,0,0,0,0,0,0,0,0,0,0,0,0,0,0,0,0,0,0,0,0,0,0,0,0,0,0,0,0,0,0,0,0,0,178,0,0,0,0,0,0,0,0,0,0,0,166,0,0,0,0,0,165,0,164,164,164,164,164,0,0,0,0,0,0,127,127,127,0,108,108,0,107,107,0,0,0,0,0,106,106,106,106,0,NaN,NaN,0,0
ornate-floral-bouquet-purple-pop-up-card,6661347905,13,0,0,0,0,0,0,0,0,0,0,0,0,0,0,0,0,0,0,0,0,0,0,0,0,111,111,0,0,0,0,604,604,604,0,564,564,563,563,563,0,0,559,0,0,551,0,548,548,0,546,546,0,544,544,0,543,543,540,540,540,0,0,0,0,0,533,0,0,0,0,0,0,0,0,0,0,0,0,0,0,0,0,0,0,0,499,499,0,0,0,491,491,491,0,0,0,0,undefined
otter-mom-pop-up-animal-card,17376096193,10,0,0,0,0,0,0,0,0,0,0,0,0,0,0,0,0,0,0,0,0,0,0,0,0,0,0,278,278,0,0,0,511,511,0,510,510,0,0,0,501,501,501,0,0,0,0,500,500,0,496,496,0,493,493,0,493,493,490,490,490,0,490,490,0,0,489,0,469,469,0,0,0,0,430,430,422,422,422,0,0,0,409,409,409,0,0,0,407,407,407,0,0,0,0,0,0,402,402
panda-bear-pop-up-card,22637038273,13,0,0,0,0,0,0,0,0,0,0,0,0,0,0,0,0,0,0,0,0,0,0,0,0,0,0,0,0,0,0,0,0,0,0,0,0,0,0,0,0,0,0,0,0,0,0,0,0,0,0,810,0,0,809,0,0,806,0,0,0,0,0,0,0,0,795,0,0,0,0,0,0,0,0,0,0,0,0,700,700,700,0,0,0,0,0,0,0,631,631,0,0,0,0,0,NaN,0,0
paris-love-scene-pop-up-card,30412574861,15,256,256,0,252,252,252,247,247,0,238,238,238,233,233,0,0,0,0,0,66,66,66,49,49,0,0,0,0,0,0,278,278,278,259,259,259,255,255,255,204,204,204,0,199,199,197,197,197,175,175,175,161,161,161,159,159,159,156,156,156,152,152,152,138,138,138,133,133,133,110,110,110,0,88,88,0,84,84,0,0,0,0,0,0,0,0,0,0,0,0,0,0,0,0,0,0,NaN,NaN
pastel-party-hat-3d-pop-up-birthday-card,10631215169,10,0,674,674,674,674,674,674,674,0,674,0,0,0,674,0,674,0,674,0,673,0,673,0,673,0,673,0,0,0,0,672,672,672,0,672,672,672,672,672,672,672,672,0,672,672,0,672,672,0,0,672,0,0,0,0,672,672,672,672,672,0,0,0,0,0,0,0,0,0,0,0,0,0,0,0,672,672,672,0,0,0,0,0,0,0,0,0,0,0,0,0,0,0,0,0,0,0,undefined
peace-sign-3d-pop-up-card,10364942145,10,202,202,201,201,201,201,201,201,0,201,0,201,0,200,0,200,200,200,199,199,0,0,0,0,195,195,0,0,0,0,0,0,0,0,183,183,0,0,0,0,180,180,0,0,0,0,0,177,177,177,177,0,175,175,0,0,0,0,175,175,0,0,0,172,172,172,0,0,164,0,160,160,0,0,159,0,0,0,0,159,159,0,0,0,0,0,0,0,155,155,0,0,0,154,154,154,0,undefined
peacock-birthday-card,21344950593,13,0,0,0,0,0,0,0,0,0,0,0,0,0,0,0,0,0,0,0,0,0,0,0,0,0,0,0,0,0,0,0,0,0,0,0,0,0,0,0,0,0,0,0,0,0,0,0,0,0,0,227,0,0,215,0,0,209,0,0,0,0,197,197,0,0,0,0,0,0,0,0,0,165,165,165,160,160,160,157,157,157,0,0,0,0,0,0,0,0,0,0,0,0,0,0,NaN,0,0
peas-in-a-pod-pop-up-card,30552195981,13,0,0,0,0,0,0,0,0,0,0,0,0,0,0,0,0,0,0,0,0,0,0,0,0,0,0,0,0,0,0,0,0,0,0,0,0,0,0,0,0,0,0,0,0,0,0,0,0,0,0,0,0,0,0,0,0,0,0,0,0,0,0,0,0,0,0,0,0,0,0,0,0,0,143,143,0,0,0,0,0,0,0,139,139,0,0,0,0,130,130,0,0,0,0,0,NaN,0,0
penguin-dad-kirgami-card,18482160321,10,151,151,0,147,147,147,0,0,137,137,136,136,0,54,0,48,48,48,43,43,42,42,0,313,0,309,0,0,0,0,0,490,490,485,485,485,482,482,482,464,464,464,0,458,458,452,452,452,450,450,450,440,440,440,440,440,440,433,433,433,430,430,430,421,421,421,418,418,418,395,395,395,0,341,341,0,330,330,0,0,0,0,0,0,0,0,0,0,0,0,0,0,0,0,0,0,NaN,NaN
pi-day-pie-3d-pop-up-card,16542272129,13,0,43,0,43,0,43,43,43,0,0,0,41,0,36,0,35,0,0,34,34,0,33,0,0,0,0,0,0,0,0,18,18,18,0,18,18,18,18,18,0,0,0,0,18,18,0,18,18,0,0,0,0,0,0,0,0,0,17,17,17,0,0,0,0,0,0,0,0,0,0,0,0,0,0,0,12,12,12,0,0,0,0,0,0,0,0,0,0,0,0,0,0,0,0,0,0,0,undefined
pirate-ship-3d-pop-up-birthday-card,4862966977,13,660,660,0,655,653,653,0,645,0,0,642,642,0,0,0,463,0,0,459,459,455,455,0,0,0,590,0,1421,0,1392,0,1158,1158,1146,1146,1146,0,1120,1120,1079,1079,1079,1074,1074,1074,1047,1047,1047,1032,1032,1032,1039,1039,1039,0,1034,1034,1027,1027,1027,0,1017,1017,0,0,0,1007,1007,1007,1842,1842,1842,0,0,0,0,0,0,0,0,0,1356,1356,1356,0,1338,1338,0,0,0,0,0,0,0,0,0,NaN,NaN
pop-up-basketball-birthday-card,10685411329,13,0,147,0,147,0,145,0,143,142,142,142,142,142,142,140,140,0,0,0,124,0,0,0,0,0,0,112,112,0,0,0,378,378,0,373,373,0,0,367,0,0,0,364,364,364,0,360,360,0,0,0,0,357,357,0,0,0,0,351,351,0,0,0,0,0,0,347,347,347,333,333,333,0,0,0,0,281,281,0,0,0,0,0,0,0,0,0,0,0,0,0,0,0,0,0,0,219,219
pop-up-bear-graduation-card,34276503437,13,967,967,0,964,963,963,0,946,939,939,935,935,0,781,0,773,0,0,0,0,662,662,0,0,0,623,0,0,0,0,0,528,528,522,522,522,0,511,511,487,487,487,478,478,478,461,461,461,454,454,454,444,444,444,0,440,440,439,439,439,0,432,432,0,0,0,429,429,429,419,419,419,0,399,399,0,391,391,0,0,0,0,0,0,0,0,0,368,368,368,0,0,0,361,361,361,NaN,NaN
pop-up-boxing-card,23488222081,13,374,374,374,374,374,374,374,374,0,372,0,371,0,370,0,367,367,367,366,366,0,0,0,0,0,0,0,0,0,0,0,0,331,331,331,331,0,0,0,0,0,0,323,323,323,0,0,321,321,321,321,0,0,0,0,0,0,0,0,0,318,318,318,0,0,0,0,0,313,0,305,305,0,0,0,0,0,0,0,0,0,0,0,0,294,294,294,0,0,0,0,0,0,289,289,289,0,undefined
pop-up-diwali-card,8130209921,13,0,2134,0,2134,0,2133,2132,2132,2132,2132,0,2132,0,2132,0,0,0,0,2130,2130,0,2130,0,0,0,0,0,0,0,0,0,2121,2121,0,2121,2121,2120,2120,2120,2117,2117,2117,0,2117,2117,0,2116,2116,0,0,0,0,2115,2115,0,2115,2115,0,0,0,0,0,2114,0,0,0,0,2113,2113,0,0,2109,0,0,0,2106,2106,2106,0,0,0,0,2102,2102,0,0,0,0,2098,2098,0,0,2096,0,0,0,0,undefined
pug-cake-smash-3d-pop-up-birthday-card,10672158017,10,0,0,0,0,0,0,0,0,0,0,0,0,0,0,0,0,0,0,0,0,0,0,0,0,0,0,0,0,0,0,0,0,0,0,0,0,0,0,113,112,112,112,111,111,111,392,392,392,388,388,388,361,361,361,0,346,346,341,341,341,0,327,327,0,0,0,318,318,318,285,285,285,0,179,179,0,160,160,0,0,0,0,0,0,0,49,49,0,0,0,0,0,0,3,3,3,NaN,NaN
puppy-bath-time-3d-card,17577391681,10,0,0,0,0,0,0,0,0,0,0,0,0,0,0,0,0,0,0,0,0,0,0,0,0,0,0,0,0,0,0,0,0,0,0,0,0,0,0,0,0,0,0,0,0,169,168,168,168,168,168,168,0,0,165,0,0,0,0,0,0,0,0,162,0,0,0,0,162,162,0,152,152,0,152,152,152,152,152,0,0,0,0,133,133,127,127,127,0,0,0,0,0,0,0,NaN,NaN,0,0
racing-runner-pop-up-card,17544925953,10,0,0,0,0,0,0,0,0,0,0,0,0,0,0,0,0,0,0,0,0,0,0,0,0,0,0,736,736,0,0,0,697,697,0,696,696,0,0,680,0,679,679,678,678,678,0,677,677,0,675,675,675,675,675,0,0,0,0,671,671,671,671,671,0,667,667,0,0,0,665,665,665,637,637,637,0,637,637,0,0,0,626,626,626,0,0,0,597,597,597,0,0,0,0,0,0,NaN,NaN
rainbow-bridge-card,30412383437,13,0,0,0,0,0,0,0,0,0,0,0,0,0,0,0,0,0,0,0,0,0,0,0,0,0,0,0,0,0,0,0,0,0,0,0,0,0,0,0,0,0,0,0,0,164,163,163,163,160,160,160,0,0,0,0,0,146,0,0,0,0,0,0,0,140,140,0,0,0,0,0,123,0,123,123,0,0,0,0,0,0,0,0,0,0,0,0,0,0,0,0,0,0,0,NaN,NaN,0,0
reindeer-with-presents-3d-pop-up-christmas-card,10492399361,13,0,897,896,896,0,896,896,896,0,895,0,895,0,894,0,894,0,894,0,0,0,893,0,892,0,0,0,0,0,0,890,890,890,0,890,890,0,890,890,0,888,888,0,881,881,0,881,881,0,0,879,879,879,879,0,0,879,0,878,878,0,878,878,0,878,878,0,878,878,0,878,878,0,0,0,0,878,878,0,0,0,0,0,0,0,0,0,0,0,0,0,0,0,0,0,NaN,0,0
release-the-kraken-pop-up-birthday-card,10728548993,13,139,139,0,138,138,138,0,136,132,132,132,132,0,120,0,0,115,115,111,111,109,109,0,95,0,87,0,364,0,0,0,193,193,189,189,189,0,186,186,174,174,174,169,169,169,157,157,157,148,148,148,140,140,140,0,137,137,134,134,134,0,133,133,0,0,0,121,121,121,0,0,0,0,55,55,0,0,0,0,0,0,24,24,24,0,0,0,0,0,0,0,261,261,0,0,NaN,0,0
republican-elephant-3d-pop-up-greeting-card,24305920513,10,0,361,361,361,0,361,361,361,0,360,0,0,0,360,0,360,0,0,0,359,0,359,0,359,0,359,0,0,359,359,358,358,358,358,358,358,0,358,358,0,358,358,0,358,358,0,358,358,0,0,401,0,0,0,0,0,0,0,401,401,0,0,0,0,400,400,0,0,0,0,0,0,400,400,400,0,0,0,0,0,0,0,0,0,0,0,398,0,0,0,0,0,0,0,NaN,NaN,0,0
robot-dad-3d-pop-up-fathers-day-card,18668688129,13,0,0,0,0,0,0,0,0,0,0,0,0,0,0,0,0,0,0,0,0,0,0,0,0,0,0,0,0,0,0,0,0,0,0,0,0,0,0,0,0,0,0,0,0,0,0,0,0,0,0,223,0,0,213,0,0,209,0,0,203,0,0,0,0,0,190,0,0,0,0,0,0,128,128,128,0,0,0,118,118,118,0,0,0,0,0,0,0,60,60,0,59,59,0,0,NaN,0,0
rocket-ship-3d-pop-up-fathers-day-card,18482776321,13,0,0,0,0,0,0,0,0,0,0,0,0,0,0,0,0,0,0,0,0,0,0,29,29,0,0,0,857,0,0,0,632,632,621,621,621,0,616,616,0,0,0,604,604,604,597,597,597,592,592,592,588,588,588,585,585,585,576,576,576,571,571,571,566,566,566,563,563,563,536,536,536,0,464,464,0,457,457,0,0,0,411,411,411,0,406,406,0,0,0,0,0,0,0,0,0,NaN,NaN
rose-bouquet-3d-pop-up-valentines-day-card,10684449089,13,1017,1017,0,1008,1008,1008,1005,1005,979,979,0,0,958,958,835,835,0,827,0,822,821,821,797,797,790,790,0,766,0,0,1445,1445,1445,1429,1429,1429,1425,1425,1425,1399,1399,1399,0,1382,1382,1373,1373,1373,1363,1363,1363,1345,1345,1345,0,0,0,1336,1336,1336,1333,1333,1333,1327,1327,1327,1325,1325,1325,1307,1307,1307,0,1239,1239,0,1223,1223,0,0,0,0,0,0,0,1172,1172,1147,1147,1147,0,0,0,0,0,0,1414,1414
royal-flush-pop-up-card,5461585665,13,0,0,0,0,0,0,0,0,0,0,0,0,0,0,0,0,0,0,0,0,0,0,0,0,0,0,0,0,0,0,0,0,0,0,0,0,0,0,0,0,0,0,0,0,0,0,0,0,0,0,0,0,0,0,0,0,0,0,0,0,0,0,0,0,0,0,0,0,0,0,214,214,214,214,214,213,213,213,212,212,212,0,0,0,0,0,0,0,0,0,0,203,203,0,0,NaN,0,0
saguaro-cactus-3d-pop-up-card,22534066177,13,0,0,0,0,0,0,0,0,0,0,0,0,0,0,0,0,0,0,0,0,0,0,0,0,0,0,0,0,0,0,0,0,0,0,0,0,0,0,0,0,0,0,0,0,0,0,0,0,0,0,0,0,0,0,0,0,0,0,0,0,0,0,0,0,0,0,0,0,0,0,0,0,0,0,0,0,0,0,0,0,0,0,0,0,0,0,0,121,121,121,121,121,121,0,0,0,NaN,NaN
sailboat-3d-pop-up-card,18668618497,13,0,0,0,0,0,0,0,0,0,0,0,0,0,0,0,0,0,0,0,0,0,0,397,397,0,0,655,655,0,0,540,540,540,463,463,463,0,459,459,437,437,437,433,433,433,421,421,421,0,0,0,393,393,393,0,0,0,379,379,379,0,372,372,0,0,0,0,0,0,0,0,0,0,197,197,0,184,184,184,184,184,0,0,0,0,0,0,118,118,118,0,0,0,0,0,0,92,92
santa-hammock-christmas-card,7244238401,13,0,395,0,392,0,392,392,392,391,391,0,391,0,390,390,390,0,0,389,389,0,389,0,0,0,0,0,0,0,0,0,383,383,0,0,376,0,376,376,0,373,373,0,372,372,0,371,371,0,0,0,0,370,370,0,370,370,370,370,370,0,0,0,0,0,0,0,369,369,0,369,369,0,0,0,0,0,0,0,361,361,0,361,361,0,360,360,0,357,357,0,0,0,0,0,0,0,357
santa-motorcycle-christmas-card,21799441409,13,0,21,20,20,0,0,0,20,0,0,0,20,19,19,0,0,0,18,18,18,18,18,18,18,0,0,0,0,0,0,15,15,15,0,14,14,0,14,14,0,12,12,11,11,11,0,0,0,0,11,11,11,11,11,0,0,0,0,9,9,8,8,8,0,7,7,0,0,0,7,7,7,7,7,7,0,6,6,0,6,6,0,0,0,0,0,187,186,186,186,0,0,0,0,0,0,184,184
santa-on-the-move-3-pack,26634449025,33,0,34,34,34,0,34,0,33,0,33,0,33,33,33,0,33,0,33,33,33,33,33,33,33,0,33,0,0,0,0,32,32,32,0,31,31,0,0,31,0,31,31,31,31,31,0,31,31,0,31,31,0,0,0,0,0,0,0,0,0,0,0,0,0,0,0,31,31,31,31,31,31,31,31,31,0,31,31,0,0,0,0,0,0,0,0,0,31,31,31,0,0,0,0,0,0,NaN,NaN
santa-sleigh-christmas-card,7244234689,13,0,3036,0,3036,0,3034,3033,3033,3033,3033,0,3033,0,3031,3031,3031,3026,3026,0,0,0,3022,0,0,0,3017,0,3010,0,0,0,2909,2909,0,0,2873,0,2873,2873,0,2872,2872,0,2864,2864,0,2854,2854,0,2851,2851,0,2851,2851,2851,2851,2851,0,0,2849,2849,2849,2849,2847,2847,2847,0,0,0,0,2844,2844,0,0,0,0,2843,2843,0,0,0,0,2842,2842,0,0,0,0,0,0,0,0,0,0,0,0,0,undefined
scaredy-cat-3d-pop-up-greeting-card,11122699905,10,0,204,0,203,0,202,0,201,201,201,0,0,200,200,199,199,0,194,0,194,0,0,0,0,188,188,0,0,0,0,0,178,178,0,0,0,178,178,178,0,174,174,174,174,174,0,0,0,0,172,172,0,0,0,0,171,171,170,170,170,0,169,169,0,0,168,0,0,0,0,0,161,0,0,0,0,158,158,0,0,0,156,156,156,0,0,0,153,153,153,0,150,150,0,0,0,NaN,NaN
shark-pop-up-card,10929755585,13,108,108,107,107,105,105,0,93,90,90,90,90,77,77,0,0,66,66,0,0,0,0,0,45,44,44,0,0,0,0,0,0,261,259,259,259,0,242,242,209,209,209,208,208,208,201,201,201,0,0,0,191,191,191,0,186,186,184,184,184,0,177,177,0,0,171,171,171,171,113,113,113,0,67,67,0,0,0,0,0,24,21,21,21,0,0,0,0,0,0,0,0,0,0,0,0,260,260
shark-tank-roberts-sports-car-3d-pop-up-birthday-card,10724571521,13,1005,1005,1001,1001,1001,1001,0,991,987,987,987,987,2700,2700,0,0,0,0,0,2639,0,2631,0,0,2594,2594,0,0,0,0,2439,2439,2439,0,2424,2424,2423,2423,2423,0,0,2398,0,0,2387,0,2377,2377,0,2372,2372,0,2361,2361,0,2356,2356,0,0,0,0,2337,2337,0,0,0,0,2315,2315,0,0,0,0,0,0,0,0,0,0,0,0,0,0,0,0,2052,2052,0,0,0,1992,1992,1992,0,0,0,NaN,NaN
shopping-time-orange,20739399553,10,0,0,0,0,0,0,0,0,0,0,0,0,0,0,0,0,0,0,0,0,0,0,0,0,0,0,0,0,0,0,0,0,0,0,0,0,0,0,0,0,0,0,0,0,0,0,0,0,0,0,0,0,0,0,0,0,0,0,0,0,0,0,0,0,0,0,0,0,0,0,0,0,0,0,0,0,0,0,0,0,0,0,0,0,0,0,0,187,187,187,0,0,0,0,186,186,NaN,NaN
slot-machine-pop-up-card,5461585729,10,0,280,280,280,280,280,280,280,0,278,0,278,0,0,0,266,0,265,0,0,0,265,0,265,0,265,0,0,265,265,258,258,258,0,258,258,258,258,258,257,257,257,0,256,256,0,256,256,0,0,256,256,256,256,0,256,256,256,256,256,0,0,0,0,255,255,0,255,255,0,0,245,0,0,244,0,0,0,0,0,0,0,244,244,0,0,244,0,0,0,0,0,0,0,0,0,0,244
small-coffee-cup-3d-pop-up-gift-card,10684806977,8,0,0,0,0,0,0,0,0,0,0,0,0,0,0,0,0,0,0,0,0,0,0,0,0,0,0,0,0,0,0,0,0,0,0,0,0,0,0,0,0,0,0,0,0,0,0,0,0,0,0,752,0,0,736,0,0,734,0,0,723,0,0,0,0,0,0,0,0,0,0,0,0,667,667,667,0,0,0,646,646,646,0,630,630,0,0,0,0,0,0,0,584,584,0,0,NaN,0,0
snake-3d-pop-up-birthday-card,18585141633,13,0,109,0,109,0,109,0,108,107,107,107,107,107,107,107,107,0,102,0,102,0,0,0,0,0,0,0,0,0,0,0,97,97,0,97,97,0,0,0,95,95,95,0,0,94,0,86,86,0,86,86,0,85,85,0,0,0,84,84,84,0,84,84,0,0,83,0,83,83,0,0,83,0,83,83,83,83,83,83,83,83,0,0,0,0,76,76,74,74,74,0,74,74,0,0,0,70,70
snowflake-tree-holiday-card,21869606273,13,0,231,0,230,0,228,228,228,228,228,0,228,0,0,0,0,0,0,228,228,0,0,0,227,226,226,0,0,0,0,0,221,221,0,0,221,221,221,221,0,221,221,0,218,218,0,0,0,0,216,216,0,214,214,214,214,214,0,0,0,0,0,0,0,0,0,0,0,195,0,188,188,0,0,0,0,188,188,0,0,0,185,185,185,0,0,0,0,181,181,0,0,0,0,0,0,0,undefined
snowman-christmas-card,21800557441,13,0,4628,0,4628,0,4627,4627,4627,4626,4626,0,4626,0,4626,0,0,4626,4626,4626,4626,0,0,0,0,0,4623,0,0,0,0,0,4552,4552,0,0,0,0,4524,4524,0,4522,4522,0,4522,4522,0,4522,4522,0,4521,4521,0,0,0,0,4520,4520,0,0,0,4520,4520,4520,4518,4518,4518,0,0,4517,0,4510,4510,0,0,0,0,0,0,0,0,0,0,4509,4509,0,4509,4509,0,4509,4509,0,0,0,0,0,0,0,4508
sparkling-snowflake-pop-up-card,1095371525,13,0,0,0,0,0,0,0,0,0,0,0,0,0,0,0,0,0,0,0,0,0,0,0,0,0,0,0,0,0,0,0,0,0,0,0,0,0,0,0,0,0,0,0,0,0,0,0,0,0,0,0,0,0,0,0,0,0,0,0,0,0,0,0,0,0,0,0,0,0,0,0,0,0,0,0,0,0,0,0,0,0,0,0,0,0,0,0,0,94,94,0,93,93,0,0,NaN,0,0
spooky-halloween,7244238785,13,0,79,79,79,0,0,0,79,0,0,0,79,79,79,79,79,0,77,0,0,75,75,75,75,0,75,0,0,0,0,69,69,69,0,32,32,0,32,32,0,30,30,30,30,30,23,23,23,0,23,23,0,0,0,0,0,0,0,20,20,19,19,19,0,18,18,0,0,0,17,17,17,9,9,9,0,0,0,0,6,6,0,0,0,0,0,0,0,0,0,0,0,0,0,0,0,0,0
springtime-picnic-3d-pop-up-greeting-card,17290392705,15,0,0,0,0,0,0,0,0,0,0,0,0,0,0,0,0,0,0,0,0,0,0,0,0,0,0,0,0,0,0,298,298,298,0,290,290,290,290,290,0,0,258,0,0,0,0,0,0,0,255,255,0,253,253,0,0,0,0,0,250,0,250,250,0,0,0,0,0,0,0,0,0,0,0,0,0,0,0,156,156,156,0,0,0,0,0,0,0,0,0,131,131,131,0,0,0,0,undefined
statue-of-liberty-3d-pop-up-card,29056442061,13,458,458,455,455,455,455,0,454,452,452,452,452,451,451,0,0,177,177,171,171,0,0,0,0,0,151,0,149,0,0,23,23,23,22,22,22,19,19,19,5,5,5,0,0,0,0,0,0,0,0,287,0,0,285,0,0,0,0,0,0,0,0,282,0,0,0,0,0,276,0,0,0,178,178,178,0,0,0,0,0,0,0,148,148,0,0,0,0,145,145,0,0,0,0,0,NaN,0,0
steamboat-3d-pop-up-greeting-card,10607692417,13,0,0,0,0,0,0,0,0,0,0,0,0,0,0,0,0,0,0,0,0,0,0,0,0,67,67,63,63,0,0,54,54,54,0,52,52,52,52,52,0,0,42,0,0,39,0,39,39,0,39,39,0,39,39,0,38,38,0,0,0,0,0,0,0,0,33,0,33,33,0,0,0,0,14,14,13,13,13,13,13,13,0,0,0,0,0,0,0,0,0,0,0,0,0,0,0,0,undefined
stork-blue-pop-up-card,1095372853,10,0,0,0,0,0,0,0,0,0,0,0,0,0,0,0,0,0,0,0,0,0,0,0,0,0,0,0,0,0,0,0,0,0,0,0,0,0,0,0,0,0,0,0,0,172,0,0,172,0,165,165,0,0,0,0,0,161,0,0,159,0,0,158,0,158,158,0,0,0,0,0,0,0,134,134,0,0,0,0,133,133,0,0,0,0,0,0,0,0,0,0,0,0,0,0,0,126,126
stork-pink-pop-up-card,6662291841,10,0,531,531,531,0,528,0,526,0,524,0,524,524,524,520,520,0,520,0,519,519,519,0,0,0,0,510,510,0,0,0,482,482,0,477,477,0,0,477,0,475,475,475,475,475,0,0,0,0,450,450,0,0,0,448,448,448,0,448,448,448,448,448,0,0,0,447,447,447,0,0,0,0,0,0,0,422,422,0,422,422,0,0,0,0,0,417,417,417,417,0,417,417,417,417,417,NaN,NaN
stork-yellow-pop-up-card,6662286273,10,0,0,0,0,0,0,0,0,0,0,0,0,0,0,0,0,0,0,0,0,0,0,0,0,0,0,0,0,0,0,0,0,0,0,0,0,0,0,0,0,0,0,0,0,361,0,0,0,0,360,360,0,0,0,0,0,0,0,0,0,0,0,360,0,0,0,0,0,0,0,0,0,0,340,340,332,332,332,0,0,0,0,316,316,310,310,310,0,0,0,308,308,308,0,300,300,NaN,NaN
super-mom-pop-up-mothers-day-card,21415885633,13,446,446,446,446,446,446,0,445,444,444,443,443,0,0,0,439,438,438,0,436,0,0,0,0,434,434,0,0,0,0,418,418,418,0,416,416,414,414,414,0,0,402,0,0,402,0,402,402,0,401,401,0,400,400,0,0,0,0,0,0,0,395,395,0,0,0,0,395,395,0,0,0,0,383,383,0,0,0,0,0,0,0,0,0,0,0,0,0,0,0,0,0,0,0,0,0,0,undefined
surfer-pop-up-card,3308268481,13,23,23,23,23,23,23,22,22,0,0,0,20,0,19,0,19,18,18,15,15,0,15,0,9,0,0,0,0,0,0,0,0,0,0,0,0,0,0,0,0,0,0,0,0,0,0,0,186,0,172,172,0,157,157,157,157,157,0,155,155,154,154,154,0,0,0,0,0,0,0,125,125,0,0,0,0,0,0,0,123,123,0,0,0,0,0,0,0,0,0,0,0,0,0,0,0,0,undefined
swans-3d-pop-up-love-card,10684719617,10,0,0,0,0,0,0,0,0,0,0,0,0,0,0,0,0,0,0,0,0,0,0,0,0,0,0,0,0,0,0,0,0,0,0,0,0,0,0,0,0,0,0,0,0,125,125,125,125,123,123,123,0,0,116,0,0,115,0,0,0,0,104,104,0,0,0,0,0,0,0,0,0,0,72,72,71,71,71,0,68,68,0,66,66,66,66,66,0,0,0,0,0,0,0,49,49,0,0
t-rex-dad-pop-up-dinosaur-card,18481611137,13,4,4,0,0,0,0,0,0,0,0,0,0,0,0,0,0,0,0,0,0,0,0,460,460,453,453,0,432,0,0,0,376,376,371,371,371,0,0,0,335,335,335,327,327,327,312,312,312,307,307,307,0,0,0,0,289,289,286,286,286,0,279,279,0,0,0,266,266,266,1092,1092,1092,0,932,932,0,0,0,0,0,877,0,0,0,0,854,854,0,0,0,1662,1662,1662,0,0,0,NaN,NaN
t-rex-dinosaur-christmas-card,21870388801,13,0,71,71,71,0,70,0,69,0,69,0,69,68,68,0,0,0,67,0,0,67,67,0,0,0,0,0,0,0,0,64,64,64,0,63,63,0,63,63,0,63,63,63,63,63,0,62,62,0,0,0,62,62,62,0,0,0,0,62,62,62,62,62,0,62,62,62,62,62,62,62,62,60,60,60,0,59,59,0,0,0,58,58,58,0,0,55,0,0,0,0,0,0,0,0,NaN,0,0
t-rex-pop-up-dinosaur-card,18581784385,13,0,0,0,0,0,0,0,0,0,0,0,0,0,0,0,0,0,0,0,0,0,0,0,0,0,0,0,0,0,0,0,0,0,0,0,0,0,0,0,124,124,124,0,0,0,0,0,0,0,686,686,0,0,673,0,0,0,0,0,671,0,0,0,0,669,669,669,669,669,0,0,0,0,624,624,613,613,613,0,577,577,0,0,0,569,569,569,0,0,0,0,0,0,0,NaN,NaN,0,0
taxi-3d-pop-up-card,23625256257,13,0,90,90,90,0,90,0,0,88,88,88,88,87,87,14,14,14,14,0,11,11,11,0,10,0,0,0,0,0,0,0,0,0,0,0,0,0,0,0,0,0,0,0,0,0,0,0,0,0,0,0,0,0,0,0,0,0,0,0,0,0,0,0,0,0,0,0,280,280,0,0,0,0,0,0,0,0,0,275,275,275,0,272,272,0,0,0,0,0,0,0,0,0,0,0,NaN,0,0
teachers-apple-pop-up-card,18669557185,13,0,0,0,0,0,0,0,0,0,0,0,0,0,0,0,0,0,0,0,0,0,0,0,0,0,0,0,0,0,0,406,406,406,405,405,405,0,402,402,0,0,0,0,0,0,0,383,383,0,378,378,0,0,368,0,368,368,0,0,364,0,364,364,0,0,0,0,350,350,0,0,0,0,0,317,0,0,0,315,315,315,0,0,0,0,0,0,0,0,0,0,0,0,0,297,297,0,undefined
thanksgiving-card,7244239361,10,0,173,0,173,0,173,173,173,0,0,0,173,0,173,173,173,173,173,172,172,0,172,171,171,0,0,0,0,0,0,168,168,168,0,0,0,168,168,168,168,168,168,0,168,168,0,0,0,0,0,168,0,168,168,0,168,168,167,167,167,0,0,0,0,0,0,0,0,0,0,0,167,0,0,0,167,167,167,0,167,167,0,0,0,0,159,159,0,0,0,0,0,0,0,0,0,0,159
the-beatles-abbey-road-pop-up-card,37702116685,15,1301,1301,0,1170,1157,1157,0,0,921,921,896,896,0,451,0,0,0,0,0,3,0,0,0,0,0,0,726,726,0,0,0,5042,5042,4918,4918,4918,0,4759,4759,4586,4586,4586,4464,4464,4464,6836,6836,6836,6718,6718,6718,9059,9059,9059,0,8954,8954,8831,8831,8831,0,8694,8694,0,0,8514,8508,8508,8508,11068,11068,11068,0,0,0,0,0,10448,0,0,0,10106,10106,10106,0,10009,10009,0,0,10385,10375,10375,10375,0,10777,10777,NaN,NaN
the-beatles-yellow-submarine-pop-up-card,37701283917,15,1225,1225,0,1197,1197,1197,0,1162,1146,1146,1140,1140,0,1464,0,1392,0,0,1195,1195,0,0,0,962,0,900,0,0,0,0,0,2421,2421,0,0,0,0,2307,2307,2244,2244,2244,2197,2197,2197,2090,2090,2090,2039,2039,2039,1919,1919,1919,0,1865,1865,1821,1821,1821,0,1780,1780,0,0,0,1710,1710,1710,0,0,0,0,2467,2467,0,0,2412,0,0,0,0,0,0,0,3695,3695,0,0,0,4676,4676,4676,0,4611,4611,4607,4607
the-reason-for-the-season-10-pack,28258568385,99,0,3,3,3,0,3,0,3,0,3,0,3,3,3,0,3,0,3,3,3,0,0,3,3,0,0,0,0,0,0,0,2,2,0,2,2,0,0,1,0,1,1,1,1,1,0,1,1,0,1,1,1,1,1,0,0,0,0,1,1,0,0,0,0,0,0,0,0,0,1,1,1,0,0,0,0,0,0,0,0,0,0,0,0,0,0,0,0,0,0,0,0,0,0,0,0,0,0
the-seasons-greetings-christmas-10-pack-1,28325783361,99,0,91,0,91,0,91,91,91,91,91,0,91,0,89,89,89,89,89,89,89,0,0,0,0,0,87,0,0,0,0,0,82,82,0,82,82,82,82,82,82,82,82,0,82,82,0,82,82,0,0,0,0,0,0,0,81,81,0,0,0,0,0,80,0,0,0,0,80,80,0,0,0,0,0,0,0,0,0,0,0,0,0,79,79,0,0,0,0,0,0,0,0,0,0,0,0,0,undefined
the-young-america-clipper-ship-pop-up-card,1095371557,13,190,190,0,188,0,0,0,0,183,183,182,182,0,176,0,174,174,174,0,0,0,0,0,162,0,161,0,0,0,0,0,365,365,363,363,363,363,363,363,350,350,350,0,345,345,0,0,0,339,339,339,337,337,337,334,334,334,330,330,330,329,329,329,324,324,324,0,0,0,301,301,301,0,275,275,0,0,0,0,0,0,0,0,0,0,199,199,0,0,0,0,0,0,0,0,0,NaN,NaN
thumbs-up,21411551553,13,0,0,0,0,0,0,0,0,0,0,0,0,0,0,0,0,0,0,0,0,0,0,0,0,0,0,0,0,0,0,0,0,0,0,0,0,0,0,0,0,0,0,0,0,0,406,406,406,398,398,398,0,0,386,0,0,386,0,0,0,0,384,384,0,381,381,0,0,379,0,0,376,0,375,375,374,374,374,0,362,362,0,0,0,355,355,355,0,0,0,0,0,0,0,348,348,0,0
train-3d-pop-up-birthday-card,18669645697,15,0,0,0,0,0,0,0,0,0,0,0,0,0,0,0,0,0,0,0,0,0,0,0,0,0,0,0,0,0,0,0,0,0,0,0,0,0,0,84,74,74,74,70,70,70,0,0,0,0,606,606,0,0,0,0,0,568,0,0,563,0,0,0,0,547,547,0,0,0,0,0,0,0,380,380,373,373,373,0,0,0,0,278,278,268,268,268,0,0,0,242,242,242,0,0,0,NaN,NaN
tropical-christmas-3-pack,27962949505,33,47,47,47,47,0,0,0,47,0,47,47,47,47,47,0,0,0,46,46,46,46,46,46,46,0,46,0,0,0,0,46,46,46,0,46,46,0,46,46,0,46,46,0,46,46,0,0,0,0,0,0,46,46,46,0,0,0,0,0,0,0,45,45,0,45,45,0,0,0,0,45,45,45,45,45,0,0,44,0,0,0,0,0,0,0,0,0,0,0,0,0,0,0,0,0,NaN,0,0
tulip-pop-up-card,32654102797,13,1121,1121,0,1119,1119,1119,1117,1117,1113,1113,1110,1110,1107,1107,1010,1010,0,1005,0,0,0,0,984,984,980,980,0,978,0,0,879,879,879,875,875,875,872,872,872,867,867,867,0,856,856,855,855,855,853,853,853,845,845,845,844,844,844,839,839,839,839,839,839,832,832,832,831,831,831,0,0,0,0,778,778,0,0,0,0,0,0,0,0,0,0,734,734,0,0,0,0,0,0,0,0,0,NaN,NaN
tulip-pop-up-gift-card,32652949069,10,361,361,360,360,360,360,0,360,360,360,359,359,0,0,0,335,335,335,0,334,0,334,0,325,325,325,0,0,0,0,272,272,272,264,264,264,0,257,257,0,251,251,250,250,250,248,248,248,247,247,247,0,246,246,246,246,246,0,246,246,246,246,246,0,0,0,0,531,531,0,0,0,488,488,488,0,0,450,450,450,450,0,0,0,426,426,426,0,0,0,0,0,0,0,0,0,0,421
turkey-3d-pop-up-thanksgiving-card,8078102209,10,0,295,0,294,0,293,293,293,0,0,0,293,0,0,293,293,292,292,287,287,0,287,284,284,0,283,0,0,0,0,221,221,221,0,173,173,173,173,173,171,171,171,0,170,170,0,169,169,0,0,168,0,0,0,0,167,167,0,0,0,0,0,165,163,163,163,0,163,163,0,0,0,0,0,142,142,142,142,0,142,142,0,115,115,0,0,0,0,115,115,0,0,0,0,0,0,0,undefined
turtle-3d-pop-up-love-card,10684760641,13,2348,2348,0,0,2346,2346,2345,2345,0,2337,2337,2337,2328,2328,2309,2309,0,2292,0,0,0,0,2278,2278,2275,2275,0,0,0,0,2228,2228,2228,2223,2223,2223,0,2221,2221,0,2212,2212,2212,2212,2212,2210,2210,2210,2209,2209,2209,0,2207,2207,2207,2207,2207,0,2201,2201,2200,2200,2200,2199,2199,2199,0,0,0,2193,2193,2193,2167,2167,2167,0,0,0,2160,2160,2160,0,0,0,0,0,0,0,0,0,0,0,0,0,0,0,0,undefined
unicorn-3d-pop-up-greeting-card,11970264897,13,516,516,0,511,510,510,0,0,499,499,498,498,0,0,293,293,270,270,261,261,255,255,0,213,0,208,0,0,0,0,0,2191,2191,2158,2158,2158,2157,2157,2157,2047,2047,2047,0,2025,2025,2017,2017,2017,1998,1998,1998,0,0,0,1971,1971,1971,1961,1961,1961,1952,1952,1952,1942,1942,1942,1939,1939,1939,1918,1918,1918,0,1876,1876,0,1657,1657,1650,1650,1650,0,0,0,0,0,0,0,0,0,1503,1503,1503,0,0,0,NaN,NaN
usa-bear,20632494401,13,128,128,126,126,126,126,124,124,0,122,0,121,0,121,0,121,0,0,0,0,0,119,0,0,0,0,0,0,0,0,0,99,99,98,98,98,0,96,96,0,0,94,94,94,94,0,0,94,94,94,94,0,0,0,94,94,94,0,0,0,91,91,91,0,0,0,0,0,89,0,0,0,0,0,0,0,0,0,0,0,0,0,0,0,0,0,0,0,0,0,0,0,0,0,0,0,0,undefined
uscg-eagle-military-card,18669934977,13,70,70,0,69,69,69,0,68,68,68,0,0,0,0,67,67,66,66,65,65,65,65,0,0,0,58,0,0,0,0,41,41,41,40,40,40,40,40,40,25,25,25,0,20,20,18,18,18,17,17,17,17,17,17,17,17,17,15,15,15,15,15,15,15,15,15,0,0,0,292,292,292,0,282,282,0,0,0,0,0,0,268,268,268,0,0,0,263,263,263,262,262,262,0,0,0,NaN,NaN
uss-constitution-pop-up-card,1095372825,13,143,143,0,0,139,139,134,134,129,129,129,129,1845,1845,1834,1834,0,0,1820,1820,0,0,0,1801,0,1795,0,0,0,0,1643,1643,1643,1637,1637,1637,1635,1635,1635,1602,1602,1602,0,1587,1587,1578,1578,1578,1569,1569,1569,1560,1560,1560,1558,1558,1558,1548,1548,1548,1545,1545,1545,1542,1542,1542,1536,1536,1536,1481,1481,1481,0,1443,1443,0,1427,1427,0,0,0,0,0,0,0,0,0,0,0,0,0,0,0,0,0,0,NaN,NaN
vampire-coffin-pop-up-card,7244233985,10,0,246,246,246,0,246,246,246,0,246,0,246,0,0,0,0,0,244,0,0,0,244,0,0,0,242,0,0,240,240,220,220,220,0,220,220,0,220,220,0,220,220,0,220,220,0,220,220,0,0,220,220,220,220,0,0,0,0,0,0,0,0,0,0,216,216,0,215,215,0,214,214,214,214,214,0,0,0,0,0,0,0,0,0,0,0,211,0,0,0,0,0,0,0,NaN,NaN,0,0
vibrant-party-hat-3d-pop-up-birthday-card,10632744513,10,0,548,548,548,548,548,548,548,0,548,0,548,0,548,0,548,0,0,0,548,0,0,0,548,0,0,0,0,0,0,547,547,547,0,544,544,544,544,544,544,544,544,0,544,544,0,544,544,0,0,0,0,0,0,0,544,544,544,544,544,0,0,544,0,544,544,0,544,544,0,0,544,0,0,537,537,537,537,0,0,0,0,0,0,0,537,537,0,0,0,0,0,0,0,0,0,0,undefined
viking-pop-up-card,30860166285,13,2119,2119,0,2117,2117,2117,0,0,2112,2112,2108,2108,0,0,0,0,2036,2036,2032,2032,2032,2032,0,0,0,2006,0,1992,0,0,0,1916,1916,1912,1912,1912,1912,1912,1912,1903,1903,1903,0,1888,1888,1885,1885,1885,1883,1883,1883,1881,1881,1881,1879,1879,1879,1878,1878,1878,1877,1877,1877,1866,1866,1866,1865,1865,1865,1852,1852,1852,0,1823,1823,0,0,0,0,0,0,1770,1770,1770,0,1755,1755,0,0,0,0,0,0,0,0,0,NaN,NaN
wedding-car-brides-wedding-card,22189992897,13,0,109,109,109,0,109,109,109,0,108,0,107,0,104,0,102,0,102,0,0,0,100,0,95,0,95,0,0,95,95,90,90,90,88,88,88,0,87,87,0,87,87,0,86,86,0,85,85,0,0,84,0,0,0,0,0,0,0,83,83,0,83,83,0,81,81,0,0,0,0,79,79,0,0,0,0,0,0,0,0,0,0,0,0,0,0,0,0,0,0,0,70,70,0,NaN,NaN,0,0
wedding-car-grooms-wedding-card,22189725697,13,0,0,0,0,0,0,0,0,0,0,0,0,0,0,0,0,0,0,0,0,0,0,0,0,0,0,82,82,0,0,81,81,81,81,81,81,0,81,81,0,80,80,0,80,80,0,0,0,0,0,122,122,122,122,0,0,0,0,122,122,0,121,121,0,120,120,0,120,120,0,120,120,120,120,120,0,113,113,0,0,0,0,0,0,0,0,0,0,0,0,0,0,0,0,NaN,NaN,0,0
wedding-car-wedding-card,22189080513,13,0,0,0,0,0,0,0,0,0,0,0,0,0,0,0,0,0,0,0,0,0,0,59,59,43,43,309,309,0,0,114,114,114,83,83,83,81,81,81,63,63,63,0,38,38,33,33,33,31,31,31,0,0,0,0,0,0,0,0,0,0,0,0,0,0,0,0,259,259,0,227,227,226,226,226,0,0,0,0,0,0,0,0,0,0,0,0,0,94,94,0,80,80,0,0,NaN,0,0
wedding-chapel-brides-wedding-card,21167323905,13,0,132,0,0,0,132,132,132,0,132,0,132,0,131,0,0,0,131,0,0,0,131,0,131,0,131,0,0,131,131,130,130,130,130,130,130,0,130,130,0,130,130,0,130,130,0,0,0,0,0,130,130,130,130,0,0,0,0,0,0,0,128,128,0,128,128,0,128,128,0,128,128,127,127,127,0,0,0,0,0,0,0,0,120,0,0,0,0,0,0,0,0,0,0,NaN,NaN,0,0
wedding-chapel-grooms-wedding-card,21167498177,13,0,88,88,88,0,88,88,88,0,88,0,88,0,88,0,88,0,0,0,87,0,87,0,87,0,0,0,0,87,87,84,84,84,84,84,84,0,84,84,0,83,83,0,83,83,0,82,82,0,0,119,119,119,119,0,118,118,0,118,118,0,118,118,0,117,117,0,117,117,0,116,116,0,0,0,0,0,0,0,0,0,0,0,0,0,0,0,0,109,109,0,0,0,0,NaN,NaN,0,0
wedding-chapel-wedding-card,21167243841,13,0,1,0,0,0,0,0,0,0,0,0,0,0,0,0,0,0,0,0,0,0,0,0,0,0,0,0,0,0,0,0,0,0,0,0,0,0,0,0,0,0,0,0,0,165,163,163,163,162,162,162,152,152,152,0,0,0,140,140,140,0,137,137,0,0,0,137,137,137,132,132,132,0,125,125,0,123,123,0,0,0,0,0,0,0,94,94,0,0,0,0,0,0,0,0,0,NaN,NaN
wedding-day-brides-pop-up-card,2668805953,10,0,0,0,0,0,0,0,0,0,0,0,0,0,0,0,0,0,0,0,0,0,0,0,0,0,0,117,117,0,0,117,117,117,0,0,116,116,116,116,0,115,115,0,115,115,0,0,115,0,115,115,0,115,115,115,115,115,0,0,0,114,114,114,0,0,0,0,0,399,0,399,399,0,0,397,0,397,397,0,396,396,0,0,0,0,0,0,0,0,0,0,0,0,0,0,0,0,undefined
wedding-day-grooms-pop-up-card,2668805633,10,0,61,61,61,61,61,61,61,0,61,0,0,0,61,0,61,61,61,0,0,0,0,0,0,0,0,0,0,0,0,49,49,49,0,0,49,49,49,49,0,0,0,0,48,48,0,0,48,0,336,336,0,334,334,334,334,334,0,334,334,332,332,332,329,329,329,0,0,0,0,0,0,0,0,0,0,326,326,0,0,0,313,313,313,0,0,0,0,310,310,0,0,0,310,310,310,0,undefined
wedding-day-pop-up-card,2668805249,10,0,218,216,216,0,210,0,204,198,198,196,196,174,174,159,159,0,0,0,137,0,0,0,110,108,108,0,0,0,0,0,920,920,0,0,0,900,900,900,0,883,883,0,869,869,0,0,851,0,850,850,0,842,842,841,841,841,0,0,0,0,0,0,819,819,819,0,0,807,0,672,672,0,0,0,0,0,0,0,586,586,0,0,0,567,567,567,0,0,0,0,0,0,0,0,0,0,undefined
whale-mother-pop-up-card,1194512853,10,0,0,0,0,0,0,0,0,0,0,0,0,0,0,0,0,0,0,0,0,0,0,0,0,0,0,0,0,0,0,0,0,0,0,0,0,0,0,0,0,0,0,269,269,269,0,0,269,0,269,269,0,0,0,0,0,268,0,0,267,0,0,267,0,0,0,0,0,0,0,246,246,0,246,246,245,245,245,0,243,243,0,0,0,0,0,0,0,0,0,237,237,237,0,237,237,0,0
whimsical-christmas-card-5-pack,26633365761,49,0,7,7,7,0,7,0,6,0,6,0,6,6,6,0,0,0,0,0,0,5,5,4,4,0,0,4,4,0,0,3,3,3,0,3,3,0,0,0,0,2,2,2,2,2,2,2,2,0,2,2,2,2,2,2,2,2,0,0,0,1,1,1,0,0,0,0,0,0,1,1,1,0,0,0,0,1,1,0,1,1,0,0,0,0,0,1,0,0,0,0,0,0,0,0,0,0,0
white-house-3d-pop-up-greeting-card,6026684161,13,0,99,0,98,0,98,0,98,98,98,98,98,97,97,97,97,0,96,0,93,0,0,0,0,0,0,0,0,0,0,0,86,86,0,86,86,86,86,86,85,85,85,0,0,0,0,0,0,0,0,0,0,0,0,0,0,0,0,0,0,0,0,0,0,0,0,0,0,0,0,0,0,0,0,0,0,0,0,0,0,0,0,0,0,0,0,0,0,0,0,0,0,0,0,0,0,0,0
willow-love-scene-pop-up-card,10607874753,15,2145,2145,0,2137,2137,2137,2122,2122,0,2098,2097,2097,2071,2071,1944,1944,0,1927,0,1909,1907,1907,1876,1876,0,0,0,0,0,0,1552,1552,1552,1529,1529,1529,0,1502,1502,0,1438,1438,1435,1435,1435,1414,1414,1414,1400,1400,1400,0,0,0,1378,1378,1378,0,1364,1364,1360,1360,1360,1349,1349,1349,0,1331,1331,0,0,0,0,0,0,0,0,0,0,0,0,0,0,0,1111,1111,1111,0,0,0,0,0,0,0,0,0,0,1034
willow-love-scene-same-sex-female-3d-card,30262107469,15,0,0,0,0,0,0,0,0,0,0,0,0,0,0,0,0,0,0,0,0,0,0,0,0,0,0,0,0,0,0,0,0,0,0,0,0,0,0,0,0,0,0,0,0,0,176,176,176,176,176,176,0,0,175,0,0,0,0,0,173,0,173,173,0,0,0,0,0,0,0,0,0,0,158,158,0,0,0,0,142,142,0,0,0,137,137,137,0,0,0,0,0,0,0,NaN,NaN,0,0
willow-love-scene-same-sex-male,30163812941,15,0,0,0,0,0,0,0,0,0,0,0,0,0,0,0,0,0,0,0,0,0,0,0,0,0,0,0,0,0,0,0,0,53,52,52,52,0,50,50,0,0,0,0,0,0,0,0,0,0,0,0,0,0,0,0,0,0,0,0,0,0,0,0,0,0,0,0,0,0,0,0,0,0,0,0,0,0,0,0,0,0,0,0,0,0,0,0,0,0,0,0,0,0,0,0,0,0,0
willow-tree-pop-up-card,2037715009,13,83,83,0,81,81,81,0,76,0,75,75,75,70,70,0,64,0,59,0,0,44,44,34,34,0,0,288,288,0,0,0,687,687,684,684,684,0,682,682,0,670,670,670,670,670,659,659,659,656,656,656,0,645,645,0,0,0,0,639,639,639,639,639,636,636,636,0,0,0,611,611,611,0,0,0,0,0,0,542,542,542,0,0,0,489,489,489,0,0,0,0,0,0,447,447,447,0,undefined
wine-glass-pop-up-card,2037821313,13,0,0,0,0,0,0,0,0,0,0,0,0,0,0,0,0,0,0,0,0,0,0,0,0,0,0,0,0,0,0,0,0,0,0,0,0,0,0,0,0,0,0,0,0,0,0,0,0,0,0,209,0,0,204,0,0,200,0,0,0,0,183,183,0,0,0,0,0,0,0,146,146,142,142,142,0,0,0,122,122,122,0,0,0,0,0,0,0,0,0,0,0,0,0,41,41,0,0
winter-cabin-snowman-pop-up-card,1095371825,10,0,723,0,721,0,720,720,720,0,0,0,719,0,719,0,0,718,718,716,716,0,716,0,0,0,0,0,0,0,0,0,711,711,0,711,711,711,711,711,709,709,709,0,708,708,0,708,708,0,0,0,0,707,707,0,707,707,707,707,707,0,0,707,0,0,0,0,707,707,0,0,0,0,0,0,706,706,706,0,0,0,0,706,706,0,0,0,0,0,0,0,0,0,0,0,0,0,undefined
wisemen-3-pack-christmas-pop-up-cards,10694141185,29,0,53,52,52,0,52,0,52,0,52,0,52,52,52,0,52,0,52,0,0,0,0,52,52,0,51,0,0,0,0,49,49,49,0,49,49,0,0,48,0,0,0,48,48,48,0,46,46,0,46,46,46,46,46,46,46,46,0,46,46,46,46,46,0,45,45,0,0,0,0,0,0,45,45,45,0,44,44,0,44,44,44,44,44,0,0,0,44,44,44,0,43,43,0,0,0,NaN,NaN
witchs-brew-pop-up-card,7244239553,10,0,0,121,121,0,121,121,121,0,121,0,120,0,0,0,119,0,119,0,119,0,119,0,0,0,0,0,0,112,112,106,106,106,0,105,105,0,105,105,0,103,103,0,103,103,0,103,103,0,0,103,103,103,103,0,0,0,0,101,101,0,99,99,0,98,98,0,98,98,0,96,96,95,95,95,0,0,0,0,0,0,0,0,0,0,0,0,0,0,0,0,85,85,0,NaN,NaN,0,0
wreath-holiday-photo-card,21870470785,13,0,5931,0,5931,0,5931,5931,5931,5931,5931,0,5931,0,5930,5930,5930,5930,5930,5930,5930,0,5930,5930,5930,0,0,0,0,0,0,0,5930,5930,0,5930,5930,5930,5930,5930,0,0,0,0,5929,5929,0,5929,5929,0,0,0,0,5962,5962,0,5962,5962,5962,5962,5962,0,0,5962,5962,5962,5962,0,5962,5962,0,0,0,0,0,0,5962,5962,5962,0,0,0,0,0,0,0,0,0,0,5962,5962,0,0,5962,0,0,0,0,5962
yellow-house-3d-housewarming-card,18577457025,13,0,0,0,0,0,0,0,0,0,0,0,0,0,0,0,0,0,0,0,0,0,0,0,0,0,0,0,0,0,0,0,0,0,0,0,0,0,0,0,0,0,0,0,0,174,174,174,174,173,173,173,0,0,160,0,0,159,0,0,0,0,0,0,0,0,0,0,0,0,0,0,0,0,141,141,139,139,139,0,125,125,0,124,124,0,0,0,0,0,0,0,0,0,0,NaN,NaN,0,0
